period,revenue,net_profit,interest_payable,ebitda,inn,name
2025,113183.0,3585.0,0.0,3585.0,5920011940,"ОБЩЕСТВО С ОГРАНИЧЕННОЙ ОТВЕТСТВЕННОСТЬЮ ""СТРОИТЕЛЬНОЕ УПРАВЛЕНИЕ № 4"""
2024,144539.0,1315.0,19.0,1334.0,5920011940,"ОБЩЕСТВО С ОГРАНИЧЕННОЙ ОТВЕТСТВЕННОСТЬЮ ""СТРОИТЕЛЬНОЕ УПРАВЛЕНИЕ № 4"""
2023,113658.0,494.0,179.0,673.0,5920011940,"ОБЩЕСТВО С ОГРАНИЧЕННОЙ ОТВЕТСТВЕННОСТЬЮ ""СТРОИТЕЛЬНОЕ УПРАВЛЕНИЕ № 4"""
2022,210307.0,6473.0,402.0,6875.0,5920011940,"ОБЩЕСТВО С ОГРАНИЧЕННОЙ ОТВЕТСТВЕННОСТЬЮ ""СТРОИТЕЛЬНОЕ УПРАВЛЕНИЕ № 4"""
2021,103534.0,-966.0,317.0,-649.0,5920011940,"ОБЩЕСТВО С ОГРАНИЧЕННОЙ ОТВЕТСТВЕННОСТЬЮ ""СТРОИТЕЛЬНОЕ УПРАВЛЕНИЕ № 4"""
2025,685420.0,6111.0,,6111.0,6168028800,"ОБЩЕСТВО С ОГРАНИЧЕННОЙ ОТВЕТСТВЕННОСТЬЮ ""ВИРА"""
2024,38797.0,2872.0,0.0,2872.0,6168028800,"ОБЩЕСТВО С ОГРАНИЧЕННОЙ ОТВЕТСТВЕННОСТЬЮ ""ВИРА"""
2023,44893.0,1812.0,154.0,1966.0,6168028800,"ОБЩЕСТВО С ОГРАНИЧЕННОЙ ОТВЕТСТВЕННОСТЬЮ ""ВИРА"""
2022,209651.0,31.0,1362.0,1393.0,6168028800,"ОБЩЕСТВО С ОГРАНИЧЕННОЙ ОТВЕТСТВЕННОСТЬЮ ""ВИРА"""
2021,1847915.0,4102.0,1722.0,5824.0,6168028800,"ОБЩЕСТВО С ОГРАНИЧЕННОЙ ОТВЕТСТВЕННОСТЬЮ ""ВИРА"""
2025,67969.0,546.0,0.0,546.0,5406982597,"ОБЩЕСТВО С ОГРАНИЧЕННОЙ ОТВЕТСТВЕННОСТЬЮ ""СТРОИТЕЛЬСТВО ПОДЗЕМНЫХ КОММУНИКАЦИЙ"""
2024,56958.0,1887.0,,1887.0,5406982597,"ОБЩЕСТВО С ОГРАНИЧЕННОЙ ОТВЕТСТВЕННОСТЬЮ ""СТРОИТЕЛЬСТВО ПОДЗЕМНЫХ КОММУНИКАЦИЙ"""
2023,27893.0,-5479.0,,-5479.0,5406982597,"ОБЩЕСТВО С ОГРАНИЧЕННОЙ ОТВЕТСТВЕННОСТЬЮ ""СТРОИТЕЛЬСТВО ПОДЗЕМНЫХ КОММУНИКАЦИЙ"""
2022,29070.0,-23573.0,,-23573.0,5406982597,"ОБЩЕСТВО С ОГРАНИЧЕННОЙ ОТВЕТСТВЕННОСТЬЮ ""СТРОИТЕЛЬСТВО ПОДЗЕМНЫХ КОММУНИКАЦИЙ"""
2021,61139.0,-1891.0,,-1891.0,5406982597,"ОБЩЕСТВО С ОГРАНИЧЕННОЙ ОТВЕТСТВЕННОСТЬЮ ""СТРОИТЕЛЬСТВО ПОДЗЕМНЫХ КОММУНИКАЦИЙ"""
2025,117124.0,17.0,0.0,17.0,3918011080,"ОБЩЕСТВО С ОГРАНИЧЕННОЙ ОТВЕТСТВЕННОСТЬЮ ""ЗЕЛЕНОГРАДСК-СЕЛЬСТРОЙ"""
2024,119562.0,41157.0,55.0,41212.0,3918011080,"ОБЩЕСТВО С ОГРАНИЧЕННОЙ ОТВЕТСТВЕННОСТЬЮ ""ЗЕЛЕНОГРАДСК-СЕЛЬСТРОЙ"""
2023,46587.0,62.0,,62.0,3918011080,"ОБЩЕСТВО С ОГРАНИЧЕННОЙ ОТВЕТСТВЕННОСТЬЮ ""ЗЕЛЕНОГРАДСК-СЕЛЬСТРОЙ"""
2022,30511.0,-262.0,,-262.0,3918011080,"ОБЩЕСТВО С ОГРАНИЧЕННОЙ ОТВЕТСТВЕННОСТЬЮ ""ЗЕЛЕНОГРАДСК-СЕЛЬСТРОЙ"""
2021,35206.0,3513.0,,3513.0,3918011080,"ОБЩЕСТВО С ОГРАНИЧЕННОЙ ОТВЕТСТВЕННОСТЬЮ ""ЗЕЛЕНОГРАДСК-СЕЛЬСТРОЙ"""
2025,384750.0,2778.0,,2778.0,6673244971,"ОБЩЕСТВО С ОГРАНИЧЕННОЙ ОТВЕТСТВЕННОСТЬЮ ""СТРОИТЕЛЬНЫЕ ТЕХНОЛОГИИ"""
2024,286079.0,1825.0,,1825.0,6673244971,"ОБЩЕСТВО С ОГРАНИЧЕННОЙ ОТВЕТСТВЕННОСТЬЮ ""СТРОИТЕЛЬНЫЕ ТЕХНОЛОГИИ"""
2023,439229.0,5733.0,,5733.0,6673244971,"ОБЩЕСТВО С ОГРАНИЧЕННОЙ ОТВЕТСТВЕННОСТЬЮ ""СТРОИТЕЛЬНЫЕ ТЕХНОЛОГИИ"""
2022,623558.0,10920.0,,10920.0,6673244971,"ОБЩЕСТВО С ОГРАНИЧЕННОЙ ОТВЕТСТВЕННОСТЬЮ ""СТРОИТЕЛЬНЫЕ ТЕХНОЛОГИИ"""
2021,345340.0,354.0,,354.0,6673244971,"ОБЩЕСТВО С ОГРАНИЧЕННОЙ ОТВЕТСТВЕННОСТЬЮ ""СТРОИТЕЛЬНЫЕ ТЕХНОЛОГИИ"""
2025,2943.0,-5598.0,0.0,-5598.0,7842509070,"ОБЩЕСТВО С ОГРАНИЧЕННОЙ ОТВЕТСТВЕННОСТЬЮ ""РЕСУРС"""
2024,122432.0,-1425.0,,-1425.0,7842509070,"ОБЩЕСТВО С ОГРАНИЧЕННОЙ ОТВЕТСТВЕННОСТЬЮ ""РЕСУРС"""
2023,82741.0,722.0,0.0,722.0,7842509070,"ОБЩЕСТВО С ОГРАНИЧЕННОЙ ОТВЕТСТВЕННОСТЬЮ ""РЕСУРС"""
2022,35775.0,181.0,50.0,231.0,7842509070,"ОБЩЕСТВО С ОГРАНИЧЕННОЙ ОТВЕТСТВЕННОСТЬЮ ""РЕСУРС"""
2021,45774.0,41.0,,41.0,7842509070,"ОБЩЕСТВО С ОГРАНИЧЕННОЙ ОТВЕТСТВЕННОСТЬЮ ""РЕСУРС"""
2025,2305113.0,22964.0,38987.0,61951.0,2724075519,"ЗАКРЫТОЕ АКЦИОНЕРНОЕ ОБЩЕСТВО ""ФОРПОСТ"""
2024,2220801.0,124211.0,43351.0,167562.0,2724075519,"ЗАКРЫТОЕ АКЦИОНЕРНОЕ ОБЩЕСТВО ""ФОРПОСТ"""
2023,369879.0,1453.0,65611.0,67064.0,2724075519,"ЗАКРЫТОЕ АКЦИОНЕРНОЕ ОБЩЕСТВО ""ФОРПОСТ"""
2022,701531.0,5394.0,47607.0,53001.0,2724075519,"ЗАКРЫТОЕ АКЦИОНЕРНОЕ ОБЩЕСТВО ""ФОРПОСТ"""
2021,451718.0,-89541.0,16685.0,-72856.0,2724075519,"ЗАКРЫТОЕ АКЦИОНЕРНОЕ ОБЩЕСТВО ""ФОРПОСТ"""
2025,3525.0,982.0,27710.0,28692.0,7814485325,"ОБЩЕСТВО С ОГРАНИЧЕННОЙ ОТВЕТСТВЕННОСТЬЮ ""ЛОТ2"""
2024,3857.0,88.0,0.0,88.0,7814485325,"ОБЩЕСТВО С ОГРАНИЧЕННОЙ ОТВЕТСТВЕННОСТЬЮ ""ЛОТ2"""
2023,109317.0,3078.0,12491.0,15569.0,7814485325,"ОБЩЕСТВО С ОГРАНИЧЕННОЙ ОТВЕТСТВЕННОСТЬЮ ""ЛОТ2"""
2022,292459.0,11814.0,175.0,11989.0,7814485325,"ОБЩЕСТВО С ОГРАНИЧЕННОЙ ОТВЕТСТВЕННОСТЬЮ ""ЛОТ2"""
2021,317676.0,23735.0,556.0,24291.0,7814485325,"ОБЩЕСТВО С ОГРАНИЧЕННОЙ ОТВЕТСТВЕННОСТЬЮ ""ЛОТ2"""
2025,91920.0,48256.0,1706.0,49962.0,6102062670,"ОБЩЕСТВО С ОГРАНИЧЕННОЙ ОТВЕТСТВЕННОСТЬЮ СПЕЦИАЛИЗИРОВАННЫЙ ЗАСТРОЙЩИК ""АВА"""
2024,0.0,-8181.0,6996.0,-1185.0,6102062670,"ОБЩЕСТВО С ОГРАНИЧЕННОЙ ОТВЕТСТВЕННОСТЬЮ СПЕЦИАЛИЗИРОВАННЫЙ ЗАСТРОЙЩИК ""АВА"""
2023,32773.0,-12995.0,12939.0,-56.0,6102062670,"ОБЩЕСТВО С ОГРАНИЧЕННОЙ ОТВЕТСТВЕННОСТЬЮ СПЕЦИАЛИЗИРОВАННЫЙ ЗАСТРОЙЩИК ""АВА"""
2022,6121.0,72687.0,1181.0,73868.0,6102062670,"ОБЩЕСТВО С ОГРАНИЧЕННОЙ ОТВЕТСТВЕННОСТЬЮ СПЕЦИАЛИЗИРОВАННЫЙ ЗАСТРОЙЩИК ""АВА"""
2021,12049.0,69561.0,390.0,69951.0,6102062670,"ОБЩЕСТВО С ОГРАНИЧЕННОЙ ОТВЕТСТВЕННОСТЬЮ СПЕЦИАЛИЗИРОВАННЫЙ ЗАСТРОЙЩИК ""АВА"""
2025,2699.0,-1769.0,,-1769.0,2108002261,"АКЦИОНЕРНОЕ ОБЩЕСТВО ""МЕЖХОЗЯЙСТВЕННАЯ СТРОИТЕЛЬНАЯ ОРГАНИЗАЦИЯ ""КОМСОМОЛЬСКАЯ"""
2024,3851.0,-156.0,,-156.0,2108002261,"АКЦИОНЕРНОЕ ОБЩЕСТВО ""МЕЖХОЗЯЙСТВЕННАЯ СТРОИТЕЛЬНАЯ ОРГАНИЗАЦИЯ ""КОМСОМОЛЬСКАЯ"""
2023,24395.0,-3702.0,,-3702.0,2108002261,"АКЦИОНЕРНОЕ ОБЩЕСТВО ""МЕЖХОЗЯЙСТВЕННАЯ СТРОИТЕЛЬНАЯ ОРГАНИЗАЦИЯ ""КОМСОМОЛЬСКАЯ"""
2022,,-5.0,,-5.0,2108002261,"АКЦИОНЕРНОЕ ОБЩЕСТВО ""МЕЖХОЗЯЙСТВЕННАЯ СТРОИТЕЛЬНАЯ ОРГАНИЗАЦИЯ ""КОМСОМОЛЬСКАЯ"""
2021,0.0,18.0,,18.0,2108002261,"АКЦИОНЕРНОЕ ОБЩЕСТВО ""МЕЖХОЗЯЙСТВЕННАЯ СТРОИТЕЛЬНАЯ ОРГАНИЗАЦИЯ ""КОМСОМОЛЬСКАЯ"""
2025,134713.0,7391.0,,7391.0,7728434768,"ОБЩЕСТВО С ОГРАНИЧЕННОЙ ОТВЕТСТВЕННОСТЬЮ ""ПРОМЫШЛЕННО-СТРОИТЕЛЬНАЯ КОМПАНИЯ ""МОНОЛИТ"""
2024,61421.0,54.0,,54.0,7728434768,"ОБЩЕСТВО С ОГРАНИЧЕННОЙ ОТВЕТСТВЕННОСТЬЮ ""ПРОМЫШЛЕННО-СТРОИТЕЛЬНАЯ КОМПАНИЯ ""МОНОЛИТ"""
2022,144185.0,25564.0,,25564.0,7728434768,"ОБЩЕСТВО С ОГРАНИЧЕННОЙ ОТВЕТСТВЕННОСТЬЮ ""ПРОМЫШЛЕННО-СТРОИТЕЛЬНАЯ КОМПАНИЯ ""МОНОЛИТ"""
2021,203673.0,59520.0,,59520.0,7728434768,"ОБЩЕСТВО С ОГРАНИЧЕННОЙ ОТВЕТСТВЕННОСТЬЮ ""ПРОМЫШЛЕННО-СТРОИТЕЛЬНАЯ КОМПАНИЯ ""МОНОЛИТ"""
2025,,-30541.0,0.0,-30541.0,0266027709,"ОБЩЕСТВО С ОГРАНИЧЕННОЙ ОТВЕТСТВЕННОСТЬЮ ""НОВАЯ УРАЛЬСКАЯ КОМПАНИЯ"""
2024,0.0,-13684.0,469.0,-13215.0,0266027709,"ОБЩЕСТВО С ОГРАНИЧЕННОЙ ОТВЕТСТВЕННОСТЬЮ ""НОВАЯ УРАЛЬСКАЯ КОМПАНИЯ"""
2023,831304.0,-5614.0,761.0,-4853.0,0266027709,"ОБЩЕСТВО С ОГРАНИЧЕННОЙ ОТВЕТСТВЕННОСТЬЮ ""НОВАЯ УРАЛЬСКАЯ КОМПАНИЯ"""
2022,1245412.0,18488.0,223.0,18711.0,0266027709,"ОБЩЕСТВО С ОГРАНИЧЕННОЙ ОТВЕТСТВЕННОСТЬЮ ""НОВАЯ УРАЛЬСКАЯ КОМПАНИЯ"""
2021,3564400.0,14870.0,4822.0,19692.0,0266027709,"ОБЩЕСТВО С ОГРАНИЧЕННОЙ ОТВЕТСТВЕННОСТЬЮ ""НОВАЯ УРАЛЬСКАЯ КОМПАНИЯ"""
2025,,,,,7802722839,"ОБЩЕСТВО С ОГРАНИЧЕННОЙ ОТВЕТСТВЕННОСТЬЮ ""СПОРТФЬЮЧЕР"""
2024,0.0,0.0,0.0,0.0,7802722839,"ОБЩЕСТВО С ОГРАНИЧЕННОЙ ОТВЕТСТВЕННОСТЬЮ ""СПОРТФЬЮЧЕР"""
2023,59181.0,-7445.0,2640.0,-4805.0,7802722839,"ОБЩЕСТВО С ОГРАНИЧЕННОЙ ОТВЕТСТВЕННОСТЬЮ ""СПОРТФЬЮЧЕР"""
2022,153689.0,1235.0,1632.0,2867.0,7802722839,"ОБЩЕСТВО С ОГРАНИЧЕННОЙ ОТВЕТСТВЕННОСТЬЮ ""СПОРТФЬЮЧЕР"""
2021,109907.0,1143.0,435.0,1578.0,7802722839,"ОБЩЕСТВО С ОГРАНИЧЕННОЙ ОТВЕТСТВЕННОСТЬЮ ""СПОРТФЬЮЧЕР"""
2025,861329.0,1441.0,9016.0,10457.0,6670390653,"ОБЩЕСТВО С ОГРАНИЧЕННОЙ ОТВЕТСТВЕННОСТЬЮ ""КОНТУР 2012"""
2024,1474497.0,3343.0,550.0,3893.0,6670390653,"ОБЩЕСТВО С ОГРАНИЧЕННОЙ ОТВЕТСТВЕННОСТЬЮ ""КОНТУР 2012"""
2023,1461430.0,7201.0,0.0,7201.0,6670390653,"ОБЩЕСТВО С ОГРАНИЧЕННОЙ ОТВЕТСТВЕННОСТЬЮ ""КОНТУР 2012"""
2022,1377464.0,6532.0,119.0,6651.0,6670390653,"ОБЩЕСТВО С ОГРАНИЧЕННОЙ ОТВЕТСТВЕННОСТЬЮ ""КОНТУР 2012"""
2021,1550465.0,8475.0,774.0,9249.0,6670390653,"ОБЩЕСТВО С ОГРАНИЧЕННОЙ ОТВЕТСТВЕННОСТЬЮ ""КОНТУР 2012"""
2025,5475685.0,67205.0,83795.0,151000.0,4027136246,"ОБЩЕСТВО С ОГРАНИЧЕННОЙ ОТВЕТСТВЕННОСТЬЮ ""СТРОИТЕЛЬНЫЙ АЛЬЯНС"""
2024,4057067.0,106545.0,99166.0,205711.0,4027136246,"ОБЩЕСТВО С ОГРАНИЧЕННОЙ ОТВЕТСТВЕННОСТЬЮ ""СТРОИТЕЛЬНЫЙ АЛЬЯНС"""
2023,1263663.0,62555.0,24888.0,87443.0,4027136246,"ОБЩЕСТВО С ОГРАНИЧЕННОЙ ОТВЕТСТВЕННОСТЬЮ ""СТРОИТЕЛЬНЫЙ АЛЬЯНС"""
2022,864140.0,30286.0,9653.0,39939.0,4027136246,"ОБЩЕСТВО С ОГРАНИЧЕННОЙ ОТВЕТСТВЕННОСТЬЮ ""СТРОИТЕЛЬНЫЙ АЛЬЯНС"""
2021,405427.0,12766.0,4377.0,17143.0,4027136246,"ОБЩЕСТВО С ОГРАНИЧЕННОЙ ОТВЕТСТВЕННОСТЬЮ ""СТРОИТЕЛЬНЫЙ АЛЬЯНС"""
2025,0.0,-379.0,,-379.0,7453302475,"ОБЩЕСТВО С ОГРАНИЧЕННОЙ ОТВЕТСТВЕННОСТЬЮ СТРОИТЕЛЬНАЯ КОМПАНИЯ ""СИСТЕМА"""
2024,,-648.0,,-648.0,7453302475,"ОБЩЕСТВО С ОГРАНИЧЕННОЙ ОТВЕТСТВЕННОСТЬЮ СТРОИТЕЛЬНАЯ КОМПАНИЯ ""СИСТЕМА"""
2023,,-2259.0,0.0,-2259.0,7453302475,"ОБЩЕСТВО С ОГРАНИЧЕННОЙ ОТВЕТСТВЕННОСТЬЮ СТРОИТЕЛЬНАЯ КОМПАНИЯ ""СИСТЕМА"""
2022,0.0,-6915.0,1418.0,-5497.0,7453302475,"ОБЩЕСТВО С ОГРАНИЧЕННОЙ ОТВЕТСТВЕННОСТЬЮ СТРОИТЕЛЬНАЯ КОМПАНИЯ ""СИСТЕМА"""
2021,17247.0,-38925.0,1112.0,-37813.0,7453302475,"ОБЩЕСТВО С ОГРАНИЧЕННОЙ ОТВЕТСТВЕННОСТЬЮ СТРОИТЕЛЬНАЯ КОМПАНИЯ ""СИСТЕМА"""
2025,233647.0,-29570.0,19767.0,-9803.0,4633004190,"АКЦИОНЕРНОЕ ОБЩЕСТВО ""СПЕЦИАЛИЗИРОВАННЫЙ ЗАСТРОЙЩИК ЗАВОД ЖБИ-3"""
2024,328515.0,787.0,12810.0,13597.0,4633004190,"АКЦИОНЕРНОЕ ОБЩЕСТВО ""СПЕЦИАЛИЗИРОВАННЫЙ ЗАСТРОЙЩИК ЗАВОД ЖБИ-3"""
2023,365619.0,438.0,3545.0,3983.0,4633004190,"АКЦИОНЕРНОЕ ОБЩЕСТВО ""СПЕЦИАЛИЗИРОВАННЫЙ ЗАСТРОЙЩИК ЗАВОД ЖБИ-3"""
2022,302309.0,1553.0,0.0,1553.0,4633004190,"АКЦИОНЕРНОЕ ОБЩЕСТВО ""СПЕЦИАЛИЗИРОВАННЫЙ ЗАСТРОЙЩИК ЗАВОД ЖБИ-3"""
2021,463927.0,12372.0,391.0,12763.0,4633004190,"АКЦИОНЕРНОЕ ОБЩЕСТВО ""СПЕЦИАЛИЗИРОВАННЫЙ ЗАСТРОЙЩИК ЗАВОД ЖБИ-3"""
2025,654.0,10319.0,0.0,10319.0,5408240992,"ОБЩЕСТВО С ОГРАНИЧЕННОЙ ОТВЕТСТВЕННОСТЬЮ ""АВС-М"""
2024,738.0,17187.0,457.0,17644.0,5408240992,"ОБЩЕСТВО С ОГРАНИЧЕННОЙ ОТВЕТСТВЕННОСТЬЮ ""АВС-М"""
2023,49286.0,1513.0,455.0,1968.0,5408240992,"ОБЩЕСТВО С ОГРАНИЧЕННОЙ ОТВЕТСТВЕННОСТЬЮ ""АВС-М"""
2022,190667.0,13439.0,6044.0,19483.0,5408240992,"ОБЩЕСТВО С ОГРАНИЧЕННОЙ ОТВЕТСТВЕННОСТЬЮ ""АВС-М"""
2021,3502.0,169.0,3632.0,3801.0,5408240992,"ОБЩЕСТВО С ОГРАНИЧЕННОЙ ОТВЕТСТВЕННОСТЬЮ ""АВС-М"""
2025,64505.0,0.0,,0.0,1701039720,"ОБЩЕСТВО С ОГРАНИЧЕННОЙ ОТВЕТСТВЕННОСТЬЮ ""ЮНОСТЬ"""
2024,362616.0,1.0,,1.0,1701039720,"ОБЩЕСТВО С ОГРАНИЧЕННОЙ ОТВЕТСТВЕННОСТЬЮ ""ЮНОСТЬ"""
2023,280700.0,15314.0,,15314.0,1701039720,"ОБЩЕСТВО С ОГРАНИЧЕННОЙ ОТВЕТСТВЕННОСТЬЮ ""ЮНОСТЬ"""
2022,122172.0,11899.0,,11899.0,1701039720,"ОБЩЕСТВО С ОГРАНИЧЕННОЙ ОТВЕТСТВЕННОСТЬЮ ""ЮНОСТЬ"""
2021,74921.0,1084.0,,1084.0,1701039720,"ОБЩЕСТВО С ОГРАНИЧЕННОЙ ОТВЕТСТВЕННОСТЬЮ ""ЮНОСТЬ"""
2025,342674.0,21904.0,2125.0,24029.0,0266028614,"ОБЩЕСТВО С ОГРАНИЧЕННОЙ ОТВЕТСТВЕННОСТЬЮ ""САЛАВАТПОЛИМИКС"""
2024,377080.0,6352.0,815.0,7167.0,0266028614,"ОБЩЕСТВО С ОГРАНИЧЕННОЙ ОТВЕТСТВЕННОСТЬЮ ""САЛАВАТПОЛИМИКС"""
2023,365158.0,2190.0,897.0,3087.0,0266028614,"ОБЩЕСТВО С ОГРАНИЧЕННОЙ ОТВЕТСТВЕННОСТЬЮ ""САЛАВАТПОЛИМИКС"""
2022,417011.0,9285.0,393.0,9678.0,0266028614,"ОБЩЕСТВО С ОГРАНИЧЕННОЙ ОТВЕТСТВЕННОСТЬЮ ""САЛАВАТПОЛИМИКС"""
2021,185352.0,9651.0,390.0,10041.0,0266028614,"ОБЩЕСТВО С ОГРАНИЧЕННОЙ ОТВЕТСТВЕННОСТЬЮ ""САЛАВАТПОЛИМИКС"""
2025,434289.0,33822.0,9693.0,43515.0,6164320770,"ОБЩЕСТВО С ОГРАНИЧЕННОЙ ОТВЕТСТВЕННОСТЬЮ ""АКВАПРОМСТРОЙ"""
2024,249650.0,14294.0,9252.0,23546.0,6164320770,"ОБЩЕСТВО С ОГРАНИЧЕННОЙ ОТВЕТСТВЕННОСТЬЮ ""АКВАПРОМСТРОЙ"""
2023,302270.0,2550.0,7767.0,10317.0,6164320770,"ОБЩЕСТВО С ОГРАНИЧЕННОЙ ОТВЕТСТВЕННОСТЬЮ ""АКВАПРОМСТРОЙ"""
2022,150574.0,1677.0,2994.0,4671.0,6164320770,"ОБЩЕСТВО С ОГРАНИЧЕННОЙ ОТВЕТСТВЕННОСТЬЮ ""АКВАПРОМСТРОЙ"""
2021,148151.0,2583.0,6993.0,9576.0,6164320770,"ОБЩЕСТВО С ОГРАНИЧЕННОЙ ОТВЕТСТВЕННОСТЬЮ ""АКВАПРОМСТРОЙ"""
2025,115852.0,-961.0,,-961.0,7728192558,"ОБЩЕСТВО С ОГРАНИЧЕННОЙ ОТВЕТСТВЕННОСТЬЮ ""ЭТРИКА"""
2024,133171.0,11004.0,,11004.0,7728192558,"ОБЩЕСТВО С ОГРАНИЧЕННОЙ ОТВЕТСТВЕННОСТЬЮ ""ЭТРИКА"""
2023,101559.0,3713.0,,3713.0,7728192558,"ОБЩЕСТВО С ОГРАНИЧЕННОЙ ОТВЕТСТВЕННОСТЬЮ ""ЭТРИКА"""
2022,69111.0,-358.0,,-358.0,7728192558,"ОБЩЕСТВО С ОГРАНИЧЕННОЙ ОТВЕТСТВЕННОСТЬЮ ""ЭТРИКА"""
2021,85318.0,3092.0,,3092.0,7728192558,"ОБЩЕСТВО С ОГРАНИЧЕННОЙ ОТВЕТСТВЕННОСТЬЮ ""ЭТРИКА"""
2025,4757.0,3265.0,,3265.0,2129057159,"ОБЩЕСТВО С ОГРАНИЧЕННОЙ ОТВЕТСТВЕННОСТЬЮ ""ЧЕСТРСТРОЙ-2"""
2024,157341.0,18345.0,0.0,18345.0,2129057159,"ОБЩЕСТВО С ОГРАНИЧЕННОЙ ОТВЕТСТВЕННОСТЬЮ ""ЧЕСТРСТРОЙ-2"""
2023,235714.0,89722.0,0.0,89722.0,2129057159,"ОБЩЕСТВО С ОГРАНИЧЕННОЙ ОТВЕТСТВЕННОСТЬЮ ""ЧЕСТРСТРОЙ-2"""
2022,167722.0,6867.0,,6867.0,2129057159,"ОБЩЕСТВО С ОГРАНИЧЕННОЙ ОТВЕТСТВЕННОСТЬЮ ""ЧЕСТРСТРОЙ-2"""
2021,173301.0,61077.0,,61077.0,2129057159,"ОБЩЕСТВО С ОГРАНИЧЕННОЙ ОТВЕТСТВЕННОСТЬЮ ""ЧЕСТРСТРОЙ-2"""
2024,0.0,737.0,,737.0,5906072613,"ОБЩЕСТВО С ОГРАНИЧЕННОЙ ОТВЕТСТВЕННОСТЬЮ ""ЛИДЕРСТРОЙ"""
2023,489.0,-64.0,0.0,-64.0,5906072613,"ОБЩЕСТВО С ОГРАНИЧЕННОЙ ОТВЕТСТВЕННОСТЬЮ ""ЛИДЕРСТРОЙ"""
2022,6756.0,19.0,365.0,384.0,5906072613,"ОБЩЕСТВО С ОГРАНИЧЕННОЙ ОТВЕТСТВЕННОСТЬЮ ""ЛИДЕРСТРОЙ"""
2021,6838.0,838.0,79.0,917.0,5906072613,"ОБЩЕСТВО С ОГРАНИЧЕННОЙ ОТВЕТСТВЕННОСТЬЮ ""ЛИДЕРСТРОЙ"""
2023,232152.0,-67111.0,0.0,-67111.0,3123220435,"ОБЩЕСТВО С ОГРАНИЧЕННОЙ ОТВЕТСТВЕННОСТЬЮ ""БЕЛГОРОДСКАЯ СТРОИТЕЛЬНАЯ КОМПАНИЯ"""
2022,229783.0,15837.0,42.0,15879.0,3123220435,"ОБЩЕСТВО С ОГРАНИЧЕННОЙ ОТВЕТСТВЕННОСТЬЮ ""БЕЛГОРОДСКАЯ СТРОИТЕЛЬНАЯ КОМПАНИЯ"""
2021,259830.0,39710.0,868.0,40578.0,3123220435,"ОБЩЕСТВО С ОГРАНИЧЕННОЙ ОТВЕТСТВЕННОСТЬЮ ""БЕЛГОРОДСКАЯ СТРОИТЕЛЬНАЯ КОМПАНИЯ"""
2025,1613868.0,5261.0,8028.0,13289.0,0276156728,"ОБЩЕСТВО С ОГРАНИЧЕННОЙ ОТВЕТСТВЕННОСТЬЮ ""РЕФСТРОЙПРОЕКТ"""
2024,1582868.0,5124.0,0.0,5124.0,0276156728,"ОБЩЕСТВО С ОГРАНИЧЕННОЙ ОТВЕТСТВЕННОСТЬЮ ""РЕФСТРОЙПРОЕКТ"""
2023,1918028.0,11382.0,1050.0,12432.0,0276156728,"ОБЩЕСТВО С ОГРАНИЧЕННОЙ ОТВЕТСТВЕННОСТЬЮ ""РЕФСТРОЙПРОЕКТ"""
2022,1214587.0,558.0,2466.0,3024.0,0276156728,"ОБЩЕСТВО С ОГРАНИЧЕННОЙ ОТВЕТСТВЕННОСТЬЮ ""РЕФСТРОЙПРОЕКТ"""
2021,511329.0,5538.0,867.0,6405.0,0276156728,"ОБЩЕСТВО С ОГРАНИЧЕННОЙ ОТВЕТСТВЕННОСТЬЮ ""РЕФСТРОЙПРОЕКТ"""
2025,130034.0,13378.0,,13378.0,2367004229,"ОБЩЕСТВО С ОГРАНИЧЕННОЙ ОТВЕТСТВЕННОСТЬЮ ""ЮГ МОНТАЖ"""
2024,375401.0,12691.0,,12691.0,2367004229,"ОБЩЕСТВО С ОГРАНИЧЕННОЙ ОТВЕТСТВЕННОСТЬЮ ""ЮГ МОНТАЖ"""
2023,129514.0,7563.0,,7563.0,2367004229,"ОБЩЕСТВО С ОГРАНИЧЕННОЙ ОТВЕТСТВЕННОСТЬЮ ""ЮГ МОНТАЖ"""
2022,12773.0,922.0,,922.0,2367004229,"ОБЩЕСТВО С ОГРАНИЧЕННОЙ ОТВЕТСТВЕННОСТЬЮ ""ЮГ МОНТАЖ"""
2021,62677.0,2988.0,,2988.0,2367004229,"ОБЩЕСТВО С ОГРАНИЧЕННОЙ ОТВЕТСТВЕННОСТЬЮ ""ЮГ МОНТАЖ"""
2025,46850.0,724.0,194.0,918.0,5638058829,"ОБЩЕСТВО С ОГРАНИЧЕННОЙ ОТВЕТСТВЕННОСТЬЮ ""ВИСТА"""
2024,28075.0,346.0,39.0,385.0,5638058829,"ОБЩЕСТВО С ОГРАНИЧЕННОЙ ОТВЕТСТВЕННОСТЬЮ ""ВИСТА"""
2023,41254.0,969.0,61.0,1030.0,5638058829,"ОБЩЕСТВО С ОГРАНИЧЕННОЙ ОТВЕТСТВЕННОСТЬЮ ""ВИСТА"""
2022,15581.0,576.0,,576.0,5638058829,"ОБЩЕСТВО С ОГРАНИЧЕННОЙ ОТВЕТСТВЕННОСТЬЮ ""ВИСТА"""
2021,18463.0,1426.0,0.0,1426.0,5638058829,"ОБЩЕСТВО С ОГРАНИЧЕННОЙ ОТВЕТСТВЕННОСТЬЮ ""ВИСТА"""
2024,50379.0,4157.0,19614.0,23771.0,5048033412,"ОБЩЕСТВО С ОГРАНИЧЕННОЙ ОТВЕТСТВЕННОСТЬЮ ""СЕРКОНС УПРАВЛЕНИЕ ПРОЕКТАМИ"""
2023,213086.0,-87124.0,19496.0,-67628.0,5048033412,"ОБЩЕСТВО С ОГРАНИЧЕННОЙ ОТВЕТСТВЕННОСТЬЮ ""СЕРКОНС УПРАВЛЕНИЕ ПРОЕКТАМИ"""
2022,107080.0,1125.0,23717.0,24842.0,5048033412,"ОБЩЕСТВО С ОГРАНИЧЕННОЙ ОТВЕТСТВЕННОСТЬЮ ""СЕРКОНС УПРАВЛЕНИЕ ПРОЕКТАМИ"""
2021,156844.0,253.0,1748.0,2001.0,5048033412,"ОБЩЕСТВО С ОГРАНИЧЕННОЙ ОТВЕТСТВЕННОСТЬЮ ""СЕРКОНС УПРАВЛЕНИЕ ПРОЕКТАМИ"""
2025,93395.0,3377.0,,3377.0,0550003492,"ОБЩЕСТВО С ОГРАНИЧЕННОЙ ОТВЕТСТВЕННОСТЬЮ ""БЕТОН"""
2024,206085.0,7619.0,,7619.0,0550003492,"ОБЩЕСТВО С ОГРАНИЧЕННОЙ ОТВЕТСТВЕННОСТЬЮ ""БЕТОН"""
2023,157783.0,6024.0,,6024.0,0550003492,"ОБЩЕСТВО С ОГРАНИЧЕННОЙ ОТВЕТСТВЕННОСТЬЮ ""БЕТОН"""
2022,199360.0,6026.0,,6026.0,0550003492,"ОБЩЕСТВО С ОГРАНИЧЕННОЙ ОТВЕТСТВЕННОСТЬЮ ""БЕТОН"""
2021,236927.0,7942.0,,7942.0,0550003492,"ОБЩЕСТВО С ОГРАНИЧЕННОЙ ОТВЕТСТВЕННОСТЬЮ ""БЕТОН"""
2025,361145.0,10932.0,1082.0,12014.0,1659173712,"ОБЩЕСТВО С ОГРАНИЧЕННОЙ ОТВЕТСТВЕННОСТЬЮ ""СТРОИТЕЛЬНАЯ КОМПАНИЯ ""ТАТИНВЕСТСТРОЙ"""
2024,153743.0,872.0,963.0,1835.0,1659173712,"ОБЩЕСТВО С ОГРАНИЧЕННОЙ ОТВЕТСТВЕННОСТЬЮ ""СТРОИТЕЛЬНАЯ КОМПАНИЯ ""ТАТИНВЕСТСТРОЙ"""
2023,484989.0,7368.0,51.0,7419.0,1659173712,"ОБЩЕСТВО С ОГРАНИЧЕННОЙ ОТВЕТСТВЕННОСТЬЮ ""СТРОИТЕЛЬНАЯ КОМПАНИЯ ""ТАТИНВЕСТСТРОЙ"""
2022,274700.0,5242.0,171.0,5413.0,1659173712,"ОБЩЕСТВО С ОГРАНИЧЕННОЙ ОТВЕТСТВЕННОСТЬЮ ""СТРОИТЕЛЬНАЯ КОМПАНИЯ ""ТАТИНВЕСТСТРОЙ"""
2021,179849.0,3523.0,,3523.0,1659173712,"ОБЩЕСТВО С ОГРАНИЧЕННОЙ ОТВЕТСТВЕННОСТЬЮ ""СТРОИТЕЛЬНАЯ КОМПАНИЯ ""ТАТИНВЕСТСТРОЙ"""
2025,552514.0,138301.0,0.0,138301.0,6150075888,"ОБЩЕСТВО С ОГРАНИЧЕННОЙ ОТВЕТСТВЕННОСТЬЮ ""КОМКОРД"""
2024,890703.0,130599.0,453.0,131052.0,6150075888,"ОБЩЕСТВО С ОГРАНИЧЕННОЙ ОТВЕТСТВЕННОСТЬЮ ""КОМКОРД"""
2023,425872.0,29300.0,584.0,29884.0,6150075888,"ОБЩЕСТВО С ОГРАНИЧЕННОЙ ОТВЕТСТВЕННОСТЬЮ ""КОМКОРД"""
2022,144420.0,23378.0,810.0,24188.0,6150075888,"ОБЩЕСТВО С ОГРАНИЧЕННОЙ ОТВЕТСТВЕННОСТЬЮ ""КОМКОРД"""
2021,269438.0,32776.0,109.0,32885.0,6150075888,"ОБЩЕСТВО С ОГРАНИЧЕННОЙ ОТВЕТСТВЕННОСТЬЮ ""КОМКОРД"""
2025,1164551.0,223303.0,7.0,223310.0,3123411969,"ОБЩЕСТВО С ОГРАНИЧЕННОЙ ОТВЕТСТВЕННОСТЬЮ ""СЕНА"""
2024,869395.0,101766.0,,101766.0,3123411969,"ОБЩЕСТВО С ОГРАНИЧЕННОЙ ОТВЕТСТВЕННОСТЬЮ ""СЕНА"""
2023,880725.0,98091.0,,98091.0,3123411969,"ОБЩЕСТВО С ОГРАНИЧЕННОЙ ОТВЕТСТВЕННОСТЬЮ ""СЕНА"""
2022,703458.0,74384.0,,74384.0,3123411969,"ОБЩЕСТВО С ОГРАНИЧЕННОЙ ОТВЕТСТВЕННОСТЬЮ ""СЕНА"""
2021,619424.0,44422.0,,44422.0,3123411969,"ОБЩЕСТВО С ОГРАНИЧЕННОЙ ОТВЕТСТВЕННОСТЬЮ ""СЕНА"""
2024,99484.0,5063.0,,5063.0,2130203044,"ОБЩЕСТВО С ОГРАНИЧЕННОЙ ОТВЕТСТВЕННОСТЬЮ ""СМУ-101"""
2023,94180.0,4226.0,,4226.0,2130203044,"ОБЩЕСТВО С ОГРАНИЧЕННОЙ ОТВЕТСТВЕННОСТЬЮ ""СМУ-101"""
2022,76186.0,5007.0,,5007.0,2130203044,"ОБЩЕСТВО С ОГРАНИЧЕННОЙ ОТВЕТСТВЕННОСТЬЮ ""СМУ-101"""
2021,68620.0,3737.0,,3737.0,2130203044,"ОБЩЕСТВО С ОГРАНИЧЕННОЙ ОТВЕТСТВЕННОСТЬЮ ""СМУ-101"""
2025,1767811.0,6064.0,0.0,6064.0,7722824313,"ОБЩЕСТВО С ОГРАНИЧЕННОЙ ОТВЕТСТВЕННОСТЬЮ ""Р7 СЕРВИС"""
2024,713375.0,-7047.0,479.0,-6568.0,7722824313,"ОБЩЕСТВО С ОГРАНИЧЕННОЙ ОТВЕТСТВЕННОСТЬЮ ""Р7 СЕРВИС"""
2023,290661.0,1771.0,692.0,2463.0,7722824313,"ОБЩЕСТВО С ОГРАНИЧЕННОЙ ОТВЕТСТВЕННОСТЬЮ ""Р7 СЕРВИС"""
2022,574840.0,34425.0,94.0,34519.0,7722824313,"ОБЩЕСТВО С ОГРАНИЧЕННОЙ ОТВЕТСТВЕННОСТЬЮ ""Р7 СЕРВИС"""
2021,478620.0,87019.0,272.0,87291.0,7722824313,"ОБЩЕСТВО С ОГРАНИЧЕННОЙ ОТВЕТСТВЕННОСТЬЮ ""Р7 СЕРВИС"""
2022,142085.0,4.0,,4.0,7727481099,"ОБЩЕСТВО С ОГРАНИЧЕННОЙ ОТВЕТСТВЕННОСТЬЮ ""РЕМОНТ+"""
2025,979160.0,44945.0,35542.0,80487.0,6674158098,"ОБЩЕСТВО С ОГРАНИЧЕННОЙ ОТВЕТСТВЕННОСТЬЮ ""ЭНЕРГОСТРОЙПРОЕКТ"""
2024,1394266.0,90117.0,40115.0,130232.0,6674158098,"ОБЩЕСТВО С ОГРАНИЧЕННОЙ ОТВЕТСТВЕННОСТЬЮ ""ЭНЕРГОСТРОЙПРОЕКТ"""
2023,797057.0,57712.0,2289.0,60001.0,6674158098,"ОБЩЕСТВО С ОГРАНИЧЕННОЙ ОТВЕТСТВЕННОСТЬЮ ""ЭНЕРГОСТРОЙПРОЕКТ"""
2022,570649.0,5782.0,0.0,5782.0,6674158098,"ОБЩЕСТВО С ОГРАНИЧЕННОЙ ОТВЕТСТВЕННОСТЬЮ ""ЭНЕРГОСТРОЙПРОЕКТ"""
2021,479162.0,51309.0,3868.0,55177.0,6674158098,"ОБЩЕСТВО С ОГРАНИЧЕННОЙ ОТВЕТСТВЕННОСТЬЮ ""ЭНЕРГОСТРОЙПРОЕКТ"""
2025,92918.0,10182.0,,10182.0,2524142800,"ОБЩЕСТВО С ОГРАНИЧЕННОЙ ОТВЕТСТВЕННОСТЬЮ ""ИРИС"""
2024,68732.0,7456.0,,7456.0,2524142800,"ОБЩЕСТВО С ОГРАНИЧЕННОЙ ОТВЕТСТВЕННОСТЬЮ ""ИРИС"""
2023,46672.0,798.0,,798.0,2524142800,"ОБЩЕСТВО С ОГРАНИЧЕННОЙ ОТВЕТСТВЕННОСТЬЮ ""ИРИС"""
2022,49662.0,771.0,,771.0,2524142800,"ОБЩЕСТВО С ОГРАНИЧЕННОЙ ОТВЕТСТВЕННОСТЬЮ ""ИРИС"""
2021,58039.0,4338.0,,4338.0,2524142800,"ОБЩЕСТВО С ОГРАНИЧЕННОЙ ОТВЕТСТВЕННОСТЬЮ ""ИРИС"""
2025,145625.0,5794.0,11367.0,17161.0,5405409009,"ОБЩЕСТВО С ОГРАНИЧЕННОЙ ОТВЕТСТВЕННОСТЬЮ ""НОВОСТРОЙ"""
2024,187426.0,2016.0,13097.0,15113.0,5405409009,"ОБЩЕСТВО С ОГРАНИЧЕННОЙ ОТВЕТСТВЕННОСТЬЮ ""НОВОСТРОЙ"""
2023,270294.0,3406.0,3027.0,6433.0,5405409009,"ОБЩЕСТВО С ОГРАНИЧЕННОЙ ОТВЕТСТВЕННОСТЬЮ ""НОВОСТРОЙ"""
2022,251017.0,2913.0,1732.0,4645.0,5405409009,"ОБЩЕСТВО С ОГРАНИЧЕННОЙ ОТВЕТСТВЕННОСТЬЮ ""НОВОСТРОЙ"""
2021,153704.0,2877.0,,2877.0,5405409009,"ОБЩЕСТВО С ОГРАНИЧЕННОЙ ОТВЕТСТВЕННОСТЬЮ ""НОВОСТРОЙ"""
2025,653787.0,65083.0,13866.0,78949.0,3810060162,"ОБЩЕСТВО С ОГРАНИЧЕННОЙ ОТВЕТСТВЕННОСТЬЮ ""МЕХАНИЗИРОВАННАЯ КОЛОННА №1"""
2024,1055170.0,108501.0,11393.0,119894.0,3810060162,"ОБЩЕСТВО С ОГРАНИЧЕННОЙ ОТВЕТСТВЕННОСТЬЮ ""МЕХАНИЗИРОВАННАЯ КОЛОННА №1"""
2023,841778.0,187984.0,2142.0,190126.0,3810060162,"ОБЩЕСТВО С ОГРАНИЧЕННОЙ ОТВЕТСТВЕННОСТЬЮ ""МЕХАНИЗИРОВАННАЯ КОЛОННА №1"""
2022,948502.0,169109.0,979.0,170088.0,3810060162,"ОБЩЕСТВО С ОГРАНИЧЕННОЙ ОТВЕТСТВЕННОСТЬЮ ""МЕХАНИЗИРОВАННАЯ КОЛОННА №1"""
2021,568167.0,73378.0,184.0,73562.0,3810060162,"ОБЩЕСТВО С ОГРАНИЧЕННОЙ ОТВЕТСТВЕННОСТЬЮ ""МЕХАНИЗИРОВАННАЯ КОЛОННА №1"""
2025,482510.0,119714.0,,119714.0,2223056681,"ОБЩЕСТВО С ОГРАНИЧЕННОЙ ОТВЕТСТВЕННОСТЬЮ ""РЕКЛАМНО-ПРОИЗВОДСТВЕННАЯ КОМПАНИЯ"""
2024,496233.0,75459.0,,75459.0,2223056681,"ОБЩЕСТВО С ОГРАНИЧЕННОЙ ОТВЕТСТВЕННОСТЬЮ ""РЕКЛАМНО-ПРОИЗВОДСТВЕННАЯ КОМПАНИЯ"""
2023,364193.0,55441.0,,55441.0,2223056681,"ОБЩЕСТВО С ОГРАНИЧЕННОЙ ОТВЕТСТВЕННОСТЬЮ ""РЕКЛАМНО-ПРОИЗВОДСТВЕННАЯ КОМПАНИЯ"""
2022,256795.0,24115.0,,24115.0,2223056681,"ОБЩЕСТВО С ОГРАНИЧЕННОЙ ОТВЕТСТВЕННОСТЬЮ ""РЕКЛАМНО-ПРОИЗВОДСТВЕННАЯ КОМПАНИЯ"""
2021,205808.0,9374.0,,9374.0,2223056681,"ОБЩЕСТВО С ОГРАНИЧЕННОЙ ОТВЕТСТВЕННОСТЬЮ ""РЕКЛАМНО-ПРОИЗВОДСТВЕННАЯ КОМПАНИЯ"""
2025,663831.0,9904.0,0.0,9904.0,7725338047,"ОБЩЕСТВО С ОГРАНИЧЕННОЙ ОТВЕТСТВЕННОСТЬЮ СПЕЦИАЛИЗИРОВАННЫЙ ЗАСТРОЙЩИК ""СТРОЙ ПРОФИТ"""
2024,539666.0,10362.0,0.0,10362.0,7725338047,"ОБЩЕСТВО С ОГРАНИЧЕННОЙ ОТВЕТСТВЕННОСТЬЮ СПЕЦИАЛИЗИРОВАННЫЙ ЗАСТРОЙЩИК ""СТРОЙ ПРОФИТ"""
2023,491866.0,1946.0,4284.0,6230.0,7725338047,"ОБЩЕСТВО С ОГРАНИЧЕННОЙ ОТВЕТСТВЕННОСТЬЮ СПЕЦИАЛИЗИРОВАННЫЙ ЗАСТРОЙЩИК ""СТРОЙ ПРОФИТ"""
2022,488441.0,1506.0,1166.0,2672.0,7725338047,"ОБЩЕСТВО С ОГРАНИЧЕННОЙ ОТВЕТСТВЕННОСТЬЮ СПЕЦИАЛИЗИРОВАННЫЙ ЗАСТРОЙЩИК ""СТРОЙ ПРОФИТ"""
2021,523919.0,2505.0,,2505.0,7725338047,"ОБЩЕСТВО С ОГРАНИЧЕННОЙ ОТВЕТСТВЕННОСТЬЮ СПЕЦИАЛИЗИРОВАННЫЙ ЗАСТРОЙЩИК ""СТРОЙ ПРОФИТ"""
2025,490.0,-329.0,0.0,-329.0,8603134993,"ОБЩЕСТВО С ОГРАНИЧЕННОЙ ОТВЕТСТВЕННОСТЬЮ ""ПРОФМОНТАЖАВТОМАТИКА"""
2024,60.0,-684.0,,-684.0,8603134993,"ОБЩЕСТВО С ОГРАНИЧЕННОЙ ОТВЕТСТВЕННОСТЬЮ ""ПРОФМОНТАЖАВТОМАТИКА"""
2023,,-1424.0,,-1424.0,8603134993,"ОБЩЕСТВО С ОГРАНИЧЕННОЙ ОТВЕТСТВЕННОСТЬЮ ""ПРОФМОНТАЖАВТОМАТИКА"""
2022,0.0,-3330.0,,-3330.0,8603134993,"ОБЩЕСТВО С ОГРАНИЧЕННОЙ ОТВЕТСТВЕННОСТЬЮ ""ПРОФМОНТАЖАВТОМАТИКА"""
2021,26512.0,-31397.0,,-31397.0,8603134993,"ОБЩЕСТВО С ОГРАНИЧЕННОЙ ОТВЕТСТВЕННОСТЬЮ ""ПРОФМОНТАЖАВТОМАТИКА"""
2025,910204.0,5472.0,2813.0,8285.0,4823074284,"ОБЩЕСТВО С ОГРАНИЧЕННОЙ ОТВЕТСТВЕННОСТЬЮ ""СПЕЦКОМПЛЕКТРЕМОНТ"""
2024,761281.0,15359.0,2634.0,17993.0,4823074284,"ОБЩЕСТВО С ОГРАНИЧЕННОЙ ОТВЕТСТВЕННОСТЬЮ ""СПЕЦКОМПЛЕКТРЕМОНТ"""
2023,474555.0,-6590.0,300.0,-6290.0,4823074284,"ОБЩЕСТВО С ОГРАНИЧЕННОЙ ОТВЕТСТВЕННОСТЬЮ ""СПЕЦКОМПЛЕКТРЕМОНТ"""
2022,511362.0,10231.0,1132.0,11363.0,4823074284,"ОБЩЕСТВО С ОГРАНИЧЕННОЙ ОТВЕТСТВЕННОСТЬЮ ""СПЕЦКОМПЛЕКТРЕМОНТ"""
2021,542944.0,15781.0,1054.0,16835.0,4823074284,"ОБЩЕСТВО С ОГРАНИЧЕННОЙ ОТВЕТСТВЕННОСТЬЮ ""СПЕЦКОМПЛЕКТРЕМОНТ"""
2025,315707.0,78709.0,,78709.0,3435309618,"ОБЩЕСТВО С ОГРАНИЧЕННОЙ ОТВЕТСТВЕННОСТЬЮ ""СОЛЯРИС"""
2024,633611.0,48681.0,,48681.0,3435309618,"ОБЩЕСТВО С ОГРАНИЧЕННОЙ ОТВЕТСТВЕННОСТЬЮ ""СОЛЯРИС"""
2023,209138.0,150.0,,150.0,3435309618,"ОБЩЕСТВО С ОГРАНИЧЕННОЙ ОТВЕТСТВЕННОСТЬЮ ""СОЛЯРИС"""
2022,110742.0,152.0,,152.0,3435309618,"ОБЩЕСТВО С ОГРАНИЧЕННОЙ ОТВЕТСТВЕННОСТЬЮ ""СОЛЯРИС"""
2021,144207.0,82.0,,82.0,3435309618,"ОБЩЕСТВО С ОГРАНИЧЕННОЙ ОТВЕТСТВЕННОСТЬЮ ""СОЛЯРИС"""
2025,1070.0,-40793.0,0.0,-40793.0,7203500957,"ОБЩЕСТВО С ОГРАНИЧЕННОЙ ОТВЕТСТВЕННОСТЬЮ ""СТРОИТЕЛЬНОЕ УПРАВЛЕНИЕ"""
2024,191108.0,46838.0,1195.0,48033.0,7203500957,"ОБЩЕСТВО С ОГРАНИЧЕННОЙ ОТВЕТСТВЕННОСТЬЮ ""СТРОИТЕЛЬНОЕ УПРАВЛЕНИЕ"""
2023,205834.0,16881.0,1428.0,18309.0,7203500957,"ОБЩЕСТВО С ОГРАНИЧЕННОЙ ОТВЕТСТВЕННОСТЬЮ ""СТРОИТЕЛЬНОЕ УПРАВЛЕНИЕ"""
2022,129640.0,-49901.0,,-49901.0,7203500957,"ОБЩЕСТВО С ОГРАНИЧЕННОЙ ОТВЕТСТВЕННОСТЬЮ ""СТРОИТЕЛЬНОЕ УПРАВЛЕНИЕ"""
2021,181646.0,26721.0,,26721.0,7203500957,"ОБЩЕСТВО С ОГРАНИЧЕННОЙ ОТВЕТСТВЕННОСТЬЮ ""СТРОИТЕЛЬНОЕ УПРАВЛЕНИЕ"""
2025,20817.0,-166665.0,,-166665.0,7724349670,"ОБЩЕСТВО С ОГРАНИЧЕННОЙ ОТВЕТСТВЕННОСТЬЮ ""КОРПОРАЦИЯ-К"""
2024,567135.0,30327.0,,30327.0,7724349670,"ОБЩЕСТВО С ОГРАНИЧЕННОЙ ОТВЕТСТВЕННОСТЬЮ ""КОРПОРАЦИЯ-К"""
2023,475802.0,3849.0,,3849.0,7724349670,"ОБЩЕСТВО С ОГРАНИЧЕННОЙ ОТВЕТСТВЕННОСТЬЮ ""КОРПОРАЦИЯ-К"""
2022,325388.0,8711.0,,8711.0,7724349670,"ОБЩЕСТВО С ОГРАНИЧЕННОЙ ОТВЕТСТВЕННОСТЬЮ ""КОРПОРАЦИЯ-К"""
2021,93635.0,2425.0,,2425.0,7724349670,"ОБЩЕСТВО С ОГРАНИЧЕННОЙ ОТВЕТСТВЕННОСТЬЮ ""КОРПОРАЦИЯ-К"""
2025,14420.0,188.0,,188.0,6671080799,"ОБЩЕСТВО С ОГРАНИЧЕННОЙ ОТВЕТСТВЕННОСТЬЮ ""ГЛОБОТЭКС"""
2024,14420.0,188.0,,188.0,6671080799,"ОБЩЕСТВО С ОГРАНИЧЕННОЙ ОТВЕТСТВЕННОСТЬЮ ""ГЛОБОТЭКС"""
2023,0.0,-156.0,,-156.0,6671080799,"ОБЩЕСТВО С ОГРАНИЧЕННОЙ ОТВЕТСТВЕННОСТЬЮ ""ГЛОБОТЭКС"""
2022,34676.0,785.0,,785.0,6671080799,"ОБЩЕСТВО С ОГРАНИЧЕННОЙ ОТВЕТСТВЕННОСТЬЮ ""ГЛОБОТЭКС"""
2021,168141.0,1387.0,,1387.0,6671080799,"ОБЩЕСТВО С ОГРАНИЧЕННОЙ ОТВЕТСТВЕННОСТЬЮ ""ГЛОБОТЭКС"""
2025,21725.0,281.0,23.0,304.0,3524016564,"ОБЩЕСТВО С ОГРАНИЧЕННОЙ ОТВЕТСТВЕННОСТЬЮ ""СТРОЙМИР"""
2024,20719.0,106.0,61.0,167.0,3524016564,"ОБЩЕСТВО С ОГРАНИЧЕННОЙ ОТВЕТСТВЕННОСТЬЮ ""СТРОЙМИР"""
2023,17135.0,706.0,6.0,712.0,3524016564,"ОБЩЕСТВО С ОГРАНИЧЕННОЙ ОТВЕТСТВЕННОСТЬЮ ""СТРОЙМИР"""
2022,13260.0,213.0,25.0,238.0,3524016564,"ОБЩЕСТВО С ОГРАНИЧЕННОЙ ОТВЕТСТВЕННОСТЬЮ ""СТРОЙМИР"""
2021,16484.0,111.0,217.0,328.0,3524016564,"ОБЩЕСТВО С ОГРАНИЧЕННОЙ ОТВЕТСТВЕННОСТЬЮ ""СТРОЙМИР"""
2025,142190.0,4071.0,4799.0,8870.0,3123369241,"ОБЩЕСТВО С ОГРАНИЧЕННОЙ ОТВЕТСТВЕННОСТЬЮ ""СТРОИТЕЛЬНАЯ КОМПАНИЯ МАЛАХИТ"""
2024,49920.0,-110.0,4491.0,4381.0,3123369241,"ОБЩЕСТВО С ОГРАНИЧЕННОЙ ОТВЕТСТВЕННОСТЬЮ ""СТРОИТЕЛЬНАЯ КОМПАНИЯ МАЛАХИТ"""
2023,51710.0,25.0,2447.0,2472.0,3123369241,"ОБЩЕСТВО С ОГРАНИЧЕННОЙ ОТВЕТСТВЕННОСТЬЮ ""СТРОИТЕЛЬНАЯ КОМПАНИЯ МАЛАХИТ"""
2022,81309.0,335.0,2333.0,2668.0,3123369241,"ОБЩЕСТВО С ОГРАНИЧЕННОЙ ОТВЕТСТВЕННОСТЬЮ ""СТРОИТЕЛЬНАЯ КОМПАНИЯ МАЛАХИТ"""
2021,62345.0,68.0,609.0,677.0,3123369241,"ОБЩЕСТВО С ОГРАНИЧЕННОЙ ОТВЕТСТВЕННОСТЬЮ ""СТРОИТЕЛЬНАЯ КОМПАНИЯ МАЛАХИТ"""
2025,92953.0,216.0,,216.0,7802871615,"ОБЩЕСТВО С ОГРАНИЧЕННОЙ ОТВЕТСТВЕННОСТЬЮ ""СТРОЙСТАНДАРТ"""
2024,310121.0,1103.0,,1103.0,7802871615,"ОБЩЕСТВО С ОГРАНИЧЕННОЙ ОТВЕТСТВЕННОСТЬЮ ""СТРОЙСТАНДАРТ"""
2023,271500.0,5262.0,,5262.0,7802871615,"ОБЩЕСТВО С ОГРАНИЧЕННОЙ ОТВЕТСТВЕННОСТЬЮ ""СТРОЙСТАНДАРТ"""
2022,83341.0,416.0,,416.0,7802871615,"ОБЩЕСТВО С ОГРАНИЧЕННОЙ ОТВЕТСТВЕННОСТЬЮ ""СТРОЙСТАНДАРТ"""
2021,164662.0,1493.0,,1493.0,7802871615,"ОБЩЕСТВО С ОГРАНИЧЕННОЙ ОТВЕТСТВЕННОСТЬЮ ""СТРОЙСТАНДАРТ"""
2023,63528.0,97.0,,97.0,6685115762,"ОБЩЕСТВО С ОГРАНИЧЕННОЙ ОТВЕТСТВЕННОСТЬЮ ""СТРОЙСНАБРЕГИОНУРАЛ"""
2022,122326.0,217.0,,217.0,6685115762,"ОБЩЕСТВО С ОГРАНИЧЕННОЙ ОТВЕТСТВЕННОСТЬЮ ""СТРОЙСНАБРЕГИОНУРАЛ"""
2021,84466.0,167.0,,167.0,6685115762,"ОБЩЕСТВО С ОГРАНИЧЕННОЙ ОТВЕТСТВЕННОСТЬЮ ""СТРОЙСНАБРЕГИОНУРАЛ"""
2025,361768.0,5245.0,,5245.0,7801590756,"ОБЩЕСТВО С ОГРАНИЧЕННОЙ ОТВЕТСТВЕННОСТЬЮ ""СПЕЦТРЕСТ 35"""
2024,357426.0,7787.0,,7787.0,7801590756,"ОБЩЕСТВО С ОГРАНИЧЕННОЙ ОТВЕТСТВЕННОСТЬЮ ""СПЕЦТРЕСТ 35"""
2023,305190.0,7138.0,,7138.0,7801590756,"ОБЩЕСТВО С ОГРАНИЧЕННОЙ ОТВЕТСТВЕННОСТЬЮ ""СПЕЦТРЕСТ 35"""
2022,52412.0,-15357.0,,-15357.0,7801590756,"ОБЩЕСТВО С ОГРАНИЧЕННОЙ ОТВЕТСТВЕННОСТЬЮ ""СПЕЦТРЕСТ 35"""
2021,92144.0,490.0,,490.0,7801590756,"ОБЩЕСТВО С ОГРАНИЧЕННОЙ ОТВЕТСТВЕННОСТЬЮ ""СПЕЦТРЕСТ 35"""
2024,,0.0,,0.0,0326496419,"ОБЩЕСТВО С ОГРАНИЧЕННОЙ ОТВЕТСТВЕННОСТЬЮ ""МК"""
2023,,0.0,,0.0,0326496419,"ОБЩЕСТВО С ОГРАНИЧЕННОЙ ОТВЕТСТВЕННОСТЬЮ ""МК"""
2022,0.0,0.0,,0.0,0326496419,"ОБЩЕСТВО С ОГРАНИЧЕННОЙ ОТВЕТСТВЕННОСТЬЮ ""МК"""
2021,14326.0,1218.0,,1218.0,0326496419,"ОБЩЕСТВО С ОГРАНИЧЕННОЙ ОТВЕТСТВЕННОСТЬЮ ""МК"""
2025,5000.0,0.0,,0.0,6452149159,"ОБЩЕСТВО С ОГРАНИЧЕННОЙ ОТВЕТСТВЕННОСТЬЮ ""ВЕКТОР"""
2024,31278.0,151.0,,151.0,6452149159,"ОБЩЕСТВО С ОГРАНИЧЕННОЙ ОТВЕТСТВЕННОСТЬЮ ""ВЕКТОР"""
2023,90835.0,1275.0,,1275.0,6452149159,"ОБЩЕСТВО С ОГРАНИЧЕННОЙ ОТВЕТСТВЕННОСТЬЮ ""ВЕКТОР"""
2022,50714.0,486.0,,486.0,6452149159,"ОБЩЕСТВО С ОГРАНИЧЕННОЙ ОТВЕТСТВЕННОСТЬЮ ""ВЕКТОР"""
2025,0.0,24488.0,8538.0,33026.0,7814102075,"ОБЩЕСТВО С ОГРАНИЧЕННОЙ ОТВЕТСТВЕННОСТЬЮ ""СЕВЕР-КОМПЛЕКТ"""
2024,,9987.0,,9987.0,7814102075,"ОБЩЕСТВО С ОГРАНИЧЕННОЙ ОТВЕТСТВЕННОСТЬЮ ""СЕВЕР-КОМПЛЕКТ"""
2023,,30155.0,0.0,30155.0,7814102075,"ОБЩЕСТВО С ОГРАНИЧЕННОЙ ОТВЕТСТВЕННОСТЬЮ ""СЕВЕР-КОМПЛЕКТ"""
2022,,31786.0,13967.0,45753.0,7814102075,"ОБЩЕСТВО С ОГРАНИЧЕННОЙ ОТВЕТСТВЕННОСТЬЮ ""СЕВЕР-КОМПЛЕКТ"""
2021,0.0,35531.0,802.0,36333.0,7814102075,"ОБЩЕСТВО С ОГРАНИЧЕННОЙ ОТВЕТСТВЕННОСТЬЮ ""СЕВЕР-КОМПЛЕКТ"""
2025,142540.0,-11731.0,,-11731.0,5751061704,"ОБЩЕСТВО С ОГРАНИЧЕННОЙ ОТВЕТСТВЕННОСТЬЮ ""СТРОЙКОМ"""
2024,159223.0,-20423.0,0.0,-20423.0,5751061704,"ОБЩЕСТВО С ОГРАНИЧЕННОЙ ОТВЕТСТВЕННОСТЬЮ ""СТРОЙКОМ"""
2023,214501.0,10446.0,599.0,11045.0,5751061704,"ОБЩЕСТВО С ОГРАНИЧЕННОЙ ОТВЕТСТВЕННОСТЬЮ ""СТРОЙКОМ"""
2022,203540.0,8455.0,420.0,8875.0,5751061704,"ОБЩЕСТВО С ОГРАНИЧЕННОЙ ОТВЕТСТВЕННОСТЬЮ ""СТРОЙКОМ"""
2021,295625.0,5451.0,0.0,5451.0,5751061704,"ОБЩЕСТВО С ОГРАНИЧЕННОЙ ОТВЕТСТВЕННОСТЬЮ ""СТРОЙКОМ"""
2025,26387.0,348.0,,348.0,5609066303,"ОБЩЕСТВО С ОГРАНИЧЕННОЙ ОТВЕТСТВЕННОСТЬЮ ""ЗАРЯ"""
2021,336040.0,2363.0,,2363.0,5609066303,"ОБЩЕСТВО С ОГРАНИЧЕННОЙ ОТВЕТСТВЕННОСТЬЮ ""ЗАРЯ"""
2025,293258.0,2095.0,122.0,2217.0,7445016858,"ОБЩЕСТВО С ОГРАНИЧЕННОЙ ОТВЕТСТВЕННОСТЬЮ ""ПРОКАТЭНЕРГОМОНТАЖ-1"""
2024,256082.0,7865.0,103.0,7968.0,7445016858,"ОБЩЕСТВО С ОГРАНИЧЕННОЙ ОТВЕТСТВЕННОСТЬЮ ""ПРОКАТЭНЕРГОМОНТАЖ-1"""
2023,164749.0,14217.0,717.0,14934.0,7445016858,"ОБЩЕСТВО С ОГРАНИЧЕННОЙ ОТВЕТСТВЕННОСТЬЮ ""ПРОКАТЭНЕРГОМОНТАЖ-1"""
2022,187554.0,5470.0,763.0,6233.0,7445016858,"ОБЩЕСТВО С ОГРАНИЧЕННОЙ ОТВЕТСТВЕННОСТЬЮ ""ПРОКАТЭНЕРГОМОНТАЖ-1"""
2021,120837.0,-11574.0,,-11574.0,7445016858,"ОБЩЕСТВО С ОГРАНИЧЕННОЙ ОТВЕТСТВЕННОСТЬЮ ""ПРОКАТЭНЕРГОМОНТАЖ-1"""
2025,647066.0,23703.0,10.0,23713.0,7733584529,"ОБЩЕСТВО С ОГРАНИЧЕННОЙ ОТВЕТСТВЕННОСТЬЮ ""РСК - 2000"""
2024,522094.0,15395.0,11.0,15406.0,7733584529,"ОБЩЕСТВО С ОГРАНИЧЕННОЙ ОТВЕТСТВЕННОСТЬЮ ""РСК - 2000"""
2023,273818.0,12418.0,1469.0,13887.0,7733584529,"ОБЩЕСТВО С ОГРАНИЧЕННОЙ ОТВЕТСТВЕННОСТЬЮ ""РСК - 2000"""
2022,311837.0,15004.0,1259.0,16263.0,7733584529,"ОБЩЕСТВО С ОГРАНИЧЕННОЙ ОТВЕТСТВЕННОСТЬЮ ""РСК - 2000"""
2021,187363.0,459.0,3348.0,3807.0,7733584529,"ОБЩЕСТВО С ОГРАНИЧЕННОЙ ОТВЕТСТВЕННОСТЬЮ ""РСК - 2000"""
2025,0.0,-9275.0,,-9275.0,0323365680,"ОБЩЕСТВО С ОГРАНИЧЕННОЙ ОТВЕТСТВЕННОСТЬЮ ""НОРД-ИНВЕСТ"""
2024,34724.0,-11369.0,,-11369.0,0323365680,"ОБЩЕСТВО С ОГРАНИЧЕННОЙ ОТВЕТСТВЕННОСТЬЮ ""НОРД-ИНВЕСТ"""
2023,118126.0,4265.0,,4265.0,0323365680,"ОБЩЕСТВО С ОГРАНИЧЕННОЙ ОТВЕТСТВЕННОСТЬЮ ""НОРД-ИНВЕСТ"""
2022,184858.0,20384.0,,20384.0,0323365680,"ОБЩЕСТВО С ОГРАНИЧЕННОЙ ОТВЕТСТВЕННОСТЬЮ ""НОРД-ИНВЕСТ"""
2021,164619.0,4603.0,,4603.0,0323365680,"ОБЩЕСТВО С ОГРАНИЧЕННОЙ ОТВЕТСТВЕННОСТЬЮ ""НОРД-ИНВЕСТ"""
2022,61469.0,-110.0,1166.0,1056.0,7805271101,"ОБЩЕСТВО С ОГРАНИЧЕННОЙ ОТВЕТСТВЕННОСТЬЮ ""МАСТЕР"""
2021,29832.0,106.0,1430.0,1536.0,7805271101,"ОБЩЕСТВО С ОГРАНИЧЕННОЙ ОТВЕТСТВЕННОСТЬЮ ""МАСТЕР"""
2025,785989.0,4685.0,937.0,5622.0,3665092720,"ОБЩЕСТВО С ОГРАНИЧЕННОЙ ОТВЕТСТВЕННОСТЬЮ ""ТЕПЛОДОМ136"""
2024,418844.0,4301.0,,4301.0,3665092720,"ОБЩЕСТВО С ОГРАНИЧЕННОЙ ОТВЕТСТВЕННОСТЬЮ ""ТЕПЛОДОМ136"""
2023,276669.0,3044.0,,3044.0,3665092720,"ОБЩЕСТВО С ОГРАНИЧЕННОЙ ОТВЕТСТВЕННОСТЬЮ ""ТЕПЛОДОМ136"""
2022,135680.0,2660.0,,2660.0,3665092720,"ОБЩЕСТВО С ОГРАНИЧЕННОЙ ОТВЕТСТВЕННОСТЬЮ ""ТЕПЛОДОМ136"""
2021,252940.0,85865.0,,85865.0,3665092720,"ОБЩЕСТВО С ОГРАНИЧЕННОЙ ОТВЕТСТВЕННОСТЬЮ ""ТЕПЛОДОМ136"""
2025,312338.0,3248.0,46.0,3294.0,2511039971,"ОБЩЕСТВО С ОГРАНИЧЕННОЙ ОТВЕТСТВЕННОСТЬЮ ""СПЕЦИАЛИЗИРОВАННЫЙ ЗАСТРОЙЩИК ""ИЛИАДА"""
2024,589080.0,9392.0,711.0,10103.0,2511039971,"ОБЩЕСТВО С ОГРАНИЧЕННОЙ ОТВЕТСТВЕННОСТЬЮ ""СПЕЦИАЛИЗИРОВАННЫЙ ЗАСТРОЙЩИК ""ИЛИАДА"""
2023,434367.0,1205.0,1327.0,2532.0,2511039971,"ОБЩЕСТВО С ОГРАНИЧЕННОЙ ОТВЕТСТВЕННОСТЬЮ ""СПЕЦИАЛИЗИРОВАННЫЙ ЗАСТРОЙЩИК ""ИЛИАДА"""
2022,33412.0,966.0,1700.0,2666.0,2511039971,"ОБЩЕСТВО С ОГРАНИЧЕННОЙ ОТВЕТСТВЕННОСТЬЮ ""СПЕЦИАЛИЗИРОВАННЫЙ ЗАСТРОЙЩИК ""ИЛИАДА"""
2021,261047.0,100481.0,931.0,101412.0,2511039971,"ОБЩЕСТВО С ОГРАНИЧЕННОЙ ОТВЕТСТВЕННОСТЬЮ ""СПЕЦИАЛИЗИРОВАННЫЙ ЗАСТРОЙЩИК ""ИЛИАДА"""
2025,37958.0,-5428.0,0.0,-5428.0,4253025211,"ОБЩЕСТВО С ОГРАНИЧЕННОЙ ОТВЕТСТВЕННОСТЬЮ ""ЧЕЛЛЕНЖЕР"""
2024,43410.0,6081.0,2479.0,8560.0,4253025211,"ОБЩЕСТВО С ОГРАНИЧЕННОЙ ОТВЕТСТВЕННОСТЬЮ ""ЧЕЛЛЕНЖЕР"""
2023,51473.0,-12596.0,4311.0,-8285.0,4253025211,"ОБЩЕСТВО С ОГРАНИЧЕННОЙ ОТВЕТСТВЕННОСТЬЮ ""ЧЕЛЛЕНЖЕР"""
2022,219668.0,-6358.0,1121.0,-5237.0,4253025211,"ОБЩЕСТВО С ОГРАНИЧЕННОЙ ОТВЕТСТВЕННОСТЬЮ ""ЧЕЛЛЕНЖЕР"""
2021,40146.0,-10651.0,2743.0,-7908.0,4253025211,"ОБЩЕСТВО С ОГРАНИЧЕННОЙ ОТВЕТСТВЕННОСТЬЮ ""ЧЕЛЛЕНЖЕР"""
2025,444208.0,1052.0,608.0,1660.0,6658414058,"ОБЩЕСТВО С ОГРАНИЧЕННОЙ ОТВЕТСТВЕННОСТЬЮ ""УНИВЕРСАЛТРАНССТРОЙ"""
2024,110305.0,5353.0,105.0,5458.0,6658414058,"ОБЩЕСТВО С ОГРАНИЧЕННОЙ ОТВЕТСТВЕННОСТЬЮ ""УНИВЕРСАЛТРАНССТРОЙ"""
2023,548677.0,-261266.0,1343.0,-259923.0,6658414058,"ОБЩЕСТВО С ОГРАНИЧЕННОЙ ОТВЕТСТВЕННОСТЬЮ ""УНИВЕРСАЛТРАНССТРОЙ"""
2022,202518.0,15795.0,331.0,16126.0,6658414058,"ОБЩЕСТВО С ОГРАНИЧЕННОЙ ОТВЕТСТВЕННОСТЬЮ ""УНИВЕРСАЛТРАНССТРОЙ"""
2021,382215.0,47917.0,960.0,48877.0,6658414058,"ОБЩЕСТВО С ОГРАНИЧЕННОЙ ОТВЕТСТВЕННОСТЬЮ ""УНИВЕРСАЛТРАНССТРОЙ"""
2025,2412017.0,54642.0,50268.0,104910.0,5047154277,"ОБЩЕСТВО С ОГРАНИЧЕННОЙ ОТВЕТСТВЕННОСТЬЮ ""НОВАЯ СТРОИТЕЛЬНАЯ КОМПАНИЯ ВСК"""
2024,2559147.0,23956.0,63507.0,87463.0,5047154277,"ОБЩЕСТВО С ОГРАНИЧЕННОЙ ОТВЕТСТВЕННОСТЬЮ ""НОВАЯ СТРОИТЕЛЬНАЯ КОМПАНИЯ ВСК"""
2023,1000827.0,8989.0,13400.0,22389.0,5047154277,"ОБЩЕСТВО С ОГРАНИЧЕННОЙ ОТВЕТСТВЕННОСТЬЮ ""НОВАЯ СТРОИТЕЛЬНАЯ КОМПАНИЯ ВСК"""
2022,321345.0,1254.0,11666.0,12920.0,5047154277,"ОБЩЕСТВО С ОГРАНИЧЕННОЙ ОТВЕТСТВЕННОСТЬЮ ""НОВАЯ СТРОИТЕЛЬНАЯ КОМПАНИЯ ВСК"""
2021,400573.0,6372.0,,6372.0,5047154277,"ОБЩЕСТВО С ОГРАНИЧЕННОЙ ОТВЕТСТВЕННОСТЬЮ ""НОВАЯ СТРОИТЕЛЬНАЯ КОМПАНИЯ ВСК"""
2025,282877.0,4.0,50.0,54.0,5404087415,"ОБЩЕСТВО С ОГРАНИЧЕННОЙ ОТВЕТСТВЕННОСТЬЮ  ""СМУ 54"""
2024,466361.0,5240.0,125.0,5365.0,5404087415,"ОБЩЕСТВО С ОГРАНИЧЕННОЙ ОТВЕТСТВЕННОСТЬЮ  ""СМУ 54"""
2023,367738.0,5066.0,525.0,5591.0,5404087415,"ОБЩЕСТВО С ОГРАНИЧЕННОЙ ОТВЕТСТВЕННОСТЬЮ  ""СМУ 54"""
2022,373302.0,2746.0,534.0,3280.0,5404087415,"ОБЩЕСТВО С ОГРАНИЧЕННОЙ ОТВЕТСТВЕННОСТЬЮ  ""СМУ 54"""
2021,348397.0,557.0,121.0,678.0,5404087415,"ОБЩЕСТВО С ОГРАНИЧЕННОЙ ОТВЕТСТВЕННОСТЬЮ  ""СМУ 54"""
2025,30492.0,-24800.0,,-24800.0,6314039955,"ОБЩЕСТВО С ОГРАНИЧЕННОЙ ОТВЕТСТВЕННОСТЬЮ ""КВ ХОЛДИНГ"""
2024,26052.0,3738.0,,3738.0,6314039955,"ОБЩЕСТВО С ОГРАНИЧЕННОЙ ОТВЕТСТВЕННОСТЬЮ ""КВ ХОЛДИНГ"""
2023,23021.0,424.0,,424.0,6314039955,"ОБЩЕСТВО С ОГРАНИЧЕННОЙ ОТВЕТСТВЕННОСТЬЮ ""КВ ХОЛДИНГ"""
2022,18543.0,-1759.0,,-1759.0,6314039955,"ОБЩЕСТВО С ОГРАНИЧЕННОЙ ОТВЕТСТВЕННОСТЬЮ ""КВ ХОЛДИНГ"""
2021,13867.0,-4250.0,,-4250.0,6314039955,"ОБЩЕСТВО С ОГРАНИЧЕННОЙ ОТВЕТСТВЕННОСТЬЮ ""КВ ХОЛДИНГ"""
2023,,145.0,,145.0,2635213132,"ОБЩЕСТВО С ОГРАНИЧЕННОЙ ОТВЕТСТВЕННОСТЬЮ ""СТРОИТЕЛЬНОЕ УПРАВЛЕНИЕ-15 ""ЮГСТРОЙИНВЕСТ"""
2022,0.0,-163.0,,-163.0,2635213132,"ОБЩЕСТВО С ОГРАНИЧЕННОЙ ОТВЕТСТВЕННОСТЬЮ ""СТРОИТЕЛЬНОЕ УПРАВЛЕНИЕ-15 ""ЮГСТРОЙИНВЕСТ"""
2021,573.0,-13256.0,,-13256.0,2635213132,"ОБЩЕСТВО С ОГРАНИЧЕННОЙ ОТВЕТСТВЕННОСТЬЮ ""СТРОИТЕЛЬНОЕ УПРАВЛЕНИЕ-15 ""ЮГСТРОЙИНВЕСТ"""
2025,300337.0,2926.0,0.0,2926.0,3666244982,"ОБЩЕСТВО С ОГРАНИЧЕННОЙ ОТВЕТСТВЕННОСТЬЮ УК ""СТРОЙКОМ"""
2024,71409.0,272.0,,272.0,3666244982,"ОБЩЕСТВО С ОГРАНИЧЕННОЙ ОТВЕТСТВЕННОСТЬЮ УК ""СТРОЙКОМ"""
2023,122134.0,-1700.0,,-1700.0,3666244982,"ОБЩЕСТВО С ОГРАНИЧЕННОЙ ОТВЕТСТВЕННОСТЬЮ УК ""СТРОЙКОМ"""
2022,380627.0,18085.0,,18085.0,3666244982,"ОБЩЕСТВО С ОГРАНИЧЕННОЙ ОТВЕТСТВЕННОСТЬЮ УК ""СТРОЙКОМ"""
2021,296046.0,4257.0,,4257.0,3666244982,"ОБЩЕСТВО С ОГРАНИЧЕННОЙ ОТВЕТСТВЕННОСТЬЮ УК ""СТРОЙКОМ"""
2025,184660.0,-132688.0,2165.0,-130523.0,7710478789,"АКЦИОНЕРНОЕ ОБЩЕСТВО ""МЕХЗАВОД"""
2024,200509.0,-170034.0,3446.0,-166588.0,7710478789,"АКЦИОНЕРНОЕ ОБЩЕСТВО ""МЕХЗАВОД"""
2023,186438.0,-5564.0,7896.0,2332.0,7710478789,"АКЦИОНЕРНОЕ ОБЩЕСТВО ""МЕХЗАВОД"""
2022,172025.0,-22605.0,21720.0,-885.0,7710478789,"АКЦИОНЕРНОЕ ОБЩЕСТВО ""МЕХЗАВОД"""
2021,156494.0,-56243.0,26126.0,-30117.0,7710478789,"АКЦИОНЕРНОЕ ОБЩЕСТВО ""МЕХЗАВОД"""
2025,220646.0,2462.0,,2462.0,7724731801,"ОБЩЕСТВО С ОГРАНИЧЕННОЙ ОТВЕТСТВЕННОСТЬЮ ""СТРОЙМОНТАЖ"""
2024,564629.0,5579.0,,5579.0,7724731801,"ОБЩЕСТВО С ОГРАНИЧЕННОЙ ОТВЕТСТВЕННОСТЬЮ ""СТРОЙМОНТАЖ"""
2023,80692.0,1060.0,,1060.0,7724731801,"ОБЩЕСТВО С ОГРАНИЧЕННОЙ ОТВЕТСТВЕННОСТЬЮ ""СТРОЙМОНТАЖ"""
2022,351367.0,4819.0,,4819.0,7724731801,"ОБЩЕСТВО С ОГРАНИЧЕННОЙ ОТВЕТСТВЕННОСТЬЮ ""СТРОЙМОНТАЖ"""
2021,243407.0,1046.0,,1046.0,7724731801,"ОБЩЕСТВО С ОГРАНИЧЕННОЙ ОТВЕТСТВЕННОСТЬЮ ""СТРОЙМОНТАЖ"""
2025,328123.0,7892.0,0.0,7892.0,7733892636,"ОБЩЕСТВО С ОГРАНИЧЕННОЙ ОТВЕТСТВЕННОСТЬЮ ""ТЕПЛОВОДОСТРОЙ"""
2024,138634.0,1063.0,0.0,1063.0,7733892636,"ОБЩЕСТВО С ОГРАНИЧЕННОЙ ОТВЕТСТВЕННОСТЬЮ ""ТЕПЛОВОДОСТРОЙ"""
2023,400854.0,1275.0,,1275.0,7733892636,"ОБЩЕСТВО С ОГРАНИЧЕННОЙ ОТВЕТСТВЕННОСТЬЮ ""ТЕПЛОВОДОСТРОЙ"""
2022,354195.0,967.0,0.0,967.0,7733892636,"ОБЩЕСТВО С ОГРАНИЧЕННОЙ ОТВЕТСТВЕННОСТЬЮ ""ТЕПЛОВОДОСТРОЙ"""
2021,448244.0,3630.0,441.0,4071.0,7733892636,"ОБЩЕСТВО С ОГРАНИЧЕННОЙ ОТВЕТСТВЕННОСТЬЮ ""ТЕПЛОВОДОСТРОЙ"""
2023,12150.0,-4798.0,,-4798.0,6672161747,"ОБЩЕСТВО С ОГРАНИЧЕННОЙ ОТВЕТСТВЕННОСТЬЮ ""УРАЛБИЛДИНГ"""
2022,8649.0,127.0,,127.0,6672161747,"ОБЩЕСТВО С ОГРАНИЧЕННОЙ ОТВЕТСТВЕННОСТЬЮ ""УРАЛБИЛДИНГ"""
2021,81477.0,875.0,,875.0,6672161747,"ОБЩЕСТВО С ОГРАНИЧЕННОЙ ОТВЕТСТВЕННОСТЬЮ ""УРАЛБИЛДИНГ"""
2025,,,,,2309157723,"ОБЩЕСТВО С ОГРАНИЧЕННОЙ ОТВЕТСТВЕННОСТЬЮ ""ИНЖЕНЕРНЫЕ ТЕХНОЛОГИЧЕСКИЕ СИСТЕМЫ"""
2024,,,,,2309157723,"ОБЩЕСТВО С ОГРАНИЧЕННОЙ ОТВЕТСТВЕННОСТЬЮ ""ИНЖЕНЕРНЫЕ ТЕХНОЛОГИЧЕСКИЕ СИСТЕМЫ"""
2022,215140.0,22211.0,,22211.0,2309157723,"ОБЩЕСТВО С ОГРАНИЧЕННОЙ ОТВЕТСТВЕННОСТЬЮ ""ИНЖЕНЕРНЫЕ ТЕХНОЛОГИЧЕСКИЕ СИСТЕМЫ"""
2021,646809.0,92.0,,92.0,2309157723,"ОБЩЕСТВО С ОГРАНИЧЕННОЙ ОТВЕТСТВЕННОСТЬЮ ""ИНЖЕНЕРНЫЕ ТЕХНОЛОГИЧЕСКИЕ СИСТЕМЫ"""
2025,1150187.0,1826.0,9510.0,11336.0,5905070500,"ОБЩЕСТВО С ОГРАНИЧЕННОЙ ОТВЕТСТВЕННОСТЬЮ ""СТРОИТЕЛЬНАЯ КОМПАНИЯ ЭТАЛОН"""
2024,720936.0,354.0,10571.0,10925.0,5905070500,"ОБЩЕСТВО С ОГРАНИЧЕННОЙ ОТВЕТСТВЕННОСТЬЮ ""СТРОИТЕЛЬНАЯ КОМПАНИЯ ЭТАЛОН"""
2023,587023.0,9885.0,6223.0,16108.0,5905070500,"ОБЩЕСТВО С ОГРАНИЧЕННОЙ ОТВЕТСТВЕННОСТЬЮ ""СТРОИТЕЛЬНАЯ КОМПАНИЯ ЭТАЛОН"""
2022,60239.0,1890.0,2204.0,4094.0,5905070500,"ОБЩЕСТВО С ОГРАНИЧЕННОЙ ОТВЕТСТВЕННОСТЬЮ ""СТРОИТЕЛЬНАЯ КОМПАНИЯ ЭТАЛОН"""
2025,278744.0,2954.0,,2954.0,3257063079,"ОБЩЕСТВО С ОГРАНИЧЕННОЙ ОТВЕТСТВЕННОСТЬЮ ""ТЕПЛОСТРОЙ"""
2024,231101.0,-2074.0,,-2074.0,3257063079,"ОБЩЕСТВО С ОГРАНИЧЕННОЙ ОТВЕТСТВЕННОСТЬЮ ""ТЕПЛОСТРОЙ"""
2023,197492.0,390.0,,390.0,3257063079,"ОБЩЕСТВО С ОГРАНИЧЕННОЙ ОТВЕТСТВЕННОСТЬЮ ""ТЕПЛОСТРОЙ"""
2022,230920.0,6755.0,,6755.0,3257063079,"ОБЩЕСТВО С ОГРАНИЧЕННОЙ ОТВЕТСТВЕННОСТЬЮ ""ТЕПЛОСТРОЙ"""
2021,220551.0,2048.0,,2048.0,3257063079,"ОБЩЕСТВО С ОГРАНИЧЕННОЙ ОТВЕТСТВЕННОСТЬЮ ""ТЕПЛОСТРОЙ"""
2025,189010.0,10894.0,722.0,11616.0,1901056000,"ОБЩЕСТВО С ОГРАНИЧЕННОЙ ОТВЕТСТВЕННОСТЬЮ ""ТЕХРЕМСЕРВИС"""
2024,98484.0,2675.0,932.0,3607.0,1901056000,"ОБЩЕСТВО С ОГРАНИЧЕННОЙ ОТВЕТСТВЕННОСТЬЮ ""ТЕХРЕМСЕРВИС"""
2023,165024.0,-2523.0,1094.0,-1429.0,1901056000,"ОБЩЕСТВО С ОГРАНИЧЕННОЙ ОТВЕТСТВЕННОСТЬЮ ""ТЕХРЕМСЕРВИС"""
2022,166603.0,3920.0,2162.0,6082.0,1901056000,"ОБЩЕСТВО С ОГРАНИЧЕННОЙ ОТВЕТСТВЕННОСТЬЮ ""ТЕХРЕМСЕРВИС"""
2021,114935.0,1607.0,2187.0,3794.0,1901056000,"ОБЩЕСТВО С ОГРАНИЧЕННОЙ ОТВЕТСТВЕННОСТЬЮ ""ТЕХРЕМСЕРВИС"""
2025,0.0,0.0,,0.0,6450070182,"ОБЩЕСТВО С ОГРАНИЧЕННОЙ ОТВЕТСТВЕННОСТЬЮ ""АРТЕФАКТ"""
2024,0.0,0.0,,0.0,6450070182,"ОБЩЕСТВО С ОГРАНИЧЕННОЙ ОТВЕТСТВЕННОСТЬЮ ""АРТЕФАКТ"""
2023,0.0,0.0,,0.0,6450070182,"ОБЩЕСТВО С ОГРАНИЧЕННОЙ ОТВЕТСТВЕННОСТЬЮ ""АРТЕФАКТ"""
2022,315385.0,8525.0,,8525.0,6450070182,"ОБЩЕСТВО С ОГРАНИЧЕННОЙ ОТВЕТСТВЕННОСТЬЮ ""АРТЕФАКТ"""
2021,1545234.0,43295.0,,43295.0,6450070182,"ОБЩЕСТВО С ОГРАНИЧЕННОЙ ОТВЕТСТВЕННОСТЬЮ ""АРТЕФАКТ"""
2025,283207.0,4363.0,2676.0,7039.0,7725291536,"ОБЩЕСТВО С ОГРАНИЧЕННОЙ ОТВЕТСТВЕННОСТЬЮ ""БГ-СТРОЙ"""
2024,27355.0,200.0,3166.0,3366.0,7725291536,"ОБЩЕСТВО С ОГРАНИЧЕННОЙ ОТВЕТСТВЕННОСТЬЮ ""БГ-СТРОЙ"""
2023,67817.0,5.0,60.0,65.0,7725291536,"ОБЩЕСТВО С ОГРАНИЧЕННОЙ ОТВЕТСТВЕННОСТЬЮ ""БГ-СТРОЙ"""
2022,783140.0,11670.0,72.0,11742.0,7725291536,"ОБЩЕСТВО С ОГРАНИЧЕННОЙ ОТВЕТСТВЕННОСТЬЮ ""БГ-СТРОЙ"""
2021,53624.0,1883.0,38.0,1921.0,7725291536,"ОБЩЕСТВО С ОГРАНИЧЕННОЙ ОТВЕТСТВЕННОСТЬЮ ""БГ-СТРОЙ"""
2025,1523299.0,34818.0,679.0,35497.0,7802449259,"ОБЩЕСТВО С ОГРАНИЧЕННОЙ ОТВЕТСТВЕННОСТЬЮ ""ТЕХАТОМСТРОЙ"""
2024,1032797.0,18465.0,90.0,18555.0,7802449259,"ОБЩЕСТВО С ОГРАНИЧЕННОЙ ОТВЕТСТВЕННОСТЬЮ ""ТЕХАТОМСТРОЙ"""
2023,30870.0,133712.0,321.0,134033.0,7802449259,"ОБЩЕСТВО С ОГРАНИЧЕННОЙ ОТВЕТСТВЕННОСТЬЮ ""ТЕХАТОМСТРОЙ"""
2022,127287.0,1384.0,395.0,1779.0,7802449259,"ОБЩЕСТВО С ОГРАНИЧЕННОЙ ОТВЕТСТВЕННОСТЬЮ ""ТЕХАТОМСТРОЙ"""
2021,125947.0,-26137.0,1.0,-26136.0,7802449259,"ОБЩЕСТВО С ОГРАНИЧЕННОЙ ОТВЕТСТВЕННОСТЬЮ ""ТЕХАТОМСТРОЙ"""
2025,14241.0,-2466.0,31.0,-2435.0,5263051318,"ОБЩЕСТВО С ОГРАНИЧЕННОЙ ОТВЕТСТВЕННОСТЬЮ ""ТОИР-СТРОЙ"""
2024,16659.0,4.0,70.0,74.0,5263051318,"ОБЩЕСТВО С ОГРАНИЧЕННОЙ ОТВЕТСТВЕННОСТЬЮ ""ТОИР-СТРОЙ"""
2023,15960.0,2.0,144.0,146.0,5263051318,"ОБЩЕСТВО С ОГРАНИЧЕННОЙ ОТВЕТСТВЕННОСТЬЮ ""ТОИР-СТРОЙ"""
2022,18531.0,-5.0,14.0,9.0,5263051318,"ОБЩЕСТВО С ОГРАНИЧЕННОЙ ОТВЕТСТВЕННОСТЬЮ ""ТОИР-СТРОЙ"""
2021,21610.0,8.0,,8.0,5263051318,"ОБЩЕСТВО С ОГРАНИЧЕННОЙ ОТВЕТСТВЕННОСТЬЮ ""ТОИР-СТРОЙ"""
2025,1150452.0,10680.0,1.0,10681.0,5032308069,"ОБЩЕСТВО С ОГРАНИЧЕННОЙ ОТВЕТСТВЕННОСТЬЮ ""РАДОНЕЖ-С"""
2024,1082441.0,2748.0,,2748.0,5032308069,"ОБЩЕСТВО С ОГРАНИЧЕННОЙ ОТВЕТСТВЕННОСТЬЮ ""РАДОНЕЖ-С"""
2023,581039.0,4390.0,,4390.0,5032308069,"ОБЩЕСТВО С ОГРАНИЧЕННОЙ ОТВЕТСТВЕННОСТЬЮ ""РАДОНЕЖ-С"""
2022,500010.0,383.0,,383.0,5032308069,"ОБЩЕСТВО С ОГРАНИЧЕННОЙ ОТВЕТСТВЕННОСТЬЮ ""РАДОНЕЖ-С"""
2021,440222.0,793.0,,793.0,5032308069,"ОБЩЕСТВО С ОГРАНИЧЕННОЙ ОТВЕТСТВЕННОСТЬЮ ""РАДОНЕЖ-С"""
2025,,0.0,,0.0,7448176899,"ОБЩЕСТВО С ОГРАНИЧЕННОЙ ОТВЕТСТВЕННОСТЬЮ ""РЕМОНТНО-СТРОИТЕЛЬНОЕ УПРАВЛЕНИЕ №9"""
2024,,0.0,,0.0,7448176899,"ОБЩЕСТВО С ОГРАНИЧЕННОЙ ОТВЕТСТВЕННОСТЬЮ ""РЕМОНТНО-СТРОИТЕЛЬНОЕ УПРАВЛЕНИЕ №9"""
2023,,0.0,,0.0,7448176899,"ОБЩЕСТВО С ОГРАНИЧЕННОЙ ОТВЕТСТВЕННОСТЬЮ ""РЕМОНТНО-СТРОИТЕЛЬНОЕ УПРАВЛЕНИЕ №9"""
2022,0.0,0.0,,0.0,7448176899,"ОБЩЕСТВО С ОГРАНИЧЕННОЙ ОТВЕТСТВЕННОСТЬЮ ""РЕМОНТНО-СТРОИТЕЛЬНОЕ УПРАВЛЕНИЕ №9"""
2021,9288.0,99.0,,99.0,7448176899,"ОБЩЕСТВО С ОГРАНИЧЕННОЙ ОТВЕТСТВЕННОСТЬЮ ""РЕМОНТНО-СТРОИТЕЛЬНОЕ УПРАВЛЕНИЕ №9"""
2022,493414.0,-172463.0,13021.0,-159442.0,5614071450,"ОБЩЕСТВО С ОГРАНИЧЕННОЙ ОТВЕТСТВЕННОСТЬЮ ""МЕГАКОМ"""
2021,562495.0,11214.0,9036.0,20250.0,5614071450,"ОБЩЕСТВО С ОГРАНИЧЕННОЙ ОТВЕТСТВЕННОСТЬЮ ""МЕГАКОМ"""
2025,89650.0,-133252.0,4496.0,-128756.0,3662232930,"ОБЩЕСТВО С ОГРАНИЧЕННОЙ ОТВЕТСТВЕННОСТЬЮ ""ТЕХНОЛОГИИ 21 ВЕК"""
2024,204513.0,488.0,5104.0,5592.0,3662232930,"ОБЩЕСТВО С ОГРАНИЧЕННОЙ ОТВЕТСТВЕННОСТЬЮ ""ТЕХНОЛОГИИ 21 ВЕК"""
2023,112613.0,576.0,1972.0,2548.0,3662232930,"ОБЩЕСТВО С ОГРАНИЧЕННОЙ ОТВЕТСТВЕННОСТЬЮ ""ТЕХНОЛОГИИ 21 ВЕК"""
2022,249321.0,973.0,1985.0,2958.0,3662232930,"ОБЩЕСТВО С ОГРАНИЧЕННОЙ ОТВЕТСТВЕННОСТЬЮ ""ТЕХНОЛОГИИ 21 ВЕК"""
2021,161651.0,827.0,1564.0,2391.0,3662232930,"ОБЩЕСТВО С ОГРАНИЧЕННОЙ ОТВЕТСТВЕННОСТЬЮ ""ТЕХНОЛОГИИ 21 ВЕК"""
2023,172773.0,221.0,,221.0,5010056386,"ОБЩЕСТВО С ОГРАНИЧЕННОЙ ОТВЕТСТВЕННОСТЬЮ ""СТРОИТЕЛЬНАЯ КОМПАНИЯ ""СПЕЦМОНТАЖ"""
2022,115743.0,226.0,,226.0,5010056386,"ОБЩЕСТВО С ОГРАНИЧЕННОЙ ОТВЕТСТВЕННОСТЬЮ ""СТРОИТЕЛЬНАЯ КОМПАНИЯ ""СПЕЦМОНТАЖ"""
2021,272353.0,102.0,,102.0,5010056386,"ОБЩЕСТВО С ОГРАНИЧЕННОЙ ОТВЕТСТВЕННОСТЬЮ ""СТРОИТЕЛЬНАЯ КОМПАНИЯ ""СПЕЦМОНТАЖ"""
2025,1050941.0,493.0,388.0,881.0,7810935439,"ОБЩЕСТВО С ОГРАНИЧЕННОЙ ОТВЕТСТВЕННОСТЬЮ ""АНТЕЙ"""
2024,337196.0,12302.0,,12302.0,7810935439,"ОБЩЕСТВО С ОГРАНИЧЕННОЙ ОТВЕТСТВЕННОСТЬЮ ""АНТЕЙ"""
2023,358182.0,1631.0,,1631.0,7810935439,"ОБЩЕСТВО С ОГРАНИЧЕННОЙ ОТВЕТСТВЕННОСТЬЮ ""АНТЕЙ"""
2022,271235.0,200.0,,200.0,7810935439,"ОБЩЕСТВО С ОГРАНИЧЕННОЙ ОТВЕТСТВЕННОСТЬЮ ""АНТЕЙ"""
2025,50492.0,2634.0,,2634.0,4246002044,"ОБЩЕСТВО С ОГРАНИЧЕННОЙ ОТВЕТСТВЕННОСТЬЮ ""СИБИРЬ"""
2024,56929.0,3173.0,,3173.0,4246002044,"ОБЩЕСТВО С ОГРАНИЧЕННОЙ ОТВЕТСТВЕННОСТЬЮ ""СИБИРЬ"""
2023,59995.0,1903.0,,1903.0,4246002044,"ОБЩЕСТВО С ОГРАНИЧЕННОЙ ОТВЕТСТВЕННОСТЬЮ ""СИБИРЬ"""
2022,56331.0,3359.0,,3359.0,4246002044,"ОБЩЕСТВО С ОГРАНИЧЕННОЙ ОТВЕТСТВЕННОСТЬЮ ""СИБИРЬ"""
2021,45109.0,-2709.0,,-2709.0,4246002044,"ОБЩЕСТВО С ОГРАНИЧЕННОЙ ОТВЕТСТВЕННОСТЬЮ ""СИБИРЬ"""
2025,2473.0,12.0,,12.0,7802924063,"ОБЩЕСТВО С ОГРАНИЧЕННОЙ ОТВЕТСТВЕННОСТЬЮ ""СК ГРОНТА"""
2024,221812.0,542.0,,542.0,7802924063,"ОБЩЕСТВО С ОГРАНИЧЕННОЙ ОТВЕТСТВЕННОСТЬЮ ""СК ГРОНТА"""
2023,304655.0,1730.0,,1730.0,7802924063,"ОБЩЕСТВО С ОГРАНИЧЕННОЙ ОТВЕТСТВЕННОСТЬЮ ""СК ГРОНТА"""
2022,127445.0,878.0,,878.0,7802924063,"ОБЩЕСТВО С ОГРАНИЧЕННОЙ ОТВЕТСТВЕННОСТЬЮ ""СК ГРОНТА"""
2025,1842873.0,29136.0,77.0,29213.0,5906077058,"ОБЩЕСТВО С ОГРАНИЧЕННОЙ ОТВЕТСТВЕННОСТЬЮ ""СТРОИТЕЛЬНАЯ КОМПАНИЯ ""ИНТЕРВАЛ"""
2024,798455.0,38562.0,372.0,38934.0,5906077058,"ОБЩЕСТВО С ОГРАНИЧЕННОЙ ОТВЕТСТВЕННОСТЬЮ ""СТРОИТЕЛЬНАЯ КОМПАНИЯ ""ИНТЕРВАЛ"""
2023,121059.0,3081.0,,3081.0,5906077058,"ОБЩЕСТВО С ОГРАНИЧЕННОЙ ОТВЕТСТВЕННОСТЬЮ ""СТРОИТЕЛЬНАЯ КОМПАНИЯ ""ИНТЕРВАЛ"""
2022,163277.0,7597.0,,7597.0,5906077058,"ОБЩЕСТВО С ОГРАНИЧЕННОЙ ОТВЕТСТВЕННОСТЬЮ ""СТРОИТЕЛЬНАЯ КОМПАНИЯ ""ИНТЕРВАЛ"""
2021,114982.0,1661.0,,1661.0,5906077058,"ОБЩЕСТВО С ОГРАНИЧЕННОЙ ОТВЕТСТВЕННОСТЬЮ ""СТРОИТЕЛЬНАЯ КОМПАНИЯ ""ИНТЕРВАЛ"""
2025,40148.0,27.0,,27.0,7321013830,"ОБЩЕСТВО С ОГРАНИЧЕННОЙ ОТВЕТСТВЕННОСТЬЮ ""ГЕФЕСТСТРОЙ"""
2024,351274.0,1304.0,,1304.0,7321013830,"ОБЩЕСТВО С ОГРАНИЧЕННОЙ ОТВЕТСТВЕННОСТЬЮ ""ГЕФЕСТСТРОЙ"""
2023,618671.0,4755.0,,4755.0,7321013830,"ОБЩЕСТВО С ОГРАНИЧЕННОЙ ОТВЕТСТВЕННОСТЬЮ ""ГЕФЕСТСТРОЙ"""
2022,1003924.0,6768.0,,6768.0,7321013830,"ОБЩЕСТВО С ОГРАНИЧЕННОЙ ОТВЕТСТВЕННОСТЬЮ ""ГЕФЕСТСТРОЙ"""
2021,167725.0,2594.0,,2594.0,7321013830,"ОБЩЕСТВО С ОГРАНИЧЕННОЙ ОТВЕТСТВЕННОСТЬЮ ""ГЕФЕСТСТРОЙ"""
2024,1290831.0,173.0,525.0,698.0,3665070740,"ОБЩЕСТВО С ОГРАНИЧЕННОЙ ОТВЕТСТВЕННОСТЬЮ ""КРОВМОНТАЖ-Р"""
2023,860612.0,35886.0,326.0,36212.0,3665070740,"ОБЩЕСТВО С ОГРАНИЧЕННОЙ ОТВЕТСТВЕННОСТЬЮ ""КРОВМОНТАЖ-Р"""
2022,612661.0,32712.0,594.0,33306.0,3665070740,"ОБЩЕСТВО С ОГРАНИЧЕННОЙ ОТВЕТСТВЕННОСТЬЮ ""КРОВМОНТАЖ-Р"""
2021,936132.0,20189.0,,20189.0,3665070740,"ОБЩЕСТВО С ОГРАНИЧЕННОЙ ОТВЕТСТВЕННОСТЬЮ ""КРОВМОНТАЖ-Р"""
2025,1204641.0,29508.0,,29508.0,2540215942,"ОБЩЕСТВО С ОГРАНИЧЕННОЙ ОТВЕТСТВЕННОСТЬЮ ""ДСМ"""
2024,686485.0,8283.0,0.0,8283.0,2540215942,"ОБЩЕСТВО С ОГРАНИЧЕННОЙ ОТВЕТСТВЕННОСТЬЮ ""ДСМ"""
2023,812062.0,16372.0,0.0,16372.0,2540215942,"ОБЩЕСТВО С ОГРАНИЧЕННОЙ ОТВЕТСТВЕННОСТЬЮ ""ДСМ"""
2022,1096162.0,24545.0,53.0,24598.0,2540215942,"ОБЩЕСТВО С ОГРАНИЧЕННОЙ ОТВЕТСТВЕННОСТЬЮ ""ДСМ"""
2021,454279.0,30973.0,68.0,31041.0,2540215942,"ОБЩЕСТВО С ОГРАНИЧЕННОЙ ОТВЕТСТВЕННОСТЬЮ ""ДСМ"""
2025,151375.0,-12815.0,0.0,-12815.0,7720650397,"ОБЩЕСТВО С ОГРАНИЧЕННОЙ ОТВЕТСТВЕННОСТЬЮ ""ТКО-СТРОЙ"""
2024,826115.0,68662.0,464.0,69126.0,7720650397,"ОБЩЕСТВО С ОГРАНИЧЕННОЙ ОТВЕТСТВЕННОСТЬЮ ""ТКО-СТРОЙ"""
2023,901996.0,6773.0,95.0,6868.0,7720650397,"ОБЩЕСТВО С ОГРАНИЧЕННОЙ ОТВЕТСТВЕННОСТЬЮ ""ТКО-СТРОЙ"""
2022,710217.0,21548.0,0.0,21548.0,7720650397,"ОБЩЕСТВО С ОГРАНИЧЕННОЙ ОТВЕТСТВЕННОСТЬЮ ""ТКО-СТРОЙ"""
2021,187173.0,4619.0,3.0,4622.0,7720650397,"ОБЩЕСТВО С ОГРАНИЧЕННОЙ ОТВЕТСТВЕННОСТЬЮ ""ТКО-СТРОЙ"""
2025,152483.0,-17501.0,,-17501.0,4727005697,"ОБЩЕСТВО С ОГРАНИЧЕННОЙ ОТВЕТСТВЕННОСТЬЮ ""СТРОИТЕЛЬНАЯ КОМПАНИЯ ВЫСОТНИК"""
2024,142431.0,16.0,,16.0,4727005697,"ОБЩЕСТВО С ОГРАНИЧЕННОЙ ОТВЕТСТВЕННОСТЬЮ ""СТРОИТЕЛЬНАЯ КОМПАНИЯ ВЫСОТНИК"""
2023,96217.0,-9429.0,,-9429.0,4727005697,"ОБЩЕСТВО С ОГРАНИЧЕННОЙ ОТВЕТСТВЕННОСТЬЮ ""СТРОИТЕЛЬНАЯ КОМПАНИЯ ВЫСОТНИК"""
2022,100862.0,7499.0,,7499.0,4727005697,"ОБЩЕСТВО С ОГРАНИЧЕННОЙ ОТВЕТСТВЕННОСТЬЮ ""СТРОИТЕЛЬНАЯ КОМПАНИЯ ВЫСОТНИК"""
2021,90914.0,-26323.0,,-26323.0,4727005697,"ОБЩЕСТВО С ОГРАНИЧЕННОЙ ОТВЕТСТВЕННОСТЬЮ ""СТРОИТЕЛЬНАЯ КОМПАНИЯ ВЫСОТНИК"""
2023,72941.0,-2749.0,,-2749.0,7701940534,"ОБЩЕСТВО С ОГРАНИЧЕННОЙ ОТВЕТСТВЕННОСТЬЮ ""ЭЛИТСТРОЙ"""
2022,91603.0,-6186.0,,-6186.0,7701940534,"ОБЩЕСТВО С ОГРАНИЧЕННОЙ ОТВЕТСТВЕННОСТЬЮ ""ЭЛИТСТРОЙ"""
2021,89270.0,5491.0,,5491.0,7701940534,"ОБЩЕСТВО С ОГРАНИЧЕННОЙ ОТВЕТСТВЕННОСТЬЮ ""ЭЛИТСТРОЙ"""
2025,9243.0,371.0,,371.0,5904095710,"ОБЩЕСТВО С ОГРАНИЧЕННОЙ ОТВЕТСТВЕННОСТЬЮ ""СДМ"""
2024,7985.0,-6925.0,,-6925.0,5904095710,"ОБЩЕСТВО С ОГРАНИЧЕННОЙ ОТВЕТСТВЕННОСТЬЮ ""СДМ"""
2023,23262.0,-11156.0,,-11156.0,5904095710,"ОБЩЕСТВО С ОГРАНИЧЕННОЙ ОТВЕТСТВЕННОСТЬЮ ""СДМ"""
2022,28978.0,-6737.0,,-6737.0,5904095710,"ОБЩЕСТВО С ОГРАНИЧЕННОЙ ОТВЕТСТВЕННОСТЬЮ ""СДМ"""
2021,21575.0,-6186.0,,-6186.0,5904095710,"ОБЩЕСТВО С ОГРАНИЧЕННОЙ ОТВЕТСТВЕННОСТЬЮ ""СДМ"""
2025,11937.0,-56.0,0.0,-56.0,3001041598,"ОБЩЕСТВО С ОГРАНИЧЕННОЙ ОТВЕТСТВЕННОСТЬЮ ""СТРОЙСЕРВИС"""
2024,12968.0,-1.0,0.0,-1.0,3001041598,"ОБЩЕСТВО С ОГРАНИЧЕННОЙ ОТВЕТСТВЕННОСТЬЮ ""СТРОЙСЕРВИС"""
2023,11340.0,48.0,0.0,48.0,3001041598,"ОБЩЕСТВО С ОГРАНИЧЕННОЙ ОТВЕТСТВЕННОСТЬЮ ""СТРОЙСЕРВИС"""
2022,13361.0,-376.0,,-376.0,3001041598,"ОБЩЕСТВО С ОГРАНИЧЕННОЙ ОТВЕТСТВЕННОСТЬЮ ""СТРОЙСЕРВИС"""
2021,17132.0,686.0,,686.0,3001041598,"ОБЩЕСТВО С ОГРАНИЧЕННОЙ ОТВЕТСТВЕННОСТЬЮ ""СТРОЙСЕРВИС"""
2025,,-2274.0,,-2274.0,5049022237,"ОБЩЕСТВО С ОГРАНИЧЕННОЙ ОТВЕТСТВЕННОСТЬЮ ""КОМПАНИЯ ""ШАТУРАВТО"""
2024,0.0,-159.0,580.0,421.0,5049022237,"ОБЩЕСТВО С ОГРАНИЧЕННОЙ ОТВЕТСТВЕННОСТЬЮ ""КОМПАНИЯ ""ШАТУРАВТО"""
2023,17151.0,-439.0,214.0,-225.0,5049022237,"ОБЩЕСТВО С ОГРАНИЧЕННОЙ ОТВЕТСТВЕННОСТЬЮ ""КОМПАНИЯ ""ШАТУРАВТО"""
2022,21554.0,-7084.0,289.0,-6795.0,5049022237,"ОБЩЕСТВО С ОГРАНИЧЕННОЙ ОТВЕТСТВЕННОСТЬЮ ""КОМПАНИЯ ""ШАТУРАВТО"""
2021,28879.0,-8798.0,510.0,-8288.0,5049022237,"ОБЩЕСТВО С ОГРАНИЧЕННОЙ ОТВЕТСТВЕННОСТЬЮ ""КОМПАНИЯ ""ШАТУРАВТО"""
2025,19429.0,0.0,0.0,0.0,1647016553,"ОБЩЕСТВО С ОГРАНИЧЕННОЙ ОТВЕТСТВЕННОСТЬЮ """"ВОЛГОЭНЕРГОМОНТАЖ"" КАМСКОЕ МОНТАЖНОЕ УПРАВЛЕНИЕ"""
2024,73278.0,373.0,249.0,622.0,1647016553,"ОБЩЕСТВО С ОГРАНИЧЕННОЙ ОТВЕТСТВЕННОСТЬЮ """"ВОЛГОЭНЕРГОМОНТАЖ"" КАМСКОЕ МОНТАЖНОЕ УПРАВЛЕНИЕ"""
2023,114906.0,777.0,,777.0,1647016553,"ОБЩЕСТВО С ОГРАНИЧЕННОЙ ОТВЕТСТВЕННОСТЬЮ """"ВОЛГОЭНЕРГОМОНТАЖ"" КАМСКОЕ МОНТАЖНОЕ УПРАВЛЕНИЕ"""
2022,94027.0,172.0,,172.0,1647016553,"ОБЩЕСТВО С ОГРАНИЧЕННОЙ ОТВЕТСТВЕННОСТЬЮ """"ВОЛГОЭНЕРГОМОНТАЖ"" КАМСКОЕ МОНТАЖНОЕ УПРАВЛЕНИЕ"""
2021,61718.0,3.0,,3.0,1647016553,"ОБЩЕСТВО С ОГРАНИЧЕННОЙ ОТВЕТСТВЕННОСТЬЮ """"ВОЛГОЭНЕРГОМОНТАЖ"" КАМСКОЕ МОНТАЖНОЕ УПРАВЛЕНИЕ"""
2022,168386.0,34.0,,34.0,3702247847,"ОБЩЕСТВО С ОГРАНИЧЕННОЙ ОТВЕТСТВЕННОСТЬЮ ""УМЕЛЕЦ"""
2025,,0.0,,0.0,7743168060,"ОБЩЕСТВО С ОГРАНИЧЕННОЙ ОТВЕТСТВЕННОСТЬЮ ""СТРОЙКАПИТАЛ 2016"""
2024,0.0,574.0,,574.0,7743168060,"ОБЩЕСТВО С ОГРАНИЧЕННОЙ ОТВЕТСТВЕННОСТЬЮ ""СТРОЙКАПИТАЛ 2016"""
2023,8122.0,20230.0,,20230.0,7743168060,"ОБЩЕСТВО С ОГРАНИЧЕННОЙ ОТВЕТСТВЕННОСТЬЮ ""СТРОЙКАПИТАЛ 2016"""
2022,475086.0,21450.0,,21450.0,7743168060,"ОБЩЕСТВО С ОГРАНИЧЕННОЙ ОТВЕТСТВЕННОСТЬЮ ""СТРОЙКАПИТАЛ 2016"""
2021,1486525.0,41419.0,,41419.0,7743168060,"ОБЩЕСТВО С ОГРАНИЧЕННОЙ ОТВЕТСТВЕННОСТЬЮ ""СТРОЙКАПИТАЛ 2016"""
2025,416884.0,5865.0,,5865.0,7447100174,"ОБЩЕСТВО С ОГРАНИЧЕННОЙ ОТВЕТСТВЕННОСТЬЮ ""СПЕЦКИСЛОРОДМОНТАЖ"""
2024,222220.0,1772.0,,1772.0,7447100174,"ОБЩЕСТВО С ОГРАНИЧЕННОЙ ОТВЕТСТВЕННОСТЬЮ ""СПЕЦКИСЛОРОДМОНТАЖ"""
2023,56234.0,865.0,,865.0,7447100174,"ОБЩЕСТВО С ОГРАНИЧЕННОЙ ОТВЕТСТВЕННОСТЬЮ ""СПЕЦКИСЛОРОДМОНТАЖ"""
2022,18437.0,221.0,,221.0,7447100174,"ОБЩЕСТВО С ОГРАНИЧЕННОЙ ОТВЕТСТВЕННОСТЬЮ ""СПЕЦКИСЛОРОДМОНТАЖ"""
2021,27255.0,-63.0,,-63.0,7447100174,"ОБЩЕСТВО С ОГРАНИЧЕННОЙ ОТВЕТСТВЕННОСТЬЮ ""СПЕЦКИСЛОРОДМОНТАЖ"""
2025,0.0,-3817.0,0.0,-3817.0,7721835231,"ОБЩЕСТВО С ОГРАНИЧЕННОЙ ОТВЕТСТВЕННОСТЬЮ ""СТРОЙГРАНД"""
2024,5777.0,1717.0,747.0,2464.0,7721835231,"ОБЩЕСТВО С ОГРАНИЧЕННОЙ ОТВЕТСТВЕННОСТЬЮ ""СТРОЙГРАНД"""
2023,319684.0,3853.0,0.0,3853.0,7721835231,"ОБЩЕСТВО С ОГРАНИЧЕННОЙ ОТВЕТСТВЕННОСТЬЮ ""СТРОЙГРАНД"""
2022,192621.0,5225.0,324.0,5549.0,7721835231,"ОБЩЕСТВО С ОГРАНИЧЕННОЙ ОТВЕТСТВЕННОСТЬЮ ""СТРОЙГРАНД"""
2021,186977.0,4698.0,,4698.0,7721835231,"ОБЩЕСТВО С ОГРАНИЧЕННОЙ ОТВЕТСТВЕННОСТЬЮ ""СТРОЙГРАНД"""
2024,37.0,270.0,,270.0,2130163930,"ОБЩЕСТВО С ОГРАНИЧЕННОЙ ОТВЕТСТВЕННОСТЬЮ ""СТРОЙТЕХ"""
2023,89958.0,1628.0,0.0,1628.0,2130163930,"ОБЩЕСТВО С ОГРАНИЧЕННОЙ ОТВЕТСТВЕННОСТЬЮ ""СТРОЙТЕХ"""
2022,217053.0,5770.0,3627.0,9397.0,2130163930,"ОБЩЕСТВО С ОГРАНИЧЕННОЙ ОТВЕТСТВЕННОСТЬЮ ""СТРОЙТЕХ"""
2021,191445.0,6880.0,5398.0,12278.0,2130163930,"ОБЩЕСТВО С ОГРАНИЧЕННОЙ ОТВЕТСТВЕННОСТЬЮ ""СТРОЙТЕХ"""
2025,45309.0,-32162.0,,-32162.0,3812144837,"ОБЩЕСТВО С ОГРАНИЧЕННОЙ ОТВЕТСТВЕННОСТЬЮ ""ДОРОЖНАЯ СТРОИТЕЛЬНАЯ КОМПАНИЯ ИРКУТСКАЯ"""
2024,59162.0,-24497.0,,-24497.0,3812144837,"ОБЩЕСТВО С ОГРАНИЧЕННОЙ ОТВЕТСТВЕННОСТЬЮ ""ДОРОЖНАЯ СТРОИТЕЛЬНАЯ КОМПАНИЯ ИРКУТСКАЯ"""
2023,102794.0,-576.0,,-576.0,3812144837,"ОБЩЕСТВО С ОГРАНИЧЕННОЙ ОТВЕТСТВЕННОСТЬЮ ""ДОРОЖНАЯ СТРОИТЕЛЬНАЯ КОМПАНИЯ ИРКУТСКАЯ"""
2022,131597.0,1160.0,,1160.0,3812144837,"ОБЩЕСТВО С ОГРАНИЧЕННОЙ ОТВЕТСТВЕННОСТЬЮ ""ДОРОЖНАЯ СТРОИТЕЛЬНАЯ КОМПАНИЯ ИРКУТСКАЯ"""
2021,135213.0,10039.0,,10039.0,3812144837,"ОБЩЕСТВО С ОГРАНИЧЕННОЙ ОТВЕТСТВЕННОСТЬЮ ""ДОРОЖНАЯ СТРОИТЕЛЬНАЯ КОМПАНИЯ ИРКУТСКАЯ"""
2025,15943.0,1441.0,,1441.0,5246034383,"ОБЩЕСТВО С ОГРАНИЧЕННОЙ ОТВЕТСТВЕННОСТЬЮ ""ГОРГАЗ-СЕРВИС"""
2024,23944.0,986.0,,986.0,5246034383,"ОБЩЕСТВО С ОГРАНИЧЕННОЙ ОТВЕТСТВЕННОСТЬЮ ""ГОРГАЗ-СЕРВИС"""
2023,49086.0,-528.0,,-528.0,5246034383,"ОБЩЕСТВО С ОГРАНИЧЕННОЙ ОТВЕТСТВЕННОСТЬЮ ""ГОРГАЗ-СЕРВИС"""
2022,24597.0,671.0,,671.0,5246034383,"ОБЩЕСТВО С ОГРАНИЧЕННОЙ ОТВЕТСТВЕННОСТЬЮ ""ГОРГАЗ-СЕРВИС"""
2021,27010.0,1599.0,,1599.0,5246034383,"ОБЩЕСТВО С ОГРАНИЧЕННОЙ ОТВЕТСТВЕННОСТЬЮ ""ГОРГАЗ-СЕРВИС"""
2025,4540.0,-10694.0,,-10694.0,2801133373,"ОБЩЕСТВО С ОГРАНИЧЕННОЙ ОТВЕТСТВЕННОСТЬЮ ""АДОНИС"""
2024,27779.0,5.0,,5.0,2801133373,"ОБЩЕСТВО С ОГРАНИЧЕННОЙ ОТВЕТСТВЕННОСТЬЮ ""АДОНИС"""
2023,11263.0,-81.0,,-81.0,2801133373,"ОБЩЕСТВО С ОГРАНИЧЕННОЙ ОТВЕТСТВЕННОСТЬЮ ""АДОНИС"""
2022,23971.0,-40.0,,-40.0,2801133373,"ОБЩЕСТВО С ОГРАНИЧЕННОЙ ОТВЕТСТВЕННОСТЬЮ ""АДОНИС"""
2021,40763.0,-5166.0,,-5166.0,2801133373,"ОБЩЕСТВО С ОГРАНИЧЕННОЙ ОТВЕТСТВЕННОСТЬЮ ""АДОНИС"""
2025,90090.0,16714.0,,16714.0,8601049319,"ОБЩЕСТВО С ОГРАНИЧЕННОЙ ОТВЕТСТВЕННОСТЬЮ ""МОНТАЖСТРОЙСЕРВИС"""
2024,89649.0,2049.0,,2049.0,8601049319,"ОБЩЕСТВО С ОГРАНИЧЕННОЙ ОТВЕТСТВЕННОСТЬЮ ""МОНТАЖСТРОЙСЕРВИС"""
2023,66651.0,3671.0,,3671.0,8601049319,"ОБЩЕСТВО С ОГРАНИЧЕННОЙ ОТВЕТСТВЕННОСТЬЮ ""МОНТАЖСТРОЙСЕРВИС"""
2021,77138000.0,1622677.0,,1622677.0,8601049319,"ОБЩЕСТВО С ОГРАНИЧЕННОЙ ОТВЕТСТВЕННОСТЬЮ ""МОНТАЖСТРОЙСЕРВИС"""
2025,973307.0,11663.0,0.0,11663.0,2723130767,"ОБЩЕСТВО С ОГРАНИЧЕННОЙ ОТВЕТСТВЕННОСТЬЮ ""ДАЛЬИНТЕР-СЕРВИС"""
2024,995834.0,372487.0,0.0,372487.0,2723130767,"ОБЩЕСТВО С ОГРАНИЧЕННОЙ ОТВЕТСТВЕННОСТЬЮ ""ДАЛЬИНТЕР-СЕРВИС"""
2023,518010.0,4465.0,1919.0,6384.0,2723130767,"ОБЩЕСТВО С ОГРАНИЧЕННОЙ ОТВЕТСТВЕННОСТЬЮ ""ДАЛЬИНТЕР-СЕРВИС"""
2022,442578.0,19722.0,300.0,20022.0,2723130767,"ОБЩЕСТВО С ОГРАНИЧЕННОЙ ОТВЕТСТВЕННОСТЬЮ ""ДАЛЬИНТЕР-СЕРВИС"""
2021,324379.0,19399.0,822.0,20221.0,2723130767,"ОБЩЕСТВО С ОГРАНИЧЕННОЙ ОТВЕТСТВЕННОСТЬЮ ""ДАЛЬИНТЕР-СЕРВИС"""
2025,573521.0,20370.0,13041.0,33411.0,2311103732,"ОБЩЕСТВО С ОГРАНИЧЕННОЙ ОТВЕТСТВЕННОСТЬЮ ""ВИТА СТРОЙ"""
2024,209293.0,11104.0,10085.0,21189.0,2311103732,"ОБЩЕСТВО С ОГРАНИЧЕННОЙ ОТВЕТСТВЕННОСТЬЮ ""ВИТА СТРОЙ"""
2023,202476.0,6558.0,-8366.0,-1808.0,2311103732,"ОБЩЕСТВО С ОГРАНИЧЕННОЙ ОТВЕТСТВЕННОСТЬЮ ""ВИТА СТРОЙ"""
2022,235547.0,4849.0,4707.0,9556.0,2311103732,"ОБЩЕСТВО С ОГРАНИЧЕННОЙ ОТВЕТСТВЕННОСТЬЮ ""ВИТА СТРОЙ"""
2021,125817.0,1973.0,1708.0,3681.0,2311103732,"ОБЩЕСТВО С ОГРАНИЧЕННОЙ ОТВЕТСТВЕННОСТЬЮ ""ВИТА СТРОЙ"""
2025,324335.0,14820.0,,14820.0,6316172423,"ОБЩЕСТВО С ОГРАНИЧЕННОЙ ОТВЕТСТВЕННОСТЬЮ ""МОНОЛИТСТРОЙ"""
2024,265141.0,15713.0,,15713.0,6316172423,"ОБЩЕСТВО С ОГРАНИЧЕННОЙ ОТВЕТСТВЕННОСТЬЮ ""МОНОЛИТСТРОЙ"""
2023,163090.0,561.0,,561.0,6316172423,"ОБЩЕСТВО С ОГРАНИЧЕННОЙ ОТВЕТСТВЕННОСТЬЮ ""МОНОЛИТСТРОЙ"""
2022,208377.0,17320.0,,17320.0,6316172423,"ОБЩЕСТВО С ОГРАНИЧЕННОЙ ОТВЕТСТВЕННОСТЬЮ ""МОНОЛИТСТРОЙ"""
2021,181631.0,16181.0,,16181.0,6316172423,"ОБЩЕСТВО С ОГРАНИЧЕННОЙ ОТВЕТСТВЕННОСТЬЮ ""МОНОЛИТСТРОЙ"""
2025,2200.0,-15401.0,3070.0,-12331.0,2130098953,"ОБЩЕСТВО С ОГРАНИЧЕННОЙ ОТВЕТСТВЕННОСТЬЮ ""РЕКОН-РАЗВИТИЕ"""
2024,17268.0,518.0,812.0,1330.0,2130098953,"ОБЩЕСТВО С ОГРАНИЧЕННОЙ ОТВЕТСТВЕННОСТЬЮ ""РЕКОН-РАЗВИТИЕ"""
2023,15790.0,8465.0,285.0,8750.0,2130098953,"ОБЩЕСТВО С ОГРАНИЧЕННОЙ ОТВЕТСТВЕННОСТЬЮ ""РЕКОН-РАЗВИТИЕ"""
2022,59671.0,-1870.0,177.0,-1693.0,2130098953,"ОБЩЕСТВО С ОГРАНИЧЕННОЙ ОТВЕТСТВЕННОСТЬЮ ""РЕКОН-РАЗВИТИЕ"""
2021,22284.0,1119.0,82.0,1201.0,2130098953,"ОБЩЕСТВО С ОГРАНИЧЕННОЙ ОТВЕТСТВЕННОСТЬЮ ""РЕКОН-РАЗВИТИЕ"""
2025,403295.0,10340.0,21765.0,32105.0,0523013205,"ОБЩЕСТВО С ОГРАНИЧЕННОЙ ОТВЕТСТВЕННОСТЬЮ ""МОНСТРОЙ"""
2024,414537.0,98007.0,8985.0,106992.0,0523013205,"ОБЩЕСТВО С ОГРАНИЧЕННОЙ ОТВЕТСТВЕННОСТЬЮ ""МОНСТРОЙ"""
2023,73412.0,-22017.0,8778.0,-13239.0,0523013205,"ОБЩЕСТВО С ОГРАНИЧЕННОЙ ОТВЕТСТВЕННОСТЬЮ ""МОНСТРОЙ"""
2022,1109102.0,20761.0,15269.0,36030.0,0523013205,"ОБЩЕСТВО С ОГРАНИЧЕННОЙ ОТВЕТСТВЕННОСТЬЮ ""МОНСТРОЙ"""
2021,632528.0,7833.0,10773.0,18606.0,0523013205,"ОБЩЕСТВО С ОГРАНИЧЕННОЙ ОТВЕТСТВЕННОСТЬЮ ""МОНСТРОЙ"""
2025,314710.0,19251.0,2257.0,21508.0,1658196107,"ОБЩЕСТВО С ОГРАНИЧЕННОЙ ОТВЕТСТВЕННОСТЬЮ ""ПРОМСТРОЙМОНТАЖ"""
2024,458002.0,68872.0,141.0,69013.0,1658196107,"ОБЩЕСТВО С ОГРАНИЧЕННОЙ ОТВЕТСТВЕННОСТЬЮ ""ПРОМСТРОЙМОНТАЖ"""
2023,375703.0,286416.0,,286416.0,1658196107,"ОБЩЕСТВО С ОГРАНИЧЕННОЙ ОТВЕТСТВЕННОСТЬЮ ""ПРОМСТРОЙМОНТАЖ"""
2022,353810.0,33877.0,,33877.0,1658196107,"ОБЩЕСТВО С ОГРАНИЧЕННОЙ ОТВЕТСТВЕННОСТЬЮ ""ПРОМСТРОЙМОНТАЖ"""
2021,319013.0,150479.0,0.0,150479.0,1658196107,"ОБЩЕСТВО С ОГРАНИЧЕННОЙ ОТВЕТСТВЕННОСТЬЮ ""ПРОМСТРОЙМОНТАЖ"""
2025,69836.0,139.0,,139.0,6670344583,"ОБЩЕСТВО С ОГРАНИЧЕННОЙ ОТВЕТСТВЕННОСТЬЮ ""СИНАНГРУПП"""
2024,78255.0,531.0,,531.0,6670344583,"ОБЩЕСТВО С ОГРАНИЧЕННОЙ ОТВЕТСТВЕННОСТЬЮ ""СИНАНГРУПП"""
2023,109272.0,495.0,,495.0,6670344583,"ОБЩЕСТВО С ОГРАНИЧЕННОЙ ОТВЕТСТВЕННОСТЬЮ ""СИНАНГРУПП"""
2025,164970.0,2555.0,,2555.0,5075025996,"ОБЩЕСТВО С ОГРАНИЧЕННОЙ ОТВЕТСТВЕННОСТЬЮ ""ГАЗТЕПЛОПРОМ"""
2024,121495.0,2471.0,,2471.0,5075025996,"ОБЩЕСТВО С ОГРАНИЧЕННОЙ ОТВЕТСТВЕННОСТЬЮ ""ГАЗТЕПЛОПРОМ"""
2023,54883.0,533.0,,533.0,5075025996,"ОБЩЕСТВО С ОГРАНИЧЕННОЙ ОТВЕТСТВЕННОСТЬЮ ""ГАЗТЕПЛОПРОМ"""
2022,76962.0,1053.0,,1053.0,5075025996,"ОБЩЕСТВО С ОГРАНИЧЕННОЙ ОТВЕТСТВЕННОСТЬЮ ""ГАЗТЕПЛОПРОМ"""
2021,64657.0,459.0,,459.0,5075025996,"ОБЩЕСТВО С ОГРАНИЧЕННОЙ ОТВЕТСТВЕННОСТЬЮ ""ГАЗТЕПЛОПРОМ"""
2025,213687.0,7889.0,,7889.0,7105055874,"ОБЩЕСТВО С ОГРАНИЧЕННОЙ ОТВЕТСТВЕННОСТЬЮ ""СОЮЗПРОМТОРГ"""
2024,115317.0,8202.0,,8202.0,7105055874,"ОБЩЕСТВО С ОГРАНИЧЕННОЙ ОТВЕТСТВЕННОСТЬЮ ""СОЮЗПРОМТОРГ"""
2023,460581.0,7970.0,,7970.0,7105055874,"ОБЩЕСТВО С ОГРАНИЧЕННОЙ ОТВЕТСТВЕННОСТЬЮ ""СОЮЗПРОМТОРГ"""
2022,327492.0,7417.0,,7417.0,7105055874,"ОБЩЕСТВО С ОГРАНИЧЕННОЙ ОТВЕТСТВЕННОСТЬЮ ""СОЮЗПРОМТОРГ"""
2021,199946.0,6843.0,,6843.0,7105055874,"ОБЩЕСТВО С ОГРАНИЧЕННОЙ ОТВЕТСТВЕННОСТЬЮ ""СОЮЗПРОМТОРГ"""
2024,,,,,6413009430,"ОБЩЕСТВО С ОГРАНИЧЕННОЙ ОТВЕТСТВЕННОСТЬЮ ""ЕРШОВСКИЙ ЗАВОД БЕТОННЫХ ИЗДЕЛИЙ"""
2023,,,,,6413009430,"ОБЩЕСТВО С ОГРАНИЧЕННОЙ ОТВЕТСТВЕННОСТЬЮ ""ЕРШОВСКИЙ ЗАВОД БЕТОННЫХ ИЗДЕЛИЙ"""
2021,77265.0,90.0,,90.0,6413009430,"ОБЩЕСТВО С ОГРАНИЧЕННОЙ ОТВЕТСТВЕННОСТЬЮ ""ЕРШОВСКИЙ ЗАВОД БЕТОННЫХ ИЗДЕЛИЙ"""
2025,232988.0,1466.0,1083.0,2549.0,7204159264,"ОБЩЕСТВО С ОГРАНИЧЕННОЙ ОТВЕТСТВЕННОСТЬЮ ""ТЮМЕНЬПРОММОНТАЖ"""
2024,371567.0,3698.0,1813.0,5511.0,7204159264,"ОБЩЕСТВО С ОГРАНИЧЕННОЙ ОТВЕТСТВЕННОСТЬЮ ""ТЮМЕНЬПРОММОНТАЖ"""
2023,160026.0,1463.0,1800.0,3263.0,7204159264,"ОБЩЕСТВО С ОГРАНИЧЕННОЙ ОТВЕТСТВЕННОСТЬЮ ""ТЮМЕНЬПРОММОНТАЖ"""
2022,207905.0,1325.0,839.0,2164.0,7204159264,"ОБЩЕСТВО С ОГРАНИЧЕННОЙ ОТВЕТСТВЕННОСТЬЮ ""ТЮМЕНЬПРОММОНТАЖ"""
2021,47840.0,-10722.0,871.0,-9851.0,7204159264,"ОБЩЕСТВО С ОГРАНИЧЕННОЙ ОТВЕТСТВЕННОСТЬЮ ""ТЮМЕНЬПРОММОНТАЖ"""
2025,1629908.0,218168.0,,218168.0,2524004983,"ОБЩЕСТВО С ОГРАНИЧЕННОЙ ОТВЕТСТВЕННОСТЬЮ ""КАПСТРОЙ"""
2024,2958053.0,589116.0,,589116.0,2524004983,"ОБЩЕСТВО С ОГРАНИЧЕННОЙ ОТВЕТСТВЕННОСТЬЮ ""КАПСТРОЙ"""
2023,1909701.0,266510.0,,266510.0,2524004983,"ОБЩЕСТВО С ОГРАНИЧЕННОЙ ОТВЕТСТВЕННОСТЬЮ ""КАПСТРОЙ"""
2022,1386615.0,62674.0,0.0,62674.0,2524004983,"ОБЩЕСТВО С ОГРАНИЧЕННОЙ ОТВЕТСТВЕННОСТЬЮ ""КАПСТРОЙ"""
2021,1111932.0,21209.0,85.0,21294.0,2524004983,"ОБЩЕСТВО С ОГРАНИЧЕННОЙ ОТВЕТСТВЕННОСТЬЮ ""КАПСТРОЙ"""
2022,119905.0,89.0,340.0,429.0,7810750660,"ОБЩЕСТВО С ОГРАНИЧЕННОЙ ОТВЕТСТВЕННОСТЬЮ ""ПРОМЫШЛЕННОЕ СНАБЖЕНИЕ"""
2021,561893.0,17137.0,3393.0,20530.0,7810750660,"ОБЩЕСТВО С ОГРАНИЧЕННОЙ ОТВЕТСТВЕННОСТЬЮ ""ПРОМЫШЛЕННОЕ СНАБЖЕНИЕ"""
2025,244074.0,584.0,,584.0,7708353782,"ОБЩЕСТВО С ОГРАНИЧЕННОЙ ОТВЕТСТВЕННОСТЬЮ МСК ""ПАРИТЕТ"""
2024,240679.0,480.0,,480.0,7708353782,"ОБЩЕСТВО С ОГРАНИЧЕННОЙ ОТВЕТСТВЕННОСТЬЮ МСК ""ПАРИТЕТ"""
2023,223024.0,507.0,,507.0,7708353782,"ОБЩЕСТВО С ОГРАНИЧЕННОЙ ОТВЕТСТВЕННОСТЬЮ МСК ""ПАРИТЕТ"""
2022,234492.0,587.0,,587.0,7708353782,"ОБЩЕСТВО С ОГРАНИЧЕННОЙ ОТВЕТСТВЕННОСТЬЮ МСК ""ПАРИТЕТ"""
2021,123976.0,313.0,,313.0,7708353782,"ОБЩЕСТВО С ОГРАНИЧЕННОЙ ОТВЕТСТВЕННОСТЬЮ МСК ""ПАРИТЕТ"""
2025,276947.0,155.0,8389.0,8544.0,1326233316,"ОБЩЕСТВО С ОГРАНИЧЕННОЙ ОТВЕТСТВЕННОСТЬЮ СТРОИТЕЛЬНАЯ КОМПАНИЯ ""СТРОЙКОМ"""
2024,349828.0,367.0,,367.0,1326233316,"ОБЩЕСТВО С ОГРАНИЧЕННОЙ ОТВЕТСТВЕННОСТЬЮ СТРОИТЕЛЬНАЯ КОМПАНИЯ ""СТРОЙКОМ"""
2023,292476.0,304.0,,304.0,1326233316,"ОБЩЕСТВО С ОГРАНИЧЕННОЙ ОТВЕТСТВЕННОСТЬЮ СТРОИТЕЛЬНАЯ КОМПАНИЯ ""СТРОЙКОМ"""
2022,238416.0,252.0,,252.0,1326233316,"ОБЩЕСТВО С ОГРАНИЧЕННОЙ ОТВЕТСТВЕННОСТЬЮ СТРОИТЕЛЬНАЯ КОМПАНИЯ ""СТРОЙКОМ"""
2021,147265.0,751.0,,751.0,1326233316,"ОБЩЕСТВО С ОГРАНИЧЕННОЙ ОТВЕТСТВЕННОСТЬЮ СТРОИТЕЛЬНАЯ КОМПАНИЯ ""СТРОЙКОМ"""
2022,267500.0,1696.0,,1696.0,7017421842,"ОБЩЕСТВО С ОГРАНИЧЕННОЙ ОТВЕТСТВЕННОСТЬЮ ""СИБСТРОЙПРОЕКТ"""
2021,276406.0,1276.0,,1276.0,7017421842,"ОБЩЕСТВО С ОГРАНИЧЕННОЙ ОТВЕТСТВЕННОСТЬЮ ""СИБСТРОЙПРОЕКТ"""
2025,1923013.0,42712.0,,42712.0,0608005450,"ОБЩЕСТВО С ОГРАНИЧЕННОЙ ОТВЕТСТВЕННОСТЬЮ ""РУССТРОЙ"""
2024,671356.0,13264.0,,13264.0,0608005450,"ОБЩЕСТВО С ОГРАНИЧЕННОЙ ОТВЕТСТВЕННОСТЬЮ ""РУССТРОЙ"""
2023,1119522.0,44781.0,,44781.0,0608005450,"ОБЩЕСТВО С ОГРАНИЧЕННОЙ ОТВЕТСТВЕННОСТЬЮ ""РУССТРОЙ"""
2022,214575.0,8583.0,,8583.0,0608005450,"ОБЩЕСТВО С ОГРАНИЧЕННОЙ ОТВЕТСТВЕННОСТЬЮ ""РУССТРОЙ"""
2021,189971.0,11398.0,,11398.0,0608005450,"ОБЩЕСТВО С ОГРАНИЧЕННОЙ ОТВЕТСТВЕННОСТЬЮ ""РУССТРОЙ"""
2025,0.0,-39242.0,4312.0,-34930.0,6164122224,"ОБЩЕСТВО С ОГРАНИЧЕННОЙ ОТВЕТСТВЕННОСТЬЮ ""ТИТАН"""
2024,28413.0,14833.0,5079.0,19912.0,6164122224,"ОБЩЕСТВО С ОГРАНИЧЕННОЙ ОТВЕТСТВЕННОСТЬЮ ""ТИТАН"""
2023,425535.0,23406.0,2905.0,26311.0,6164122224,"ОБЩЕСТВО С ОГРАНИЧЕННОЙ ОТВЕТСТВЕННОСТЬЮ ""ТИТАН"""
2022,165343.0,17674.0,1196.0,18870.0,6164122224,"ОБЩЕСТВО С ОГРАНИЧЕННОЙ ОТВЕТСТВЕННОСТЬЮ ""ТИТАН"""
2021,495014.0,-6627.0,1102.0,-5525.0,6164122224,"ОБЩЕСТВО С ОГРАНИЧЕННОЙ ОТВЕТСТВЕННОСТЬЮ ""ТИТАН"""
2025,101028.0,857.0,0.0,857.0,7703307101,"ОБЩЕСТВО С ОГРАНИЧЕННОЙ ОТВЕТСТВЕННОСТЬЮ ""СТРОИТЕЛЬСТВО ТЕХНОЛОГИИ МОНТАЖ"""
2024,268920.0,15625.0,107.0,15732.0,7703307101,"ОБЩЕСТВО С ОГРАНИЧЕННОЙ ОТВЕТСТВЕННОСТЬЮ ""СТРОИТЕЛЬСТВО ТЕХНОЛОГИИ МОНТАЖ"""
2023,217097.0,1961.0,86.0,2047.0,7703307101,"ОБЩЕСТВО С ОГРАНИЧЕННОЙ ОТВЕТСТВЕННОСТЬЮ ""СТРОИТЕЛЬСТВО ТЕХНОЛОГИИ МОНТАЖ"""
2022,144294.0,1841.0,,1841.0,7703307101,"ОБЩЕСТВО С ОГРАНИЧЕННОЙ ОТВЕТСТВЕННОСТЬЮ ""СТРОИТЕЛЬСТВО ТЕХНОЛОГИИ МОНТАЖ"""
2021,87047.0,562.0,,562.0,7703307101,"ОБЩЕСТВО С ОГРАНИЧЕННОЙ ОТВЕТСТВЕННОСТЬЮ ""СТРОИТЕЛЬСТВО ТЕХНОЛОГИИ МОНТАЖ"""
2025,457545.0,1567.0,0.0,1567.0,7714300669,"ОБЩЕСТВО С ОГРАНИЧЕННОЙ ОТВЕТСТВЕННОСТЬЮ ""ГАРДЕНА ТРЕЙДИНГ"""
2024,475599.0,5261.0,,5261.0,7714300669,"ОБЩЕСТВО С ОГРАНИЧЕННОЙ ОТВЕТСТВЕННОСТЬЮ ""ГАРДЕНА ТРЕЙДИНГ"""
2023,290479.0,3655.0,,3655.0,7714300669,"ОБЩЕСТВО С ОГРАНИЧЕННОЙ ОТВЕТСТВЕННОСТЬЮ ""ГАРДЕНА ТРЕЙДИНГ"""
2022,410572.0,-4578.0,,-4578.0,7714300669,"ОБЩЕСТВО С ОГРАНИЧЕННОЙ ОТВЕТСТВЕННОСТЬЮ ""ГАРДЕНА ТРЕЙДИНГ"""
2021,379226.0,1537.0,,1537.0,7714300669,"ОБЩЕСТВО С ОГРАНИЧЕННОЙ ОТВЕТСТВЕННОСТЬЮ ""ГАРДЕНА ТРЕЙДИНГ"""
2025,172766.0,893.0,101.0,994.0,7329004876,"ОБЩЕСТВО С ОГРАНИЧЕННОЙ ОТВЕТСТВЕННОСТЬЮ ""УНИВЕРСАЛСТРОЙ"""
2024,134397.0,131.0,199.0,330.0,7329004876,"ОБЩЕСТВО С ОГРАНИЧЕННОЙ ОТВЕТСТВЕННОСТЬЮ ""УНИВЕРСАЛСТРОЙ"""
2023,204023.0,4774.0,421.0,5195.0,7329004876,"ОБЩЕСТВО С ОГРАНИЧЕННОЙ ОТВЕТСТВЕННОСТЬЮ ""УНИВЕРСАЛСТРОЙ"""
2022,148259.0,12970.0,139.0,13109.0,7329004876,"ОБЩЕСТВО С ОГРАНИЧЕННОЙ ОТВЕТСТВЕННОСТЬЮ ""УНИВЕРСАЛСТРОЙ"""
2021,84267.0,1597.0,277.0,1874.0,7329004876,"ОБЩЕСТВО С ОГРАНИЧЕННОЙ ОТВЕТСТВЕННОСТЬЮ ""УНИВЕРСАЛСТРОЙ"""
2025,350324.0,1223.0,3926.0,5149.0,0274150230,"ОБЩЕСТВО С ОГРАНИЧЕННОЙ ОТВЕТСТВЕННОСТЬЮ ""СТРОИТЕЛЬНАЯ ФИРМА - 15 БНЗС"""
2024,234136.0,124.0,2119.0,2243.0,0274150230,"ОБЩЕСТВО С ОГРАНИЧЕННОЙ ОТВЕТСТВЕННОСТЬЮ ""СТРОИТЕЛЬНАЯ ФИРМА - 15 БНЗС"""
2023,1170695.0,8597.0,1116.0,9713.0,0274150230,"ОБЩЕСТВО С ОГРАНИЧЕННОЙ ОТВЕТСТВЕННОСТЬЮ ""СТРОИТЕЛЬНАЯ ФИРМА - 15 БНЗС"""
2022,530008.0,2434.0,0.0,2434.0,0274150230,"ОБЩЕСТВО С ОГРАНИЧЕННОЙ ОТВЕТСТВЕННОСТЬЮ ""СТРОИТЕЛЬНАЯ ФИРМА - 15 БНЗС"""
2021,913681.0,760.0,-312.0,448.0,0274150230,"ОБЩЕСТВО С ОГРАНИЧЕННОЙ ОТВЕТСТВЕННОСТЬЮ ""СТРОИТЕЛЬНАЯ ФИРМА - 15 БНЗС"""
2025,93936.0,1230.0,,1230.0,7326001355,"ОБЩЕСТВО С ОГРАНИЧЕННОЙ ОТВЕТСТВЕННОСТЬЮ СПМК ""УЛЬЯНОВСКАЯ"""
2024,127895.0,887.0,,887.0,7326001355,"ОБЩЕСТВО С ОГРАНИЧЕННОЙ ОТВЕТСТВЕННОСТЬЮ СПМК ""УЛЬЯНОВСКАЯ"""
2023,,,,,7326001355,"ОБЩЕСТВО С ОГРАНИЧЕННОЙ ОТВЕТСТВЕННОСТЬЮ СПМК ""УЛЬЯНОВСКАЯ"""
2022,63101.0,148.0,6.0,154.0,7326001355,"ОБЩЕСТВО С ОГРАНИЧЕННОЙ ОТВЕТСТВЕННОСТЬЮ СПМК ""УЛЬЯНОВСКАЯ"""
2021,45422.0,24.0,51.0,75.0,7326001355,"ОБЩЕСТВО С ОГРАНИЧЕННОЙ ОТВЕТСТВЕННОСТЬЮ СПМК ""УЛЬЯНОВСКАЯ"""
2025,119350.0,-1411.0,787.0,-624.0,3662112760,"ОБЩЕСТВО С ОГРАНИЧЕННОЙ ОТВЕТСТВЕННОСТЬЮ ""СТРОИТЕЛЬНАЯ КОМПАНИЯ ""КВАРТАЛ"""
2024,48227.0,11815.0,1722.0,13537.0,3662112760,"ОБЩЕСТВО С ОГРАНИЧЕННОЙ ОТВЕТСТВЕННОСТЬЮ ""СТРОИТЕЛЬНАЯ КОМПАНИЯ ""КВАРТАЛ"""
2023,172467.0,53801.0,2473.0,56274.0,3662112760,"ОБЩЕСТВО С ОГРАНИЧЕННОЙ ОТВЕТСТВЕННОСТЬЮ ""СТРОИТЕЛЬНАЯ КОМПАНИЯ ""КВАРТАЛ"""
2022,128472.0,39127.0,4870.0,43997.0,3662112760,"ОБЩЕСТВО С ОГРАНИЧЕННОЙ ОТВЕТСТВЕННОСТЬЮ ""СТРОИТЕЛЬНАЯ КОМПАНИЯ ""КВАРТАЛ"""
2021,54521.0,-23440.0,6845.0,-16595.0,3662112760,"ОБЩЕСТВО С ОГРАНИЧЕННОЙ ОТВЕТСТВЕННОСТЬЮ ""СТРОИТЕЛЬНАЯ КОМПАНИЯ ""КВАРТАЛ"""
2025,68801.0,214.0,,214.0,7716725032,"ОБЩЕСТВО С ОГРАНИЧЕННОЙ ОТВЕТСТВЕННОСТЬЮ ""АЛЬТЕРА"""
2024,65163.0,799.0,,799.0,7716725032,"ОБЩЕСТВО С ОГРАНИЧЕННОЙ ОТВЕТСТВЕННОСТЬЮ ""АЛЬТЕРА"""
2023,9224.0,-71.0,,-71.0,7716725032,"ОБЩЕСТВО С ОГРАНИЧЕННОЙ ОТВЕТСТВЕННОСТЬЮ ""АЛЬТЕРА"""
2022,12072.0,-76.0,,-76.0,7716725032,"ОБЩЕСТВО С ОГРАНИЧЕННОЙ ОТВЕТСТВЕННОСТЬЮ ""АЛЬТЕРА"""
2021,20227.0,-12043.0,,-12043.0,7716725032,"ОБЩЕСТВО С ОГРАНИЧЕННОЙ ОТВЕТСТВЕННОСТЬЮ ""АЛЬТЕРА"""
2025,788087.0,19114.0,6001.0,25115.0,7447245469,"ОБЩЕСТВО С ОГРАНИЧЕННОЙ ОТВЕТСТВЕННОСТЬЮ ""ПРОИЗВОДСТВЕННАЯ КОМПАНИЯ СТРОЙКОМПЛЕКТ"""
2024,733168.0,42011.0,5546.0,47557.0,7447245469,"ОБЩЕСТВО С ОГРАНИЧЕННОЙ ОТВЕТСТВЕННОСТЬЮ ""ПРОИЗВОДСТВЕННАЯ КОМПАНИЯ СТРОЙКОМПЛЕКТ"""
2023,360992.0,9659.0,2161.0,11820.0,7447245469,"ОБЩЕСТВО С ОГРАНИЧЕННОЙ ОТВЕТСТВЕННОСТЬЮ ""ПРОИЗВОДСТВЕННАЯ КОМПАНИЯ СТРОЙКОМПЛЕКТ"""
2022,465008.0,6014.0,1882.0,7896.0,7447245469,"ОБЩЕСТВО С ОГРАНИЧЕННОЙ ОТВЕТСТВЕННОСТЬЮ ""ПРОИЗВОДСТВЕННАЯ КОМПАНИЯ СТРОЙКОМПЛЕКТ"""
2021,504973.0,15466.0,1407.0,16873.0,7447245469,"ОБЩЕСТВО С ОГРАНИЧЕННОЙ ОТВЕТСТВЕННОСТЬЮ ""ПРОИЗВОДСТВЕННАЯ КОМПАНИЯ СТРОЙКОМПЛЕКТ"""
2024,52870.0,7201.0,,7201.0,1656105577,"ОБЩЕСТВО С ОГРАНИЧЕННОЙ ОТВЕТСТВЕННОСТЬЮ ""ГРАНИТ"""
2023,190133.0,34981.0,,34981.0,1656105577,"ОБЩЕСТВО С ОГРАНИЧЕННОЙ ОТВЕТСТВЕННОСТЬЮ ""ГРАНИТ"""
2022,73741.0,15439.0,,15439.0,1656105577,"ОБЩЕСТВО С ОГРАНИЧЕННОЙ ОТВЕТСТВЕННОСТЬЮ ""ГРАНИТ"""
2021,0.0,-13582.0,,-13582.0,1656105577,"ОБЩЕСТВО С ОГРАНИЧЕННОЙ ОТВЕТСТВЕННОСТЬЮ ""ГРАНИТ"""
2025,426952.0,3582.0,,3582.0,2452020415,"ОБЩЕСТВО С ОГРАНИЧЕННОЙ ОТВЕТСТВЕННОСТЬЮ ""ПРОИЗВОДСТВЕННО-СТРОИТЕЛЬНАЯ КОМПАНИЯ ""ПЕНТАР"""
2024,570131.0,3601.0,,3601.0,2452020415,"ОБЩЕСТВО С ОГРАНИЧЕННОЙ ОТВЕТСТВЕННОСТЬЮ ""ПРОИЗВОДСТВЕННО-СТРОИТЕЛЬНАЯ КОМПАНИЯ ""ПЕНТАР"""
2023,301789.0,1813.0,,1813.0,2452020415,"ОБЩЕСТВО С ОГРАНИЧЕННОЙ ОТВЕТСТВЕННОСТЬЮ ""ПРОИЗВОДСТВЕННО-СТРОИТЕЛЬНАЯ КОМПАНИЯ ""ПЕНТАР"""
2022,444276.0,2262.0,,2262.0,2452020415,"ОБЩЕСТВО С ОГРАНИЧЕННОЙ ОТВЕТСТВЕННОСТЬЮ ""ПРОИЗВОДСТВЕННО-СТРОИТЕЛЬНАЯ КОМПАНИЯ ""ПЕНТАР"""
2021,153491.0,-1085.0,,-1085.0,2452020415,"ОБЩЕСТВО С ОГРАНИЧЕННОЙ ОТВЕТСТВЕННОСТЬЮ ""ПРОИЗВОДСТВЕННО-СТРОИТЕЛЬНАЯ КОМПАНИЯ ""ПЕНТАР"""
2023,151613.0,632.0,0.0,632.0,4632064687,"ОБЩЕСТВО С ОГРАНИЧЕННОЙ ОТВЕТСТВЕННОСТЬЮ ""ННС"""
2022,163332.0,927.0,478.0,1405.0,4632064687,"ОБЩЕСТВО С ОГРАНИЧЕННОЙ ОТВЕТСТВЕННОСТЬЮ ""ННС"""
2021,173446.0,1088.0,,1088.0,4632064687,"ОБЩЕСТВО С ОГРАНИЧЕННОЙ ОТВЕТСТВЕННОСТЬЮ ""ННС"""
2025,28776.0,231.0,683.0,914.0,7448114074,"ОБЩЕСТВО С ОГРАНИЧЕННОЙ ОТВЕТСТВЕННОСТЬЮ ""СПЕЦСТРОЙ"""
2024,95513.0,2155.0,363.0,2518.0,7448114074,"ОБЩЕСТВО С ОГРАНИЧЕННОЙ ОТВЕТСТВЕННОСТЬЮ ""СПЕЦСТРОЙ"""
2023,131945.0,3722.0,328.0,4050.0,7448114074,"ОБЩЕСТВО С ОГРАНИЧЕННОЙ ОТВЕТСТВЕННОСТЬЮ ""СПЕЦСТРОЙ"""
2022,104783.0,2946.0,0.0,2946.0,7448114074,"ОБЩЕСТВО С ОГРАНИЧЕННОЙ ОТВЕТСТВЕННОСТЬЮ ""СПЕЦСТРОЙ"""
2021,47547.0,511.0,6.0,517.0,7448114074,"ОБЩЕСТВО С ОГРАНИЧЕННОЙ ОТВЕТСТВЕННОСТЬЮ ""СПЕЦСТРОЙ"""
2025,138419.0,21417.0,,21417.0,5258141848,ОБЩЕСТВО С ОГРАНИЧЕННОЙ ОТВЕТСТВЕННОСТЬЮ КАПИТАЛ ЭКСПЕРТ НН
2024,130118.0,-60365.0,,-60365.0,5258141848,ОБЩЕСТВО С ОГРАНИЧЕННОЙ ОТВЕТСТВЕННОСТЬЮ КАПИТАЛ ЭКСПЕРТ НН
2023,291439.0,33210.0,0.0,33210.0,5258141848,ОБЩЕСТВО С ОГРАНИЧЕННОЙ ОТВЕТСТВЕННОСТЬЮ КАПИТАЛ ЭКСПЕРТ НН
2022,212017.0,7339.0,6.0,7345.0,5258141848,ОБЩЕСТВО С ОГРАНИЧЕННОЙ ОТВЕТСТВЕННОСТЬЮ КАПИТАЛ ЭКСПЕРТ НН
2021,175374.0,10663.0,9.0,10672.0,5258141848,ОБЩЕСТВО С ОГРАНИЧЕННОЙ ОТВЕТСТВЕННОСТЬЮ КАПИТАЛ ЭКСПЕРТ НН
2025,25744.0,4306.0,,4306.0,5043044749,"ОБЩЕСТВО С ОГРАНИЧЕННОЙ ОТВЕТСТВЕННОСТЬЮ ""ТОРСЕДОР"""
2024,33955.0,6901.0,,6901.0,5043044749,"ОБЩЕСТВО С ОГРАНИЧЕННОЙ ОТВЕТСТВЕННОСТЬЮ ""ТОРСЕДОР"""
2023,37429.0,-1396.0,,-1396.0,5043044749,"ОБЩЕСТВО С ОГРАНИЧЕННОЙ ОТВЕТСТВЕННОСТЬЮ ""ТОРСЕДОР"""
2022,28046.0,-1323.0,0.0,-1323.0,5043044749,"ОБЩЕСТВО С ОГРАНИЧЕННОЙ ОТВЕТСТВЕННОСТЬЮ ""ТОРСЕДОР"""
2021,10035.0,-827.0,73.0,-754.0,5043044749,"ОБЩЕСТВО С ОГРАНИЧЕННОЙ ОТВЕТСТВЕННОСТЬЮ ""ТОРСЕДОР"""
2025,476682.0,2860.0,0.0,2860.0,7704829100,"ОБЩЕСТВО С ОГРАНИЧЕННОЙ ОТВЕТСТВЕННОСТЬЮ ""ЮНИСТРОЙПРОЕКТ"""
2024,572894.0,3290.0,10.0,3300.0,7704829100,"ОБЩЕСТВО С ОГРАНИЧЕННОЙ ОТВЕТСТВЕННОСТЬЮ ""ЮНИСТРОЙПРОЕКТ"""
2023,352457.0,1652.0,91.0,1743.0,7704829100,"ОБЩЕСТВО С ОГРАНИЧЕННОЙ ОТВЕТСТВЕННОСТЬЮ ""ЮНИСТРОЙПРОЕКТ"""
2022,421940.0,1975.0,176.0,2151.0,7704829100,"ОБЩЕСТВО С ОГРАНИЧЕННОЙ ОТВЕТСТВЕННОСТЬЮ ""ЮНИСТРОЙПРОЕКТ"""
2021,151293.0,623.0,138.0,761.0,7704829100,"ОБЩЕСТВО С ОГРАНИЧЕННОЙ ОТВЕТСТВЕННОСТЬЮ ""ЮНИСТРОЙПРОЕКТ"""
2025,6623.0,72935.0,12001.0,84936.0,7326043436,"ОБЩЕСТВО С ОГРАНИЧЕННОЙ ОТВЕТСТВЕННОСТЬЮ ""ПОВОЛЖСКИЙ СТРОИТЕЛЬНЫЙ ЦЕНТР"""
2024,65875.0,37548.0,0.0,37548.0,7326043436,"ОБЩЕСТВО С ОГРАНИЧЕННОЙ ОТВЕТСТВЕННОСТЬЮ ""ПОВОЛЖСКИЙ СТРОИТЕЛЬНЫЙ ЦЕНТР"""
2023,247671.0,2061.0,1182.0,3243.0,7326043436,"ОБЩЕСТВО С ОГРАНИЧЕННОЙ ОТВЕТСТВЕННОСТЬЮ ""ПОВОЛЖСКИЙ СТРОИТЕЛЬНЫЙ ЦЕНТР"""
2022,91174.0,1352.0,1362.0,2714.0,7326043436,"ОБЩЕСТВО С ОГРАНИЧЕННОЙ ОТВЕТСТВЕННОСТЬЮ ""ПОВОЛЖСКИЙ СТРОИТЕЛЬНЫЙ ЦЕНТР"""
2021,815.0,-12343.0,92.0,-12251.0,7326043436,"ОБЩЕСТВО С ОГРАНИЧЕННОЙ ОТВЕТСТВЕННОСТЬЮ ""ПОВОЛЖСКИЙ СТРОИТЕЛЬНЫЙ ЦЕНТР"""
2025,405682.0,56355.0,5216.0,61571.0,8602282950,"ОБЩЕСТВО С ОГРАНИЧЕННОЙ ОТВЕТСТВЕННОСТЬЮ ""МОНТАЖРЕГИОНСТРОЙ"""
2024,273790.0,34228.0,1246.0,35474.0,8602282950,"ОБЩЕСТВО С ОГРАНИЧЕННОЙ ОТВЕТСТВЕННОСТЬЮ ""МОНТАЖРЕГИОНСТРОЙ"""
2023,287218.0,19595.0,1840.0,21435.0,8602282950,"ОБЩЕСТВО С ОГРАНИЧЕННОЙ ОТВЕТСТВЕННОСТЬЮ ""МОНТАЖРЕГИОНСТРОЙ"""
2022,265084.0,27066.0,2483.0,29549.0,8602282950,"ОБЩЕСТВО С ОГРАНИЧЕННОЙ ОТВЕТСТВЕННОСТЬЮ ""МОНТАЖРЕГИОНСТРОЙ"""
2021,215191.0,24932.0,1011.0,25943.0,8602282950,"ОБЩЕСТВО С ОГРАНИЧЕННОЙ ОТВЕТСТВЕННОСТЬЮ ""МОНТАЖРЕГИОНСТРОЙ"""
2025,1597993.0,48380.0,289.0,48669.0,5405023608,"ОБЩЕСТВО С ОГРАНИЧЕННОЙ ОТВЕТСТВЕННОСТЬЮ ""СТРОИТЕЛЬНАЯ КОМПАНИЯ ГОРИЗОНТ"""
2024,912890.0,72671.0,50.0,72721.0,5405023608,"ОБЩЕСТВО С ОГРАНИЧЕННОЙ ОТВЕТСТВЕННОСТЬЮ ""СТРОИТЕЛЬНАЯ КОМПАНИЯ ГОРИЗОНТ"""
2023,602174.0,50582.0,68.0,50650.0,5405023608,"ОБЩЕСТВО С ОГРАНИЧЕННОЙ ОТВЕТСТВЕННОСТЬЮ ""СТРОИТЕЛЬНАЯ КОМПАНИЯ ГОРИЗОНТ"""
2022,457922.0,9376.0,715.0,10091.0,5405023608,"ОБЩЕСТВО С ОГРАНИЧЕННОЙ ОТВЕТСТВЕННОСТЬЮ ""СТРОИТЕЛЬНАЯ КОМПАНИЯ ГОРИЗОНТ"""
2021,338607.0,14708.0,1797.0,16505.0,5405023608,"ОБЩЕСТВО С ОГРАНИЧЕННОЙ ОТВЕТСТВЕННОСТЬЮ ""СТРОИТЕЛЬНАЯ КОМПАНИЯ ГОРИЗОНТ"""
2025,416589.0,5280.0,,5280.0,4826110413,"ОБЩЕСТВО С ОГРАНИЧЕННОЙ ОТВЕТСТВЕННОСТЬЮ ""ТЕХНОЛОГИИ СТРОИТЕЛЬСТВА"""
2024,294312.0,6610.0,,6610.0,4826110413,"ОБЩЕСТВО С ОГРАНИЧЕННОЙ ОТВЕТСТВЕННОСТЬЮ ""ТЕХНОЛОГИИ СТРОИТЕЛЬСТВА"""
2023,228514.0,4624.0,,4624.0,4826110413,"ОБЩЕСТВО С ОГРАНИЧЕННОЙ ОТВЕТСТВЕННОСТЬЮ ""ТЕХНОЛОГИИ СТРОИТЕЛЬСТВА"""
2022,258551.0,4982.0,,4982.0,4826110413,"ОБЩЕСТВО С ОГРАНИЧЕННОЙ ОТВЕТСТВЕННОСТЬЮ ""ТЕХНОЛОГИИ СТРОИТЕЛЬСТВА"""
2021,326505.0,5205.0,,5205.0,4826110413,"ОБЩЕСТВО С ОГРАНИЧЕННОЙ ОТВЕТСТВЕННОСТЬЮ ""ТЕХНОЛОГИИ СТРОИТЕЛЬСТВА"""
2025,367268.0,452.0,,452.0,9709067851,"ОБЩЕСТВО С ОГРАНИЧЕННОЙ ОТВЕТСТВЕННОСТЬЮ ""ГРАНИТ"""
2024,64935.0,105.0,,105.0,9709067851,"ОБЩЕСТВО С ОГРАНИЧЕННОЙ ОТВЕТСТВЕННОСТЬЮ ""ГРАНИТ"""
2021,436410.0,426.0,,426.0,9709067851,"ОБЩЕСТВО С ОГРАНИЧЕННОЙ ОТВЕТСТВЕННОСТЬЮ ""ГРАНИТ"""
2025,21440.0,-4356.0,712.0,-3644.0,7802690175,"ОБЩЕСТВО С ОГРАНИЧЕННОЙ ОТВЕТСТВЕННОСТЬЮ ""СМАРТ БИЛДИНГ"""
2024,733596.0,63801.0,760.0,64561.0,7802690175,"ОБЩЕСТВО С ОГРАНИЧЕННОЙ ОТВЕТСТВЕННОСТЬЮ ""СМАРТ БИЛДИНГ"""
2023,387403.0,3635.0,1754.0,5389.0,7802690175,"ОБЩЕСТВО С ОГРАНИЧЕННОЙ ОТВЕТСТВЕННОСТЬЮ ""СМАРТ БИЛДИНГ"""
2022,865020.0,52491.0,1982.0,54473.0,7802690175,"ОБЩЕСТВО С ОГРАНИЧЕННОЙ ОТВЕТСТВЕННОСТЬЮ ""СМАРТ БИЛДИНГ"""
2021,586722.0,5280.0,1084.0,6364.0,7802690175,"ОБЩЕСТВО С ОГРАНИЧЕННОЙ ОТВЕТСТВЕННОСТЬЮ ""СМАРТ БИЛДИНГ"""
2025,42977.0,5087.0,,5087.0,4632036048,"ОБЩЕСТВО С ОГРАНИЧЕННОЙ ОТВЕТСТВЕННОСТЬЮ ""ДИАЛ-СТРОЙ ПЛЮС"""
2024,38047.0,3886.0,,3886.0,4632036048,"ОБЩЕСТВО С ОГРАНИЧЕННОЙ ОТВЕТСТВЕННОСТЬЮ ""ДИАЛ-СТРОЙ ПЛЮС"""
2023,27711.0,317.0,,317.0,4632036048,"ОБЩЕСТВО С ОГРАНИЧЕННОЙ ОТВЕТСТВЕННОСТЬЮ ""ДИАЛ-СТРОЙ ПЛЮС"""
2022,28232.0,6051.0,,6051.0,4632036048,"ОБЩЕСТВО С ОГРАНИЧЕННОЙ ОТВЕТСТВЕННОСТЬЮ ""ДИАЛ-СТРОЙ ПЛЮС"""
2021,23173.0,1859.0,,1859.0,4632036048,"ОБЩЕСТВО С ОГРАНИЧЕННОЙ ОТВЕТСТВЕННОСТЬЮ ""ДИАЛ-СТРОЙ ПЛЮС"""
2025,1917.0,-361.0,,-361.0,3459013137,"ОБЩЕСТВО С ОГРАНИЧЕННОЙ ОТВЕТСТВЕННОСТЬЮ ""СК ""ВСС"""
2024,63465.0,21.0,,21.0,3459013137,"ОБЩЕСТВО С ОГРАНИЧЕННОЙ ОТВЕТСТВЕННОСТЬЮ ""СК ""ВСС"""
2023,30019.0,-97.0,,-97.0,3459013137,"ОБЩЕСТВО С ОГРАНИЧЕННОЙ ОТВЕТСТВЕННОСТЬЮ ""СК ""ВСС"""
2022,31563.0,-3561.0,,-3561.0,3459013137,"ОБЩЕСТВО С ОГРАНИЧЕННОЙ ОТВЕТСТВЕННОСТЬЮ ""СК ""ВСС"""
2021,52514.0,-11474.0,0.0,-11474.0,3459013137,"ОБЩЕСТВО С ОГРАНИЧЕННОЙ ОТВЕТСТВЕННОСТЬЮ ""СК ""ВСС"""
2025,0.0,0.0,,0.0,2457088216,"ОБЩЕСТВО С ОГРАНИЧЕННОЙ ОТВЕТСТВЕННОСТЬЮ ""ГРАЙС"""
2024,36223.0,3596.0,,3596.0,2457088216,"ОБЩЕСТВО С ОГРАНИЧЕННОЙ ОТВЕТСТВЕННОСТЬЮ ""ГРАЙС"""
2023,220999.0,24418.0,,24418.0,2457088216,"ОБЩЕСТВО С ОГРАНИЧЕННОЙ ОТВЕТСТВЕННОСТЬЮ ""ГРАЙС"""
2022,142921.0,2529.0,,2529.0,2457088216,"ОБЩЕСТВО С ОГРАНИЧЕННОЙ ОТВЕТСТВЕННОСТЬЮ ""ГРАЙС"""
2021,56966.0,117.0,,117.0,2457088216,"ОБЩЕСТВО С ОГРАНИЧЕННОЙ ОТВЕТСТВЕННОСТЬЮ ""ГРАЙС"""
2025,162179.0,-39711.0,157.0,-39554.0,1001273500,"ОБЩЕСТВО С ОГРАНИЧЕННОЙ ОТВЕТСТВЕННОСТЬЮ ""СТРОЙПЕРСПЕКТИВА"""
2024,197131.0,68326.0,15.0,68341.0,1001273500,"ОБЩЕСТВО С ОГРАНИЧЕННОЙ ОТВЕТСТВЕННОСТЬЮ ""СТРОЙПЕРСПЕКТИВА"""
2023,115924.0,-3680.0,220.0,-3460.0,1001273500,"ОБЩЕСТВО С ОГРАНИЧЕННОЙ ОТВЕТСТВЕННОСТЬЮ ""СТРОЙПЕРСПЕКТИВА"""
2022,148320.0,-663.0,484.0,-179.0,1001273500,"ОБЩЕСТВО С ОГРАНИЧЕННОЙ ОТВЕТСТВЕННОСТЬЮ ""СТРОЙПЕРСПЕКТИВА"""
2021,151739.0,-15829.0,500.0,-15329.0,1001273500,"ОБЩЕСТВО С ОГРАНИЧЕННОЙ ОТВЕТСТВЕННОСТЬЮ ""СТРОЙПЕРСПЕКТИВА"""
2022,72232.0,1417.0,,1417.0,9731074269,"ОБЩЕСТВО С ОГРАНИЧЕННОЙ ОТВЕТСТВЕННОСТЬЮ ""ССУ - МФС"""
2021,84477.0,832.0,,832.0,9731074269,"ОБЩЕСТВО С ОГРАНИЧЕННОЙ ОТВЕТСТВЕННОСТЬЮ ""ССУ - МФС"""
2025,0.0,0.0,0.0,0.0,4823061253,"ОБЩЕСТВО С ОГРАНИЧЕННОЙ ОТВЕТСТВЕННОСТЬЮ ""ТРАНССТРОЙ"""
2024,30025.0,209.0,,209.0,4823061253,"ОБЩЕСТВО С ОГРАНИЧЕННОЙ ОТВЕТСТВЕННОСТЬЮ ""ТРАНССТРОЙ"""
2023,74209.0,426.0,,426.0,4823061253,"ОБЩЕСТВО С ОГРАНИЧЕННОЙ ОТВЕТСТВЕННОСТЬЮ ""ТРАНССТРОЙ"""
2022,195428.0,257.0,0.0,257.0,4823061253,"ОБЩЕСТВО С ОГРАНИЧЕННОЙ ОТВЕТСТВЕННОСТЬЮ ""ТРАНССТРОЙ"""
2021,141760.0,581.0,258.0,839.0,4823061253,"ОБЩЕСТВО С ОГРАНИЧЕННОЙ ОТВЕТСТВЕННОСТЬЮ ""ТРАНССТРОЙ"""
2025,175141.0,7976.0,259.0,8235.0,5904083271,"ОБЩЕСТВО С ОГРАНИЧЕННОЙ ОТВЕТСТВЕННОСТЬЮ ""ТЕХНО-ТАЛЬ"""
2024,96980.0,1438.0,765.0,2203.0,5904083271,"ОБЩЕСТВО С ОГРАНИЧЕННОЙ ОТВЕТСТВЕННОСТЬЮ ""ТЕХНО-ТАЛЬ"""
2023,86910.0,48732.0,796.0,49528.0,5904083271,"ОБЩЕСТВО С ОГРАНИЧЕННОЙ ОТВЕТСТВЕННОСТЬЮ ""ТЕХНО-ТАЛЬ"""
2022,202719.0,14744.0,2265.0,17009.0,5904083271,"ОБЩЕСТВО С ОГРАНИЧЕННОЙ ОТВЕТСТВЕННОСТЬЮ ""ТЕХНО-ТАЛЬ"""
2021,155954.0,2816.0,514.0,3330.0,5904083271,"ОБЩЕСТВО С ОГРАНИЧЕННОЙ ОТВЕТСТВЕННОСТЬЮ ""ТЕХНО-ТАЛЬ"""
2024,,-818.0,,-818.0,6161040340,"ОБЩЕСТВО С ОГРАНИЧЕННОЙ ОТВЕТСТВЕННОСТЬЮ ""ДОНСТРОЙ"""
2023,,-747.0,0.0,-747.0,6161040340,"ОБЩЕСТВО С ОГРАНИЧЕННОЙ ОТВЕТСТВЕННОСТЬЮ ""ДОНСТРОЙ"""
2022,0.0,-459.0,53.0,-406.0,6161040340,"ОБЩЕСТВО С ОГРАНИЧЕННОЙ ОТВЕТСТВЕННОСТЬЮ ""ДОНСТРОЙ"""
2021,7241.0,784.0,8623.0,9407.0,6161040340,"ОБЩЕСТВО С ОГРАНИЧЕННОЙ ОТВЕТСТВЕННОСТЬЮ ""ДОНСТРОЙ"""
2025,528151.0,3466.0,4759.0,8225.0,5007081135,"ОБЩЕСТВО С ОГРАНИЧЕННОЙ ОТВЕТСТВЕННОСТЬЮ ""ОТДЕЛКАМАСТЕР"""
2024,1157586.0,6317.0,3945.0,10262.0,5007081135,"ОБЩЕСТВО С ОГРАНИЧЕННОЙ ОТВЕТСТВЕННОСТЬЮ ""ОТДЕЛКАМАСТЕР"""
2023,609265.0,1435.0,2943.0,4378.0,5007081135,"ОБЩЕСТВО С ОГРАНИЧЕННОЙ ОТВЕТСТВЕННОСТЬЮ ""ОТДЕЛКАМАСТЕР"""
2022,164007.0,148.0,7861.0,8009.0,5007081135,"ОБЩЕСТВО С ОГРАНИЧЕННОЙ ОТВЕТСТВЕННОСТЬЮ ""ОТДЕЛКАМАСТЕР"""
2021,439202.0,148.0,24134.0,24282.0,5007081135,"ОБЩЕСТВО С ОГРАНИЧЕННОЙ ОТВЕТСТВЕННОСТЬЮ ""ОТДЕЛКАМАСТЕР"""
2025,52894.0,1226.0,0.0,1226.0,2209027657,"ОБЩЕСТВО С ОГРАНИЧЕННОЙ ОТВЕТСТВЕННОСТЬЮ ""СТРОЙСЕРВИС ПЛЮС"""
2024,43438.0,896.0,0.0,896.0,2209027657,"ОБЩЕСТВО С ОГРАНИЧЕННОЙ ОТВЕТСТВЕННОСТЬЮ ""СТРОЙСЕРВИС ПЛЮС"""
2023,42515.0,1716.0,0.0,1716.0,2209027657,"ОБЩЕСТВО С ОГРАНИЧЕННОЙ ОТВЕТСТВЕННОСТЬЮ ""СТРОЙСЕРВИС ПЛЮС"""
2022,44816.0,974.0,0.0,974.0,2209027657,"ОБЩЕСТВО С ОГРАНИЧЕННОЙ ОТВЕТСТВЕННОСТЬЮ ""СТРОЙСЕРВИС ПЛЮС"""
2021,46914.0,1644.0,0.0,1644.0,2209027657,"ОБЩЕСТВО С ОГРАНИЧЕННОЙ ОТВЕТСТВЕННОСТЬЮ ""СТРОЙСЕРВИС ПЛЮС"""
2024,884.0,679.0,,679.0,5047003510,"ОБЩЕСТВО С ОГРАНИЧЕННОЙ ОТВЕТСТВЕННОСТЬЮ ""ВИСМУТ"""
2022,43246.0,36.0,,36.0,5047003510,"ОБЩЕСТВО С ОГРАНИЧЕННОЙ ОТВЕТСТВЕННОСТЬЮ ""ВИСМУТ"""
2021,69387.0,90.0,,90.0,5047003510,"ОБЩЕСТВО С ОГРАНИЧЕННОЙ ОТВЕТСТВЕННОСТЬЮ ""ВИСМУТ"""
2022,10337.0,52.0,,52.0,2320247554,"ОБЩЕСТВО С ОГРАНИЧЕННОЙ ОТВЕТСТВЕННОСТЬЮ ""РИЧ ВЭЙ ИНЖИНИРИНГ"""
2021,142259.0,191.0,,191.0,2320247554,"ОБЩЕСТВО С ОГРАНИЧЕННОЙ ОТВЕТСТВЕННОСТЬЮ ""РИЧ ВЭЙ ИНЖИНИРИНГ"""
2022,,,,,7730288296,"ОБЩЕСТВО С ОГРАНИЧЕННОЙ ОТВЕТСТВЕННОСТЬЮ ""СТРОЙГОРИЗОНТ"""
2025,269046.0,2519.0,880.0,3399.0,6684027224,"ОБЩЕСТВО С ОГРАНИЧЕННОЙ ОТВЕТСТВЕННОСТЬЮ ""ЛИДЕР"""
2024,132849.0,15663.0,2258.0,17921.0,6684027224,"ОБЩЕСТВО С ОГРАНИЧЕННОЙ ОТВЕТСТВЕННОСТЬЮ ""ЛИДЕР"""
2023,185580.0,3918.0,677.0,4595.0,6684027224,"ОБЩЕСТВО С ОГРАНИЧЕННОЙ ОТВЕТСТВЕННОСТЬЮ ""ЛИДЕР"""
2022,220459.0,98380.0,402.0,98782.0,6684027224,"ОБЩЕСТВО С ОГРАНИЧЕННОЙ ОТВЕТСТВЕННОСТЬЮ ""ЛИДЕР"""
2021,69139.0,17496.0,190.0,17686.0,6684027224,"ОБЩЕСТВО С ОГРАНИЧЕННОЙ ОТВЕТСТВЕННОСТЬЮ ""ЛИДЕР"""
2025,56240.0,50532.0,,50532.0,5027212932,"ОБЩЕСТВО С ОГРАНИЧЕННОЙ ОТВЕТСТВЕННОСТЬЮ ""ОСОБСТРОЙ-2"""
2024,57915.0,20248.0,,20248.0,5027212932,"ОБЩЕСТВО С ОГРАНИЧЕННОЙ ОТВЕТСТВЕННОСТЬЮ ""ОСОБСТРОЙ-2"""
2023,52446.0,27168.0,,27168.0,5027212932,"ОБЩЕСТВО С ОГРАНИЧЕННОЙ ОТВЕТСТВЕННОСТЬЮ ""ОСОБСТРОЙ-2"""
2022,46344.0,25598.0,,25598.0,5027212932,"ОБЩЕСТВО С ОГРАНИЧЕННОЙ ОТВЕТСТВЕННОСТЬЮ ""ОСОБСТРОЙ-2"""
2021,40774.0,16896.0,,16896.0,5027212932,"ОБЩЕСТВО С ОГРАНИЧЕННОЙ ОТВЕТСТВЕННОСТЬЮ ""ОСОБСТРОЙ-2"""
2025,489142.0,10607.0,6143.0,16750.0,5610165193,"ОБЩЕСТВО С ОГРАНИЧЕННОЙ ОТВЕТСТВЕННОСТЬЮ ""СПЕЦИАЛИЗИРОВАННЫЙ ЗАСТРОЙЩИК ""ЖИЛСТРОЙСИТИ"""
2024,1427551.0,127385.0,4969.0,132354.0,5610165193,"ОБЩЕСТВО С ОГРАНИЧЕННОЙ ОТВЕТСТВЕННОСТЬЮ ""СПЕЦИАЛИЗИРОВАННЫЙ ЗАСТРОЙЩИК ""ЖИЛСТРОЙСИТИ"""
2023,321877.0,14361.0,142.0,14503.0,5610165193,"ОБЩЕСТВО С ОГРАНИЧЕННОЙ ОТВЕТСТВЕННОСТЬЮ ""СПЕЦИАЛИЗИРОВАННЫЙ ЗАСТРОЙЩИК ""ЖИЛСТРОЙСИТИ"""
2022,176166.0,324.0,0.0,324.0,5610165193,"ОБЩЕСТВО С ОГРАНИЧЕННОЙ ОТВЕТСТВЕННОСТЬЮ ""СПЕЦИАЛИЗИРОВАННЫЙ ЗАСТРОЙЩИК ""ЖИЛСТРОЙСИТИ"""
2021,319786.0,5839.0,54.0,5893.0,5610165193,"ОБЩЕСТВО С ОГРАНИЧЕННОЙ ОТВЕТСТВЕННОСТЬЮ ""СПЕЦИАЛИЗИРОВАННЫЙ ЗАСТРОЙЩИК ""ЖИЛСТРОЙСИТИ"""
2025,434229.0,11279.0,,11279.0,3102014449,"ОБЩЕСТВО С ОГРАНИЧЕННОЙ ОТВЕТСТВЕННОСТЬЮ ""МОНТАЖ ФАСАДНЫХ СИСТЕМ"""
2024,807389.0,15606.0,,15606.0,3102014449,"ОБЩЕСТВО С ОГРАНИЧЕННОЙ ОТВЕТСТВЕННОСТЬЮ ""МОНТАЖ ФАСАДНЫХ СИСТЕМ"""
2023,324514.0,5885.0,,5885.0,3102014449,"ОБЩЕСТВО С ОГРАНИЧЕННОЙ ОТВЕТСТВЕННОСТЬЮ ""МОНТАЖ ФАСАДНЫХ СИСТЕМ"""
2022,326286.0,3347.0,,3347.0,3102014449,"ОБЩЕСТВО С ОГРАНИЧЕННОЙ ОТВЕТСТВЕННОСТЬЮ ""МОНТАЖ ФАСАДНЫХ СИСТЕМ"""
2021,274383.0,6686.0,,6686.0,3102014449,"ОБЩЕСТВО С ОГРАНИЧЕННОЙ ОТВЕТСТВЕННОСТЬЮ ""МОНТАЖ ФАСАДНЫХ СИСТЕМ"""
2023,21228.0,306.0,,306.0,6684005460,"ОБЩЕСТВО С ОГРАНИЧЕННОЙ ОТВЕТСТВЕННОСТЬЮ ""ПРО-МЕХ"""
2022,33619.0,846.0,,846.0,6684005460,"ОБЩЕСТВО С ОГРАНИЧЕННОЙ ОТВЕТСТВЕННОСТЬЮ ""ПРО-МЕХ"""
2021,121412.0,3243.0,,3243.0,6684005460,"ОБЩЕСТВО С ОГРАНИЧЕННОЙ ОТВЕТСТВЕННОСТЬЮ ""ПРО-МЕХ"""
2025,7124.0,-40227.0,,-40227.0,0541026038,"ОБЩЕСТВО С ОГРАНИЧЕННОЙ ОТВЕТСТВЕННОСТЬЮ ""МЕРКУРИЙ - СТРОЙ"""
2024,77238.0,19336.0,,19336.0,0541026038,"ОБЩЕСТВО С ОГРАНИЧЕННОЙ ОТВЕТСТВЕННОСТЬЮ ""МЕРКУРИЙ - СТРОЙ"""
2023,84058.0,25310.0,,25310.0,0541026038,"ОБЩЕСТВО С ОГРАНИЧЕННОЙ ОТВЕТСТВЕННОСТЬЮ ""МЕРКУРИЙ - СТРОЙ"""
2022,57294.0,9791.0,,9791.0,0541026038,"ОБЩЕСТВО С ОГРАНИЧЕННОЙ ОТВЕТСТВЕННОСТЬЮ ""МЕРКУРИЙ - СТРОЙ"""
2021,481978.0,379037.0,,379037.0,0541026038,"ОБЩЕСТВО С ОГРАНИЧЕННОЙ ОТВЕТСТВЕННОСТЬЮ ""МЕРКУРИЙ - СТРОЙ"""
2025,64969.0,22.0,2875.0,2897.0,6317061349,"ОБЩЕСТВО С ОГРАНИЧЕННОЙ ОТВЕТСТВЕННОСТЬЮ ""МОНО-КАРКАС"""
2024,193060.0,72596.0,2072.0,74668.0,6317061349,"ОБЩЕСТВО С ОГРАНИЧЕННОЙ ОТВЕТСТВЕННОСТЬЮ ""МОНО-КАРКАС"""
2023,61282.0,3057.0,1430.0,4487.0,6317061349,"ОБЩЕСТВО С ОГРАНИЧЕННОЙ ОТВЕТСТВЕННОСТЬЮ ""МОНО-КАРКАС"""
2022,339687.0,10778.0,529.0,11307.0,6317061349,"ОБЩЕСТВО С ОГРАНИЧЕННОЙ ОТВЕТСТВЕННОСТЬЮ ""МОНО-КАРКАС"""
2021,442167.0,43338.0,726.0,44064.0,6317061349,"ОБЩЕСТВО С ОГРАНИЧЕННОЙ ОТВЕТСТВЕННОСТЬЮ ""МОНО-КАРКАС"""
2022,12691.0,-337.0,781.0,444.0,6409003636,"ОБЩЕСТВО С ОГРАНИЧЕННОЙ ОТВЕТСТВЕННОСТЬЮ ""ТЕХНОКРАТ"""
2021,27426.0,1033.0,386.0,1419.0,6409003636,"ОБЩЕСТВО С ОГРАНИЧЕННОЙ ОТВЕТСТВЕННОСТЬЮ ""ТЕХНОКРАТ"""
2023,8434.0,194.0,0.0,194.0,5027294565,"ОБЩЕСТВО С ОГРАНИЧЕННОЙ ОТВЕТСТВЕННОСТЬЮ ""СТРУМ-С"""
2022,76536.0,3674.0,0.0,3674.0,5027294565,"ОБЩЕСТВО С ОГРАНИЧЕННОЙ ОТВЕТСТВЕННОСТЬЮ ""СТРУМ-С"""
2021,152128.0,4746.0,0.0,4746.0,5027294565,"ОБЩЕСТВО С ОГРАНИЧЕННОЙ ОТВЕТСТВЕННОСТЬЮ ""СТРУМ-С"""
2025,653003.0,19001.0,,19001.0,3123170167,"ОБЩЕСТВО С ОГРАНИЧЕННОЙ ОТВЕТСТВЕННОСТЬЮ СПЕЦИАЛИЗИРОВАННЫЙ ЗАСТРОЙЩИК СТРОИТЕЛЬНАЯ КОМПАНИЯ ""ОНИКС"""
2024,542931.0,2681.0,,2681.0,3123170167,"ОБЩЕСТВО С ОГРАНИЧЕННОЙ ОТВЕТСТВЕННОСТЬЮ СПЕЦИАЛИЗИРОВАННЫЙ ЗАСТРОЙЩИК СТРОИТЕЛЬНАЯ КОМПАНИЯ ""ОНИКС"""
2023,639423.0,28916.0,,28916.0,3123170167,"ОБЩЕСТВО С ОГРАНИЧЕННОЙ ОТВЕТСТВЕННОСТЬЮ СПЕЦИАЛИЗИРОВАННЫЙ ЗАСТРОЙЩИК СТРОИТЕЛЬНАЯ КОМПАНИЯ ""ОНИКС"""
2022,859009.0,58181.0,,58181.0,3123170167,"ОБЩЕСТВО С ОГРАНИЧЕННОЙ ОТВЕТСТВЕННОСТЬЮ СПЕЦИАЛИЗИРОВАННЫЙ ЗАСТРОЙЩИК СТРОИТЕЛЬНАЯ КОМПАНИЯ ""ОНИКС"""
2021,762048.0,19529.0,,19529.0,3123170167,"ОБЩЕСТВО С ОГРАНИЧЕННОЙ ОТВЕТСТВЕННОСТЬЮ СПЕЦИАЛИЗИРОВАННЫЙ ЗАСТРОЙЩИК СТРОИТЕЛЬНАЯ КОМПАНИЯ ""ОНИКС"""
2025,415859.0,3126.0,,3126.0,1645031813,"ОБЩЕСТВО С ОГРАНИЧЕННОЙ ОТВЕТСТВЕННОСТЬЮ ""СТРОИТЕЛЬНАЯ КОМПАНИЯ ""ЛИДЕР"""
2024,799941.0,1406.0,,1406.0,1645031813,"ОБЩЕСТВО С ОГРАНИЧЕННОЙ ОТВЕТСТВЕННОСТЬЮ ""СТРОИТЕЛЬНАЯ КОМПАНИЯ ""ЛИДЕР"""
2023,799024.0,9175.0,,9175.0,1645031813,"ОБЩЕСТВО С ОГРАНИЧЕННОЙ ОТВЕТСТВЕННОСТЬЮ ""СТРОИТЕЛЬНАЯ КОМПАНИЯ ""ЛИДЕР"""
2022,409577.0,1642.0,,1642.0,1645031813,"ОБЩЕСТВО С ОГРАНИЧЕННОЙ ОТВЕТСТВЕННОСТЬЮ ""СТРОИТЕЛЬНАЯ КОМПАНИЯ ""ЛИДЕР"""
2021,250334.0,561.0,0.0,561.0,1645031813,"ОБЩЕСТВО С ОГРАНИЧЕННОЙ ОТВЕТСТВЕННОСТЬЮ ""СТРОИТЕЛЬНАЯ КОМПАНИЯ ""ЛИДЕР"""
2025,123473.0,2334.0,,2334.0,5310014933,"ОБЩЕСТВО С ОГРАНИЧЕННОЙ ОТВЕТСТВЕННОСТЬЮ ""СТРОЙ-КАПИТАЛ"""
2024,100667.0,1328.0,,1328.0,5310014933,"ОБЩЕСТВО С ОГРАНИЧЕННОЙ ОТВЕТСТВЕННОСТЬЮ ""СТРОЙ-КАПИТАЛ"""
2023,109324.0,1269.0,,1269.0,5310014933,"ОБЩЕСТВО С ОГРАНИЧЕННОЙ ОТВЕТСТВЕННОСТЬЮ ""СТРОЙ-КАПИТАЛ"""
2022,150169.0,1220.0,,1220.0,5310014933,"ОБЩЕСТВО С ОГРАНИЧЕННОЙ ОТВЕТСТВЕННОСТЬЮ ""СТРОЙ-КАПИТАЛ"""
2021,143600.0,1178.0,,1178.0,5310014933,"ОБЩЕСТВО С ОГРАНИЧЕННОЙ ОТВЕТСТВЕННОСТЬЮ ""СТРОЙ-КАПИТАЛ"""
2025,28717.0,-5094.0,0.0,-5094.0,6377004384,"ОТКРЫТОЕ АКЦИОНЕРНОЕ ОБЩЕСТВО ""НЕФТЕГОРСКАГРОПРОММЕХМОНТАЖ"""
2024,33895.0,-4951.0,0.0,-4951.0,6377004384,"ОТКРЫТОЕ АКЦИОНЕРНОЕ ОБЩЕСТВО ""НЕФТЕГОРСКАГРОПРОММЕХМОНТАЖ"""
2023,26426.0,-1159.0,0.0,-1159.0,6377004384,"ОТКРЫТОЕ АКЦИОНЕРНОЕ ОБЩЕСТВО ""НЕФТЕГОРСКАГРОПРОММЕХМОНТАЖ"""
2022,30754.0,-5834.0,0.0,-5834.0,6377004384,"ОТКРЫТОЕ АКЦИОНЕРНОЕ ОБЩЕСТВО ""НЕФТЕГОРСКАГРОПРОММЕХМОНТАЖ"""
2021,35834.0,-83.0,0.0,-83.0,6377004384,"ОТКРЫТОЕ АКЦИОНЕРНОЕ ОБЩЕСТВО ""НЕФТЕГОРСКАГРОПРОММЕХМОНТАЖ"""
2025,993273.0,12743.0,2409.0,15152.0,7716245621,"ОБЩЕСТВО С ОГРАНИЧЕННОЙ ОТВЕТСТВЕННОСТЬЮ ""МПК-СТРОЙ"""
2024,502469.0,1138.0,1050.0,2188.0,7716245621,"ОБЩЕСТВО С ОГРАНИЧЕННОЙ ОТВЕТСТВЕННОСТЬЮ ""МПК-СТРОЙ"""
2023,378006.0,19549.0,1794.0,21343.0,7716245621,"ОБЩЕСТВО С ОГРАНИЧЕННОЙ ОТВЕТСТВЕННОСТЬЮ ""МПК-СТРОЙ"""
2022,420986.0,19085.0,1199.0,20284.0,7716245621,"ОБЩЕСТВО С ОГРАНИЧЕННОЙ ОТВЕТСТВЕННОСТЬЮ ""МПК-СТРОЙ"""
2021,152081.0,9009.0,1321.0,10330.0,7716245621,"ОБЩЕСТВО С ОГРАНИЧЕННОЙ ОТВЕТСТВЕННОСТЬЮ ""МПК-СТРОЙ"""
2025,19846.0,-70607.0,,-70607.0,1645032550,"ОБЩЕСТВО С ОГРАНИЧЕННОЙ ОТВЕТСТВЕННОСТЬЮ ""БУГУЛЬМА СЕРВИС"""
2024,122748.0,69946.0,,69946.0,1645032550,"ОБЩЕСТВО С ОГРАНИЧЕННОЙ ОТВЕТСТВЕННОСТЬЮ ""БУГУЛЬМА СЕРВИС"""
2023,35964.0,-11973.0,,-11973.0,1645032550,"ОБЩЕСТВО С ОГРАНИЧЕННОЙ ОТВЕТСТВЕННОСТЬЮ ""БУГУЛЬМА СЕРВИС"""
2022,32492.0,-867.0,,-867.0,1645032550,"ОБЩЕСТВО С ОГРАНИЧЕННОЙ ОТВЕТСТВЕННОСТЬЮ ""БУГУЛЬМА СЕРВИС"""
2021,33916.0,884.0,,884.0,1645032550,"ОБЩЕСТВО С ОГРАНИЧЕННОЙ ОТВЕТСТВЕННОСТЬЮ ""БУГУЛЬМА СЕРВИС"""
2025,22533.0,558.0,328.0,886.0,5249115834,"ОБЩЕСТВО С ОГРАНИЧЕННОЙ ОТВЕТСТВЕННОСТЬЮ ""ПРОФ-СТРОЙ НН"""
2024,60585.0,1652.0,,1652.0,5249115834,"ОБЩЕСТВО С ОГРАНИЧЕННОЙ ОТВЕТСТВЕННОСТЬЮ ""ПРОФ-СТРОЙ НН"""
2023,237198.0,-16241.0,0.0,-16241.0,5249115834,"ОБЩЕСТВО С ОГРАНИЧЕННОЙ ОТВЕТСТВЕННОСТЬЮ ""ПРОФ-СТРОЙ НН"""
2022,138779.0,255.0,480.0,735.0,5249115834,"ОБЩЕСТВО С ОГРАНИЧЕННОЙ ОТВЕТСТВЕННОСТЬЮ ""ПРОФ-СТРОЙ НН"""
2021,118770.0,605.0,792.0,1397.0,5249115834,"ОБЩЕСТВО С ОГРАНИЧЕННОЙ ОТВЕТСТВЕННОСТЬЮ ""ПРОФ-СТРОЙ НН"""
2025,147575.0,5048.0,,5048.0,7736259982,"ОБЩЕСТВО С ОГРАНИЧЕННОЙ ОТВЕТСТВЕННОСТЬЮ ""КОМПЛЕКСНОЕ РЕШЕНИЕ"""
2024,276101.0,31846.0,,31846.0,7736259982,"ОБЩЕСТВО С ОГРАНИЧЕННОЙ ОТВЕТСТВЕННОСТЬЮ ""КОМПЛЕКСНОЕ РЕШЕНИЕ"""
2023,154715.0,35208.0,,35208.0,7736259982,"ОБЩЕСТВО С ОГРАНИЧЕННОЙ ОТВЕТСТВЕННОСТЬЮ ""КОМПЛЕКСНОЕ РЕШЕНИЕ"""
2022,79139.0,4225.0,,4225.0,7736259982,"ОБЩЕСТВО С ОГРАНИЧЕННОЙ ОТВЕТСТВЕННОСТЬЮ ""КОМПЛЕКСНОЕ РЕШЕНИЕ"""
2021,73650.0,15660.0,,15660.0,7736259982,"ОБЩЕСТВО С ОГРАНИЧЕННОЙ ОТВЕТСТВЕННОСТЬЮ ""КОМПЛЕКСНОЕ РЕШЕНИЕ"""
2025,0.0,-764.0,0.0,-764.0,0326566384,"ОБЩЕСТВО С ОГРАНИЧЕННОЙ ОТВЕТСТВЕННОСТЬЮ ""БАЙКАЛСИТИ"""
2024,85241.0,-16065.0,,-16065.0,0326566384,"ОБЩЕСТВО С ОГРАНИЧЕННОЙ ОТВЕТСТВЕННОСТЬЮ ""БАЙКАЛСИТИ"""
2023,490998.0,143.0,,143.0,0326566384,"ОБЩЕСТВО С ОГРАНИЧЕННОЙ ОТВЕТСТВЕННОСТЬЮ ""БАЙКАЛСИТИ"""
2022,1202191.0,5255.0,,5255.0,0326566384,"ОБЩЕСТВО С ОГРАНИЧЕННОЙ ОТВЕТСТВЕННОСТЬЮ ""БАЙКАЛСИТИ"""
2021,9073.0,496.0,,496.0,0326566384,"ОБЩЕСТВО С ОГРАНИЧЕННОЙ ОТВЕТСТВЕННОСТЬЮ ""БАЙКАЛСИТИ"""
2024,588.0,34997.0,,34997.0,9204012360,"ОБЩЕСТВО С ОГРАНИЧЕННОЙ ОТВЕТСТВЕННОСТЬЮ ""САПФИР-ТРАСТ"""
2023,1118.0,54490.0,,54490.0,9204012360,"ОБЩЕСТВО С ОГРАНИЧЕННОЙ ОТВЕТСТВЕННОСТЬЮ ""САПФИР-ТРАСТ"""
2022,22135.0,-39812.0,,-39812.0,9204012360,"ОБЩЕСТВО С ОГРАНИЧЕННОЙ ОТВЕТСТВЕННОСТЬЮ ""САПФИР-ТРАСТ"""
2021,402754.0,63515.0,,63515.0,9204012360,"ОБЩЕСТВО С ОГРАНИЧЕННОЙ ОТВЕТСТВЕННОСТЬЮ ""САПФИР-ТРАСТ"""
2025,86191.0,436.0,0.0,436.0,7536074367,"ОБЩЕСТВО С ОГРАНИЧЕННОЙ ОТВЕТСТВЕННОСТЬЮ ""АВЕЛИНА"""
2024,73389.0,1024.0,,1024.0,7536074367,"ОБЩЕСТВО С ОГРАНИЧЕННОЙ ОТВЕТСТВЕННОСТЬЮ ""АВЕЛИНА"""
2023,73059.0,957.0,,957.0,7536074367,"ОБЩЕСТВО С ОГРАНИЧЕННОЙ ОТВЕТСТВЕННОСТЬЮ ""АВЕЛИНА"""
2022,106399.0,-12618.0,,-12618.0,7536074367,"ОБЩЕСТВО С ОГРАНИЧЕННОЙ ОТВЕТСТВЕННОСТЬЮ ""АВЕЛИНА"""
2021,167984.0,3728.0,,3728.0,7536074367,"ОБЩЕСТВО С ОГРАНИЧЕННОЙ ОТВЕТСТВЕННОСТЬЮ ""АВЕЛИНА"""
2024,0.0,0.0,,0.0,6452133712,"ОБЩЕСТВО С ОГРАНИЧЕННОЙ ОТВЕТСТВЕННОСТЬЮ ""СТРОЙРЕСУРС"""
2023,32712.0,26.0,,26.0,6452133712,"ОБЩЕСТВО С ОГРАНИЧЕННОЙ ОТВЕТСТВЕННОСТЬЮ ""СТРОЙРЕСУРС"""
2022,300367.0,280.0,,280.0,6452133712,"ОБЩЕСТВО С ОГРАНИЧЕННОЙ ОТВЕТСТВЕННОСТЬЮ ""СТРОЙРЕСУРС"""
2021,288104.0,274.0,,274.0,6452133712,"ОБЩЕСТВО С ОГРАНИЧЕННОЙ ОТВЕТСТВЕННОСТЬЮ ""СТРОЙРЕСУРС"""
2025,1126034.0,12274.0,,12274.0,1655418288,"ОБЩЕСТВО С ОГРАНИЧЕННОЙ ОТВЕТСТВЕННОСТЬЮ ""РОДОС"""
2024,778061.0,18078.0,,18078.0,1655418288,"ОБЩЕСТВО С ОГРАНИЧЕННОЙ ОТВЕТСТВЕННОСТЬЮ ""РОДОС"""
2023,482647.0,13894.0,,13894.0,1655418288,"ОБЩЕСТВО С ОГРАНИЧЕННОЙ ОТВЕТСТВЕННОСТЬЮ ""РОДОС"""
2022,164970.0,6550.0,,6550.0,1655418288,"ОБЩЕСТВО С ОГРАНИЧЕННОЙ ОТВЕТСТВЕННОСТЬЮ ""РОДОС"""
2021,350848.0,14251.0,,14251.0,1655418288,"ОБЩЕСТВО С ОГРАНИЧЕННОЙ ОТВЕТСТВЕННОСТЬЮ ""РОДОС"""
2025,0.0,-605.0,,-605.0,0608016205,"ОБЩЕСТВО С ОГРАНИЧЕННОЙ ОТВЕТСТВЕННОСТЬЮ ""СЕВКАВСТРОЙ"""
2024,86082.0,1208.0,,1208.0,0608016205,"ОБЩЕСТВО С ОГРАНИЧЕННОЙ ОТВЕТСТВЕННОСТЬЮ ""СЕВКАВСТРОЙ"""
2023,97755.0,3800.0,,3800.0,0608016205,"ОБЩЕСТВО С ОГРАНИЧЕННОЙ ОТВЕТСТВЕННОСТЬЮ ""СЕВКАВСТРОЙ"""
2022,114975.0,4990.0,,4990.0,0608016205,"ОБЩЕСТВО С ОГРАНИЧЕННОЙ ОТВЕТСТВЕННОСТЬЮ ""СЕВКАВСТРОЙ"""
2021,149405.0,6143.0,,6143.0,0608016205,"ОБЩЕСТВО С ОГРАНИЧЕННОЙ ОТВЕТСТВЕННОСТЬЮ ""СЕВКАВСТРОЙ"""
2025,11677648.0,2966.0,665.0,3631.0,4004021545,"ОБЩЕСТВО С ОГРАНИЧЕННОЙ ОТВЕТСТВЕННОСТЬЮ ""ОРГ-РЕСУРСЫ"""
2024,10534471.0,8432.0,744.0,9176.0,4004021545,"ОБЩЕСТВО С ОГРАНИЧЕННОЙ ОТВЕТСТВЕННОСТЬЮ ""ОРГ-РЕСУРСЫ"""
2023,979089.0,2977.0,864.0,3841.0,4004021545,"ОБЩЕСТВО С ОГРАНИЧЕННОЙ ОТВЕТСТВЕННОСТЬЮ ""ОРГ-РЕСУРСЫ"""
2022,407905.0,3152.0,,3152.0,4004021545,"ОБЩЕСТВО С ОГРАНИЧЕННОЙ ОТВЕТСТВЕННОСТЬЮ ""ОРГ-РЕСУРСЫ"""
2021,1593580.0,-12633.0,,-12633.0,4004021545,"ОБЩЕСТВО С ОГРАНИЧЕННОЙ ОТВЕТСТВЕННОСТЬЮ ""ОРГ-РЕСУРСЫ"""
2025,1134037.0,2099.0,1950.0,4049.0,7717781390,"ОБЩЕСТВО С ОГРАНИЧЕННОЙ ОТВЕТСТВЕННОСТЬЮ ""ЮНИНОВА КОНСТРАКШН ПЛЮС"""
2024,3558846.0,81815.0,3140.0,84955.0,7717781390,"ОБЩЕСТВО С ОГРАНИЧЕННОЙ ОТВЕТСТВЕННОСТЬЮ ""ЮНИНОВА КОНСТРАКШН ПЛЮС"""
2023,3293684.0,36888.0,397.0,37285.0,7717781390,"ОБЩЕСТВО С ОГРАНИЧЕННОЙ ОТВЕТСТВЕННОСТЬЮ ""ЮНИНОВА КОНСТРАКШН ПЛЮС"""
2022,1024277.0,1488.0,2600.0,4088.0,7717781390,"ОБЩЕСТВО С ОГРАНИЧЕННОЙ ОТВЕТСТВЕННОСТЬЮ ""ЮНИНОВА КОНСТРАКШН ПЛЮС"""
2021,1817496.0,87357.0,,87357.0,7717781390,"ОБЩЕСТВО С ОГРАНИЧЕННОЙ ОТВЕТСТВЕННОСТЬЮ ""ЮНИНОВА КОНСТРАКШН ПЛЮС"""
2025,,-50.0,,-50.0,9705063006,"ОБЩЕСТВО С ОГРАНИЧЕННОЙ ОТВЕТСТВЕННОСТЬЮ ""РЕСТАВРАЦИОННО-СТРОИТЕЛЬНАЯ КОМПАНИЯ ОСП"""
2024,,-264.0,,-264.0,9705063006,"ОБЩЕСТВО С ОГРАНИЧЕННОЙ ОТВЕТСТВЕННОСТЬЮ ""РЕСТАВРАЦИОННО-СТРОИТЕЛЬНАЯ КОМПАНИЯ ОСП"""
2023,0.0,-1428.0,,-1428.0,9705063006,"ОБЩЕСТВО С ОГРАНИЧЕННОЙ ОТВЕТСТВЕННОСТЬЮ ""РЕСТАВРАЦИОННО-СТРОИТЕЛЬНАЯ КОМПАНИЯ ОСП"""
2022,2680.0,-123.0,,-123.0,9705063006,"ОБЩЕСТВО С ОГРАНИЧЕННОЙ ОТВЕТСТВЕННОСТЬЮ ""РЕСТАВРАЦИОННО-СТРОИТЕЛЬНАЯ КОМПАНИЯ ОСП"""
2021,5818.0,709.0,,709.0,9705063006,"ОБЩЕСТВО С ОГРАНИЧЕННОЙ ОТВЕТСТВЕННОСТЬЮ ""РЕСТАВРАЦИОННО-СТРОИТЕЛЬНАЯ КОМПАНИЯ ОСП"""
2022,0.0,0.0,0.0,0.0,3255506335,"ОБЩЕСТВО С ОГРАНИЧЕННОЙ ОТВЕТСТВЕННОСТЬЮ ""ГАРАНТ СИСТЕМ"""
2021,120223.0,276.0,305.0,581.0,3255506335,"ОБЩЕСТВО С ОГРАНИЧЕННОЙ ОТВЕТСТВЕННОСТЬЮ ""ГАРАНТ СИСТЕМ"""
2025,433001.0,22540.0,,22540.0,6234112857,"ОБЩЕСТВО С ОГРАНИЧЕННОЙ ОТВЕТСТВЕННОСТЬЮ ""ФЕНИКС"""
2024,281431.0,4525.0,,4525.0,6234112857,"ОБЩЕСТВО С ОГРАНИЧЕННОЙ ОТВЕТСТВЕННОСТЬЮ ""ФЕНИКС"""
2023,165430.0,14249.0,,14249.0,6234112857,"ОБЩЕСТВО С ОГРАНИЧЕННОЙ ОТВЕТСТВЕННОСТЬЮ ""ФЕНИКС"""
2022,365003.0,16894.0,,16894.0,6234112857,"ОБЩЕСТВО С ОГРАНИЧЕННОЙ ОТВЕТСТВЕННОСТЬЮ ""ФЕНИКС"""
2021,290370.0,15232.0,,15232.0,6234112857,"ОБЩЕСТВО С ОГРАНИЧЕННОЙ ОТВЕТСТВЕННОСТЬЮ ""ФЕНИКС"""
2025,84875.0,1491.0,13.0,1504.0,5190112809,"ОБЩЕСТВО С ОГРАНИЧЕННОЙ ОТВЕТСТВЕННОСТЬЮ ""М-ПОЛЮС"""
2024,10040.0,1386.0,,1386.0,5190112809,"ОБЩЕСТВО С ОГРАНИЧЕННОЙ ОТВЕТСТВЕННОСТЬЮ ""М-ПОЛЮС"""
2023,228210.0,122439.0,0.0,122439.0,5190112809,"ОБЩЕСТВО С ОГРАНИЧЕННОЙ ОТВЕТСТВЕННОСТЬЮ ""М-ПОЛЮС"""
2022,136322.0,149052.0,93.0,149145.0,5190112809,"ОБЩЕСТВО С ОГРАНИЧЕННОЙ ОТВЕТСТВЕННОСТЬЮ ""М-ПОЛЮС"""
2021,109588.0,43236.0,9.0,43245.0,5190112809,"ОБЩЕСТВО С ОГРАНИЧЕННОЙ ОТВЕТСТВЕННОСТЬЮ ""М-ПОЛЮС"""
2024,46839.0,0.0,0.0,0.0,7814027004,"АКЦИОНЕРНОЕ ОБЩЕСТВО ""ДИАПАЗОН"""
2023,226298.0,803.0,5710.0,6513.0,7814027004,"АКЦИОНЕРНОЕ ОБЩЕСТВО ""ДИАПАЗОН"""
2022,399609.0,12025.0,7271.0,19296.0,7814027004,"АКЦИОНЕРНОЕ ОБЩЕСТВО ""ДИАПАЗОН"""
2021,186651.0,8.0,,8.0,7814027004,"АКЦИОНЕРНОЕ ОБЩЕСТВО ""ДИАПАЗОН"""
2025,,,,,6316216127,"ОБЩЕСТВО С ОГРАНИЧЕННОЙ ОТВЕТСТВЕННОСТЬЮ ""ГК СКИФ"""
2024,99587.0,30766.0,,30766.0,6316216127,"ОБЩЕСТВО С ОГРАНИЧЕННОЙ ОТВЕТСТВЕННОСТЬЮ ""ГК СКИФ"""
2023,0.0,0.0,,0.0,6316216127,"ОБЩЕСТВО С ОГРАНИЧЕННОЙ ОТВЕТСТВЕННОСТЬЮ ""ГК СКИФ"""
2021,0.0,0.0,,0.0,6316216127,"ОБЩЕСТВО С ОГРАНИЧЕННОЙ ОТВЕТСТВЕННОСТЬЮ ""ГК СКИФ"""
2025,24480.0,571.0,,571.0,4253007903,"ОБЩЕСТВО С ОГРАНИЧЕННОЙ ОТВЕТСТВЕННОСТЬЮ ""КШСМ"""
2024,58778.0,8373.0,,8373.0,4253007903,"ОБЩЕСТВО С ОГРАНИЧЕННОЙ ОТВЕТСТВЕННОСТЬЮ ""КШСМ"""
2023,46434.0,13207.0,,13207.0,4253007903,"ОБЩЕСТВО С ОГРАНИЧЕННОЙ ОТВЕТСТВЕННОСТЬЮ ""КШСМ"""
2022,62307.0,29330.0,,29330.0,4253007903,"ОБЩЕСТВО С ОГРАНИЧЕННОЙ ОТВЕТСТВЕННОСТЬЮ ""КШСМ"""
2021,31965.0,10591.0,,10591.0,4253007903,"ОБЩЕСТВО С ОГРАНИЧЕННОЙ ОТВЕТСТВЕННОСТЬЮ ""КШСМ"""
2022,29299.0,14.0,,14.0,1651074999,"ОБЩЕСТВО С ОГРАНИЧЕННОЙ ОТВЕТСТВЕННОСТЬЮ ""УПРАВЛЕНИЕ МЕХАНИЗАЦИИ И СТРОИТЕЛЬСТВА"""
2021,57945.0,66.0,,66.0,1651074999,"ОБЩЕСТВО С ОГРАНИЧЕННОЙ ОТВЕТСТВЕННОСТЬЮ ""УПРАВЛЕНИЕ МЕХАНИЗАЦИИ И СТРОИТЕЛЬСТВА"""
2023,25002.0,-2367.0,,-2367.0,1427010838,"ОБЩЕСТВО С ОГРАНИЧЕННОЙ ОТВЕТСТВЕННОСТЬЮ ""СЕРВИСПРО"""
2022,26068.0,-1997.0,,-1997.0,1427010838,"ОБЩЕСТВО С ОГРАНИЧЕННОЙ ОТВЕТСТВЕННОСТЬЮ ""СЕРВИСПРО"""
2021,35435.0,2352.0,,2352.0,1427010838,"ОБЩЕСТВО С ОГРАНИЧЕННОЙ ОТВЕТСТВЕННОСТЬЮ ""СЕРВИСПРО"""
2025,8290111.0,154882.0,0.0,154882.0,7714468005,"ОБЩЕСТВО С ОГРАНИЧЕННОЙ ОТВЕТСТВЕННОСТЬЮ ""СУ-90"""
2024,5266648.0,84311.0,462.0,84773.0,7714468005,"ОБЩЕСТВО С ОГРАНИЧЕННОЙ ОТВЕТСТВЕННОСТЬЮ ""СУ-90"""
2023,1465108.0,35843.0,,35843.0,7714468005,"ОБЩЕСТВО С ОГРАНИЧЕННОЙ ОТВЕТСТВЕННОСТЬЮ ""СУ-90"""
2022,616435.0,16100.0,,16100.0,7714468005,"ОБЩЕСТВО С ОГРАНИЧЕННОЙ ОТВЕТСТВЕННОСТЬЮ ""СУ-90"""
2021,276197.0,9306.0,,9306.0,7714468005,"ОБЩЕСТВО С ОГРАНИЧЕННОЙ ОТВЕТСТВЕННОСТЬЮ ""СУ-90"""
2025,146395.0,33525.0,,33525.0,2827009532,"ОБЩЕСТВО С ОГРАНИЧЕННОЙ ОТВЕТСТВЕННОСТЬЮ СПЕЦИАЛИЗИРОВАННЫЙ ЗАСТРОЙЩИК ""ПРОФЕССИОНАЛ"""
2024,233564.0,23061.0,,23061.0,2827009532,"ОБЩЕСТВО С ОГРАНИЧЕННОЙ ОТВЕТСТВЕННОСТЬЮ СПЕЦИАЛИЗИРОВАННЫЙ ЗАСТРОЙЩИК ""ПРОФЕССИОНАЛ"""
2023,518994.0,-6028.0,,-6028.0,2827009532,"ОБЩЕСТВО С ОГРАНИЧЕННОЙ ОТВЕТСТВЕННОСТЬЮ СПЕЦИАЛИЗИРОВАННЫЙ ЗАСТРОЙЩИК ""ПРОФЕССИОНАЛ"""
2022,63006.0,193.0,,193.0,2827009532,"ОБЩЕСТВО С ОГРАНИЧЕННОЙ ОТВЕТСТВЕННОСТЬЮ СПЕЦИАЛИЗИРОВАННЫЙ ЗАСТРОЙЩИК ""ПРОФЕССИОНАЛ"""
2021,57243.0,7612.0,,7612.0,2827009532,"ОБЩЕСТВО С ОГРАНИЧЕННОЙ ОТВЕТСТВЕННОСТЬЮ СПЕЦИАЛИЗИРОВАННЫЙ ЗАСТРОЙЩИК ""ПРОФЕССИОНАЛ"""
2025,18548.0,-47702.0,,-47702.0,7724426124,"ОБЩЕСТВО С ОГРАНИЧЕННОЙ ОТВЕТСТВЕННОСТЬЮ ""ИНЖСТРОЙ"""
2024,20104.0,118.0,,118.0,7724426124,"ОБЩЕСТВО С ОГРАНИЧЕННОЙ ОТВЕТСТВЕННОСТЬЮ ""ИНЖСТРОЙ"""
2023,164527.0,685.0,,685.0,7724426124,"ОБЩЕСТВО С ОГРАНИЧЕННОЙ ОТВЕТСТВЕННОСТЬЮ ""ИНЖСТРОЙ"""
2022,320963.0,3612.0,,3612.0,7724426124,"ОБЩЕСТВО С ОГРАНИЧЕННОЙ ОТВЕТСТВЕННОСТЬЮ ""ИНЖСТРОЙ"""
2021,114242.0,5633.0,,5633.0,7724426124,"ОБЩЕСТВО С ОГРАНИЧЕННОЙ ОТВЕТСТВЕННОСТЬЮ ""ИНЖСТРОЙ"""
2025,641078.0,12753.0,,12753.0,7814351579,"ОБЩЕСТВО С ОГРАНИЧЕННОЙ ОТВЕТСТВЕННОСТЬЮ ""СПЕЦМОНТАЖСТРОЙ"""
2024,1352437.0,18446.0,,18446.0,7814351579,"ОБЩЕСТВО С ОГРАНИЧЕННОЙ ОТВЕТСТВЕННОСТЬЮ ""СПЕЦМОНТАЖСТРОЙ"""
2023,146485.0,1486.0,,1486.0,7814351579,"ОБЩЕСТВО С ОГРАНИЧЕННОЙ ОТВЕТСТВЕННОСТЬЮ ""СПЕЦМОНТАЖСТРОЙ"""
2022,231067.0,2437.0,,2437.0,7814351579,"ОБЩЕСТВО С ОГРАНИЧЕННОЙ ОТВЕТСТВЕННОСТЬЮ ""СПЕЦМОНТАЖСТРОЙ"""
2021,200414.0,146.0,,146.0,7814351579,"ОБЩЕСТВО С ОГРАНИЧЕННОЙ ОТВЕТСТВЕННОСТЬЮ ""СПЕЦМОНТАЖСТРОЙ"""
2025,57021.0,51152.0,,51152.0,7202197320,"ОБЩЕСТВО С ОГРАНИЧЕННОЙ ОТВЕТСТВЕННОСТЬЮ ""ЦЕНТР ИНЖЕНЕРНЫХ КОММУНИКАЦИЙ"""
2024,152737.0,157459.0,,157459.0,7202197320,"ОБЩЕСТВО С ОГРАНИЧЕННОЙ ОТВЕТСТВЕННОСТЬЮ ""ЦЕНТР ИНЖЕНЕРНЫХ КОММУНИКАЦИЙ"""
2023,117030.0,8423.0,,8423.0,7202197320,"ОБЩЕСТВО С ОГРАНИЧЕННОЙ ОТВЕТСТВЕННОСТЬЮ ""ЦЕНТР ИНЖЕНЕРНЫХ КОММУНИКАЦИЙ"""
2022,150067.0,54923.0,,54923.0,7202197320,"ОБЩЕСТВО С ОГРАНИЧЕННОЙ ОТВЕТСТВЕННОСТЬЮ ""ЦЕНТР ИНЖЕНЕРНЫХ КОММУНИКАЦИЙ"""
2021,19391.0,782.0,,782.0,7202197320,"ОБЩЕСТВО С ОГРАНИЧЕННОЙ ОТВЕТСТВЕННОСТЬЮ ""ЦЕНТР ИНЖЕНЕРНЫХ КОММУНИКАЦИЙ"""
2023,416667.0,0.0,0.0,0.0,9724065224,"ОБЩЕСТВО С ОГРАНИЧЕННОЙ ОТВЕТСТВЕННОСТЬЮ ""БЕТСТРОЙ"""
2021,,,,,9724065224,"ОБЩЕСТВО С ОГРАНИЧЕННОЙ ОТВЕТСТВЕННОСТЬЮ ""БЕТСТРОЙ"""
2025,0.0,-3309.0,3661.0,352.0,9701004970,"АКЦИОНЕРНОЕ ОБЩЕСТВО ""КОНТИ"""
2024,1394181.0,-13213.0,11035.0,-2178.0,9701004970,"АКЦИОНЕРНОЕ ОБЩЕСТВО ""КОНТИ"""
2023,1534289.0,2181.0,8685.0,10866.0,9701004970,"АКЦИОНЕРНОЕ ОБЩЕСТВО ""КОНТИ"""
2022,1124718.0,655.0,4111.0,4766.0,9701004970,"АКЦИОНЕРНОЕ ОБЩЕСТВО ""КОНТИ"""
2021,939184.0,5.0,7013.0,7018.0,9701004970,"АКЦИОНЕРНОЕ ОБЩЕСТВО ""КОНТИ"""
2025,1076030.0,1246.0,,1246.0,7728484141,"ОБЩЕСТВО С ОГРАНИЧЕННОЙ ОТВЕТСТВЕННОСТЬЮ ""СТРОИТЕЛЬНАЯ КОМПАНИЯ АЛЬЯНС"""
2024,724416.0,2952.0,,2952.0,7728484141,"ОБЩЕСТВО С ОГРАНИЧЕННОЙ ОТВЕТСТВЕННОСТЬЮ ""СТРОИТЕЛЬНАЯ КОМПАНИЯ АЛЬЯНС"""
2023,280192.0,1408.0,,1408.0,7728484141,"ОБЩЕСТВО С ОГРАНИЧЕННОЙ ОТВЕТСТВЕННОСТЬЮ ""СТРОИТЕЛЬНАЯ КОМПАНИЯ АЛЬЯНС"""
2022,337768.0,1898.0,,1898.0,7728484141,"ОБЩЕСТВО С ОГРАНИЧЕННОЙ ОТВЕТСТВЕННОСТЬЮ ""СТРОИТЕЛЬНАЯ КОМПАНИЯ АЛЬЯНС"""
2021,383153.0,9289.0,,9289.0,7728484141,"ОБЩЕСТВО С ОГРАНИЧЕННОЙ ОТВЕТСТВЕННОСТЬЮ ""СТРОИТЕЛЬНАЯ КОМПАНИЯ АЛЬЯНС"""
2025,294663.0,-4461.0,,-4461.0,5050135411,"ОБЩЕСТВО С ОГРАНИЧЕННОЙ ОТВЕТСТВЕННОСТЬЮ СТРОИТЕЛЬНАЯ КОМПАНИЯ ""ДОКА"""
2024,839163.0,-13789.0,,-13789.0,5050135411,"ОБЩЕСТВО С ОГРАНИЧЕННОЙ ОТВЕТСТВЕННОСТЬЮ СТРОИТЕЛЬНАЯ КОМПАНИЯ ""ДОКА"""
2023,844349.0,17370.0,,17370.0,5050135411,"ОБЩЕСТВО С ОГРАНИЧЕННОЙ ОТВЕТСТВЕННОСТЬЮ СТРОИТЕЛЬНАЯ КОМПАНИЯ ""ДОКА"""
2022,272226.0,6049.0,,6049.0,5050135411,"ОБЩЕСТВО С ОГРАНИЧЕННОЙ ОТВЕТСТВЕННОСТЬЮ СТРОИТЕЛЬНАЯ КОМПАНИЯ ""ДОКА"""
2021,54511.0,838.0,,838.0,5050135411,"ОБЩЕСТВО С ОГРАНИЧЕННОЙ ОТВЕТСТВЕННОСТЬЮ СТРОИТЕЛЬНАЯ КОМПАНИЯ ""ДОКА"""
2025,545563.0,3114.0,999.0,4113.0,0278161297,"ОБЩЕСТВО С ОГРАНИЧЕННОЙ ОТВЕТСТВЕННОСТЬЮ ""РЕАЛКОНСТРУКЦИЯ"""
2024,160748.0,2201.0,706.0,2907.0,0278161297,"ОБЩЕСТВО С ОГРАНИЧЕННОЙ ОТВЕТСТВЕННОСТЬЮ ""РЕАЛКОНСТРУКЦИЯ"""
2023,354159.0,762.0,524.0,1286.0,0278161297,"ОБЩЕСТВО С ОГРАНИЧЕННОЙ ОТВЕТСТВЕННОСТЬЮ ""РЕАЛКОНСТРУКЦИЯ"""
2022,262097.0,1010.0,521.0,1531.0,0278161297,"ОБЩЕСТВО С ОГРАНИЧЕННОЙ ОТВЕТСТВЕННОСТЬЮ ""РЕАЛКОНСТРУКЦИЯ"""
2021,168251.0,229.0,405.0,634.0,0278161297,"ОБЩЕСТВО С ОГРАНИЧЕННОЙ ОТВЕТСТВЕННОСТЬЮ ""РЕАЛКОНСТРУКЦИЯ"""
2025,118750.0,268.0,,268.0,5024226246,"ОБЩЕСТВО С ОГРАНИЧЕННОЙ ОТВЕТСТВЕННОСТЬЮ ""ШК ГРУПП 53"""
2024,84440.0,-1854.0,,-1854.0,5024226246,"ОБЩЕСТВО С ОГРАНИЧЕННОЙ ОТВЕТСТВЕННОСТЬЮ ""ШК ГРУПП 53"""
2023,95992.0,304.0,,304.0,5024226246,"ОБЩЕСТВО С ОГРАНИЧЕННОЙ ОТВЕТСТВЕННОСТЬЮ ""ШК ГРУПП 53"""
2022,15748.0,112.0,,112.0,5024226246,"ОБЩЕСТВО С ОГРАНИЧЕННОЙ ОТВЕТСТВЕННОСТЬЮ ""ШК ГРУПП 53"""
2025,79990.0,15881.0,,15881.0,6234126553,"ОБЩЕСТВО С ОГРАНИЧЕННОЙ ОТВЕТСТВЕННОСТЬЮ ""ЖК ПАРУСА-3"""
2024,134342.0,9007.0,,9007.0,6234126553,"ОБЩЕСТВО С ОГРАНИЧЕННОЙ ОТВЕТСТВЕННОСТЬЮ ""ЖК ПАРУСА-3"""
2023,147407.0,48021.0,,48021.0,6234126553,"ОБЩЕСТВО С ОГРАНИЧЕННОЙ ОТВЕТСТВЕННОСТЬЮ ""ЖК ПАРУСА-3"""
2022,285386.0,23781.0,,23781.0,6234126553,"ОБЩЕСТВО С ОГРАНИЧЕННОЙ ОТВЕТСТВЕННОСТЬЮ ""ЖК ПАРУСА-3"""
2021,148853.0,142295.0,,142295.0,6234126553,"ОБЩЕСТВО С ОГРАНИЧЕННОЙ ОТВЕТСТВЕННОСТЬЮ ""ЖК ПАРУСА-3"""
2025,65253.0,176.0,,176.0,2130171280,"ОБЩЕСТВО С ОГРАНИЧЕННОЙ ОТВЕТСТВЕННОСТЬЮ ""СТРОИТЕЛЬНОЕ УПРАВЛЕНИЕ ""СПЕЦСТРОЙ"""
2024,67707.0,149.0,,149.0,2130171280,"ОБЩЕСТВО С ОГРАНИЧЕННОЙ ОТВЕТСТВЕННОСТЬЮ ""СТРОИТЕЛЬНОЕ УПРАВЛЕНИЕ ""СПЕЦСТРОЙ"""
2023,79356.0,153.0,,153.0,2130171280,"ОБЩЕСТВО С ОГРАНИЧЕННОЙ ОТВЕТСТВЕННОСТЬЮ ""СТРОИТЕЛЬНОЕ УПРАВЛЕНИЕ ""СПЕЦСТРОЙ"""
2022,88491.0,74.0,,74.0,2130171280,"ОБЩЕСТВО С ОГРАНИЧЕННОЙ ОТВЕТСТВЕННОСТЬЮ ""СТРОИТЕЛЬНОЕ УПРАВЛЕНИЕ ""СПЕЦСТРОЙ"""
2021,61509.0,-1730.0,,-1730.0,2130171280,"ОБЩЕСТВО С ОГРАНИЧЕННОЙ ОТВЕТСТВЕННОСТЬЮ ""СТРОИТЕЛЬНОЕ УПРАВЛЕНИЕ ""СПЕЦСТРОЙ"""
2025,1715423.0,147015.0,,147015.0,1215078778,"ОБЩЕСТВО С ОГРАНИЧЕННОЙ ОТВЕТСТВЕННОСТЬЮ ""СПЕЦИАЛИЗИРОВАННЫЙ ЗАСТРОЙЩИК ""РУСАГРОСТРОЙ"""
2024,1436501.0,175584.0,,175584.0,1215078778,"ОБЩЕСТВО С ОГРАНИЧЕННОЙ ОТВЕТСТВЕННОСТЬЮ ""СПЕЦИАЛИЗИРОВАННЫЙ ЗАСТРОЙЩИК ""РУСАГРОСТРОЙ"""
2023,188996.0,-72749.0,,-72749.0,1215078778,"ОБЩЕСТВО С ОГРАНИЧЕННОЙ ОТВЕТСТВЕННОСТЬЮ ""СПЕЦИАЛИЗИРОВАННЫЙ ЗАСТРОЙЩИК ""РУСАГРОСТРОЙ"""
2022,12731.0,-668.0,,-668.0,1215078778,"ОБЩЕСТВО С ОГРАНИЧЕННОЙ ОТВЕТСТВЕННОСТЬЮ ""СПЕЦИАЛИЗИРОВАННЫЙ ЗАСТРОЙЩИК ""РУСАГРОСТРОЙ"""
2021,31221.0,60128.0,,60128.0,1215078778,"ОБЩЕСТВО С ОГРАНИЧЕННОЙ ОТВЕТСТВЕННОСТЬЮ ""СПЕЦИАЛИЗИРОВАННЫЙ ЗАСТРОЙЩИК ""РУСАГРОСТРОЙ"""
2024,11540.0,134.0,,134.0,7751138855,"ОБЩЕСТВО С ОГРАНИЧЕННОЙ ОТВЕТСТВЕННОСТЬЮ ""РК-СТРОЙ"""
2023,23380.0,433.0,,433.0,7751138855,"ОБЩЕСТВО С ОГРАНИЧЕННОЙ ОТВЕТСТВЕННОСТЬЮ ""РК-СТРОЙ"""
2022,194464.0,7494.0,,7494.0,7751138855,"ОБЩЕСТВО С ОГРАНИЧЕННОЙ ОТВЕТСТВЕННОСТЬЮ ""РК-СТРОЙ"""
2021,191454.0,7617.0,,7617.0,7751138855,"ОБЩЕСТВО С ОГРАНИЧЕННОЙ ОТВЕТСТВЕННОСТЬЮ ""РК-СТРОЙ"""
2025,1698776.0,13899.0,3960.0,17859.0,9204563512,"ОБЩЕСТВО С ОГРАНИЧЕННОЙ ОТВЕТСТВЕННОСТЬЮ ""СК ""СТРОЙЖИЛПОДРЯД"""
2024,1747332.0,-8070.0,13464.0,5394.0,9204563512,"ОБЩЕСТВО С ОГРАНИЧЕННОЙ ОТВЕТСТВЕННОСТЬЮ ""СК ""СТРОЙЖИЛПОДРЯД"""
2023,723766.0,45994.0,8253.0,54247.0,9204563512,"ОБЩЕСТВО С ОГРАНИЧЕННОЙ ОТВЕТСТВЕННОСТЬЮ ""СК ""СТРОЙЖИЛПОДРЯД"""
2022,224836.0,-32247.0,-8547.0,-40794.0,9204563512,"ОБЩЕСТВО С ОГРАНИЧЕННОЙ ОТВЕТСТВЕННОСТЬЮ ""СК ""СТРОЙЖИЛПОДРЯД"""
2021,454347.0,-49419.0,-2557.0,-51976.0,9204563512,"ОБЩЕСТВО С ОГРАНИЧЕННОЙ ОТВЕТСТВЕННОСТЬЮ ""СК ""СТРОЙЖИЛПОДРЯД"""
2023,203205.0,26.0,,26.0,7751220242,"ОБЩЕСТВО С ОГРАНИЧЕННОЙ ОТВЕТСТВЕННОСТЬЮ ""СПЕКТР"""
2022,575564.0,37.0,,37.0,7751220242,"ОБЩЕСТВО С ОГРАНИЧЕННОЙ ОТВЕТСТВЕННОСТЬЮ ""СПЕКТР"""
2025,157136.0,29542.0,0.0,29542.0,6658521684,"ОБЩЕСТВО С ОГРАНИЧЕННОЙ ОТВЕТСТВЕННОСТЬЮ ""ПРОФЭНЕРГОСТРОЙ"""
2024,54245.0,28006.0,76.0,28082.0,6658521684,"ОБЩЕСТВО С ОГРАНИЧЕННОЙ ОТВЕТСТВЕННОСТЬЮ ""ПРОФЭНЕРГОСТРОЙ"""
2023,381039.0,175752.0,5188.0,180940.0,6658521684,"ОБЩЕСТВО С ОГРАНИЧЕННОЙ ОТВЕТСТВЕННОСТЬЮ ""ПРОФЭНЕРГОСТРОЙ"""
2022,316439.0,124475.0,6237.0,130712.0,6658521684,"ОБЩЕСТВО С ОГРАНИЧЕННОЙ ОТВЕТСТВЕННОСТЬЮ ""ПРОФЭНЕРГОСТРОЙ"""
2021,399296.0,15342.0,4791.0,20133.0,6658521684,"ОБЩЕСТВО С ОГРАНИЧЕННОЙ ОТВЕТСТВЕННОСТЬЮ ""ПРОФЭНЕРГОСТРОЙ"""
2025,57937.0,-4875.0,232.0,-4643.0,7710866132,"ОБЩЕСТВО С ОГРАНИЧЕННОЙ ОТВЕТСТВЕННОСТЬЮ ""ПРОГРЕССТРОЙКА"""
2024,99614.0,173.0,947.0,1120.0,7710866132,"ОБЩЕСТВО С ОГРАНИЧЕННОЙ ОТВЕТСТВЕННОСТЬЮ ""ПРОГРЕССТРОЙКА"""
2023,83565.0,-274.0,854.0,580.0,7710866132,"ОБЩЕСТВО С ОГРАНИЧЕННОЙ ОТВЕТСТВЕННОСТЬЮ ""ПРОГРЕССТРОЙКА"""
2022,54096.0,2.0,1272.0,1274.0,7710866132,"ОБЩЕСТВО С ОГРАНИЧЕННОЙ ОТВЕТСТВЕННОСТЬЮ ""ПРОГРЕССТРОЙКА"""
2021,72468.0,201.0,259.0,460.0,7710866132,"ОБЩЕСТВО С ОГРАНИЧЕННОЙ ОТВЕТСТВЕННОСТЬЮ ""ПРОГРЕССТРОЙКА"""
2025,205401.0,20575.0,,20575.0,5249094341,"ОБЩЕСТВО С ОГРАНИЧЕННОЙ ОТВЕТСТВЕННОСТЬЮ ""ТЕХНОЛОГИЯ"""
2024,158462.0,2708.0,,2708.0,5249094341,"ОБЩЕСТВО С ОГРАНИЧЕННОЙ ОТВЕТСТВЕННОСТЬЮ ""ТЕХНОЛОГИЯ"""
2023,182740.0,3740.0,,3740.0,5249094341,"ОБЩЕСТВО С ОГРАНИЧЕННОЙ ОТВЕТСТВЕННОСТЬЮ ""ТЕХНОЛОГИЯ"""
2022,172716.0,6953.0,,6953.0,5249094341,"ОБЩЕСТВО С ОГРАНИЧЕННОЙ ОТВЕТСТВЕННОСТЬЮ ""ТЕХНОЛОГИЯ"""
2021,131201.0,-5197.0,,-5197.0,5249094341,"ОБЩЕСТВО С ОГРАНИЧЕННОЙ ОТВЕТСТВЕННОСТЬЮ ""ТЕХНОЛОГИЯ"""
2025,216269.0,8932.0,,8932.0,2537106301,"ОБЩЕСТВО С ОГРАНИЧЕННОЙ ОТВЕТСТВЕННОСТЬЮ ""БИЗНЕС СТРОЙ"""
2024,174909.0,4384.0,,4384.0,2537106301,"ОБЩЕСТВО С ОГРАНИЧЕННОЙ ОТВЕТСТВЕННОСТЬЮ ""БИЗНЕС СТРОЙ"""
2023,132940.0,3333.0,,3333.0,2537106301,"ОБЩЕСТВО С ОГРАНИЧЕННОЙ ОТВЕТСТВЕННОСТЬЮ ""БИЗНЕС СТРОЙ"""
2022,172032.0,2448.0,,2448.0,2537106301,"ОБЩЕСТВО С ОГРАНИЧЕННОЙ ОТВЕТСТВЕННОСТЬЮ ""БИЗНЕС СТРОЙ"""
2021,194435.0,5043.0,,5043.0,2537106301,"ОБЩЕСТВО С ОГРАНИЧЕННОЙ ОТВЕТСТВЕННОСТЬЮ ""БИЗНЕС СТРОЙ"""
2025,0.0,-210.0,,-210.0,7727128609,"ОБЩЕСТВО С ОГРАНИЧЕННОЙ ОТВЕТСТВЕННОСТЬЮ ""РУСБРОКТРАНС"""
2024,6.0,-19088.0,,-19088.0,7727128609,"ОБЩЕСТВО С ОГРАНИЧЕННОЙ ОТВЕТСТВЕННОСТЬЮ ""РУСБРОКТРАНС"""
2023,11625.0,-1970.0,,-1970.0,7727128609,"ОБЩЕСТВО С ОГРАНИЧЕННОЙ ОТВЕТСТВЕННОСТЬЮ ""РУСБРОКТРАНС"""
2022,33772.0,-733.0,,-733.0,7727128609,"ОБЩЕСТВО С ОГРАНИЧЕННОЙ ОТВЕТСТВЕННОСТЬЮ ""РУСБРОКТРАНС"""
2021,155566.0,-1396.0,,-1396.0,7727128609,"ОБЩЕСТВО С ОГРАНИЧЕННОЙ ОТВЕТСТВЕННОСТЬЮ ""РУСБРОКТРАНС"""
2025,457286.0,-393345.0,1064.0,-392281.0,7839406597,"ОБЩЕСТВО С ОГРАНИЧЕННОЙ ОТВЕТСТВЕННОСТЬЮ ""РУСЬЭНЕРГОМОНТАЖ"""
2024,401104.0,-3829.0,2079.0,-1750.0,7839406597,"ОБЩЕСТВО С ОГРАНИЧЕННОЙ ОТВЕТСТВЕННОСТЬЮ ""РУСЬЭНЕРГОМОНТАЖ"""
2023,1009913.0,7257.0,1617.0,8874.0,7839406597,"ОБЩЕСТВО С ОГРАНИЧЕННОЙ ОТВЕТСТВЕННОСТЬЮ ""РУСЬЭНЕРГОМОНТАЖ"""
2022,446800.0,3960.0,377.0,4337.0,7839406597,"ОБЩЕСТВО С ОГРАНИЧЕННОЙ ОТВЕТСТВЕННОСТЬЮ ""РУСЬЭНЕРГОМОНТАЖ"""
2021,358336.0,3216.0,0.0,3216.0,7839406597,"ОБЩЕСТВО С ОГРАНИЧЕННОЙ ОТВЕТСТВЕННОСТЬЮ ""РУСЬЭНЕРГОМОНТАЖ"""
2025,222753.0,2412.0,6040.0,8452.0,6501089145,"ОБЩЕСТВО С ОГРАНИЧЕННОЙ ОТВЕТСТВЕННОСТЬЮ СОВМЕСТНОЕ ПРЕДПРИЯТИЕ ""САХВЕСТСТРОЙ"""
2024,247632.0,8583.0,4013.0,12596.0,6501089145,"ОБЩЕСТВО С ОГРАНИЧЕННОЙ ОТВЕТСТВЕННОСТЬЮ СОВМЕСТНОЕ ПРЕДПРИЯТИЕ ""САХВЕСТСТРОЙ"""
2023,300353.0,20501.0,1530.0,22031.0,6501089145,"ОБЩЕСТВО С ОГРАНИЧЕННОЙ ОТВЕТСТВЕННОСТЬЮ СОВМЕСТНОЕ ПРЕДПРИЯТИЕ ""САХВЕСТСТРОЙ"""
2022,372858.0,28445.0,,28445.0,6501089145,"ОБЩЕСТВО С ОГРАНИЧЕННОЙ ОТВЕТСТВЕННОСТЬЮ СОВМЕСТНОЕ ПРЕДПРИЯТИЕ ""САХВЕСТСТРОЙ"""
2021,388848.0,22177.0,3806.0,25983.0,6501089145,"ОБЩЕСТВО С ОГРАНИЧЕННОЙ ОТВЕТСТВЕННОСТЬЮ СОВМЕСТНОЕ ПРЕДПРИЯТИЕ ""САХВЕСТСТРОЙ"""
2024,243602.0,914.0,,914.0,9718114554,"ОБЩЕСТВО С ОГРАНИЧЕННОЙ ОТВЕТСТВЕННОСТЬЮ ""СТРОЙПРОГРЕСС"""
2023,187570.0,59196.0,,59196.0,9718114554,"ОБЩЕСТВО С ОГРАНИЧЕННОЙ ОТВЕТСТВЕННОСТЬЮ ""СТРОЙПРОГРЕСС"""
2022,39989.0,431.0,,431.0,9718114554,"ОБЩЕСТВО С ОГРАНИЧЕННОЙ ОТВЕТСТВЕННОСТЬЮ ""СТРОЙПРОГРЕСС"""
2021,34538.0,495.0,,495.0,9718114554,"ОБЩЕСТВО С ОГРАНИЧЕННОЙ ОТВЕТСТВЕННОСТЬЮ ""СТРОЙПРОГРЕСС"""
2025,,,,,7709916124,"ОБЩЕСТВО С ОГРАНИЧЕННОЙ ОТВЕТСТВЕННОСТЬЮ ""ИНТЕРКОН"""
2024,,,,,7709916124,"ОБЩЕСТВО С ОГРАНИЧЕННОЙ ОТВЕТСТВЕННОСТЬЮ ""ИНТЕРКОН"""
2023,0.0,,,,7709916124,"ОБЩЕСТВО С ОГРАНИЧЕННОЙ ОТВЕТСТВЕННОСТЬЮ ""ИНТЕРКОН"""
2022,5215.0,0.0,,0.0,7709916124,"ОБЩЕСТВО С ОГРАНИЧЕННОЙ ОТВЕТСТВЕННОСТЬЮ ""ИНТЕРКОН"""
2021,494859.0,25216.0,,25216.0,7709916124,"ОБЩЕСТВО С ОГРАНИЧЕННОЙ ОТВЕТСТВЕННОСТЬЮ ""ИНТЕРКОН"""
2025,489383.0,1759.0,,1759.0,9718045068,"ОБЩЕСТВО С ОГРАНИЧЕННОЙ ОТВЕТСТВЕННОСТЬЮ ""СПЕЦСТРОЙМОНОЛИТ-ПЛЮС"""
2024,613116.0,-33564.0,,-33564.0,9718045068,"ОБЩЕСТВО С ОГРАНИЧЕННОЙ ОТВЕТСТВЕННОСТЬЮ ""СПЕЦСТРОЙМОНОЛИТ-ПЛЮС"""
2023,471180.0,16949.0,,16949.0,9718045068,"ОБЩЕСТВО С ОГРАНИЧЕННОЙ ОТВЕТСТВЕННОСТЬЮ ""СПЕЦСТРОЙМОНОЛИТ-ПЛЮС"""
2022,393015.0,17934.0,,17934.0,9718045068,"ОБЩЕСТВО С ОГРАНИЧЕННОЙ ОТВЕТСТВЕННОСТЬЮ ""СПЕЦСТРОЙМОНОЛИТ-ПЛЮС"""
2021,403695.0,42.0,,42.0,9718045068,"ОБЩЕСТВО С ОГРАНИЧЕННОЙ ОТВЕТСТВЕННОСТЬЮ ""СПЕЦСТРОЙМОНОЛИТ-ПЛЮС"""
2021,,,,,9723130946,"ОБЩЕСТВО С ОГРАНИЧЕННОЙ ОТВЕТСТВЕННОСТЬЮ ""ЗЕВС"""
2025,217467.0,1797.0,3660.0,5457.0,5053050276,"ОБЩЕСТВО С ОГРАНИЧЕННОЙ ОТВЕТСТВЕННОСТЬЮ ""СТРОИТЕЛЬНАЯ КОМПАНИЯ ""СТРОЙ-ГРАД"""
2024,114983.0,517.0,2327.0,2844.0,5053050276,"ОБЩЕСТВО С ОГРАНИЧЕННОЙ ОТВЕТСТВЕННОСТЬЮ ""СТРОИТЕЛЬНАЯ КОМПАНИЯ ""СТРОЙ-ГРАД"""
2023,204522.0,1098.0,750.0,1848.0,5053050276,"ОБЩЕСТВО С ОГРАНИЧЕННОЙ ОТВЕТСТВЕННОСТЬЮ ""СТРОИТЕЛЬНАЯ КОМПАНИЯ ""СТРОЙ-ГРАД"""
2022,132638.0,757.0,1127.0,1884.0,5053050276,"ОБЩЕСТВО С ОГРАНИЧЕННОЙ ОТВЕТСТВЕННОСТЬЮ ""СТРОИТЕЛЬНАЯ КОМПАНИЯ ""СТРОЙ-ГРАД"""
2021,205183.0,503.0,1165.0,1668.0,5053050276,"ОБЩЕСТВО С ОГРАНИЧЕННОЙ ОТВЕТСТВЕННОСТЬЮ ""СТРОИТЕЛЬНАЯ КОМПАНИЯ ""СТРОЙ-ГРАД"""
2025,364652.0,34748.0,460.0,35208.0,6027099196,"ОБЩЕСТВО С ОГРАНИЧЕННОЙ ОТВЕТСТВЕННОСТЬЮ ""АВГУСТИНА"""
2024,607666.0,88139.0,216.0,88355.0,6027099196,"ОБЩЕСТВО С ОГРАНИЧЕННОЙ ОТВЕТСТВЕННОСТЬЮ ""АВГУСТИНА"""
2023,413404.0,51874.0,2195.0,54069.0,6027099196,"ОБЩЕСТВО С ОГРАНИЧЕННОЙ ОТВЕТСТВЕННОСТЬЮ ""АВГУСТИНА"""
2022,300221.0,1196.0,3356.0,4552.0,6027099196,"ОБЩЕСТВО С ОГРАНИЧЕННОЙ ОТВЕТСТВЕННОСТЬЮ ""АВГУСТИНА"""
2021,112161.0,1753.0,1105.0,2858.0,6027099196,"ОБЩЕСТВО С ОГРАНИЧЕННОЙ ОТВЕТСТВЕННОСТЬЮ ""АВГУСТИНА"""
2023,0.0,1005.0,,1005.0,7706816185,"ОБЩЕСТВО С ОГРАНИЧЕННОЙ ОТВЕТСТВЕННОСТЬЮ ""СПРИНТ КОНСТРАКШН"""
2022,61251.0,-1663.0,,-1663.0,7706816185,"ОБЩЕСТВО С ОГРАНИЧЕННОЙ ОТВЕТСТВЕННОСТЬЮ ""СПРИНТ КОНСТРАКШН"""
2021,,-1750.0,,-1750.0,7706816185,"ОБЩЕСТВО С ОГРАНИЧЕННОЙ ОТВЕТСТВЕННОСТЬЮ ""СПРИНТ КОНСТРАКШН"""
2023,0.0,0.0,,0.0,5528049660,"ОБЩЕСТВО С ОГРАНИЧЕННОЙ ОТВЕТСТВЕННОСТЬЮ ""АРКАНА"""
2022,224599.0,416.0,,416.0,5528049660,"ОБЩЕСТВО С ОГРАНИЧЕННОЙ ОТВЕТСТВЕННОСТЬЮ ""АРКАНА"""
2025,126937.0,-23872.0,0.0,-23872.0,1648036601,"ОБЩЕСТВО С ОГРАНИЧЕННОЙ ОТВЕТСТВЕННОСТЬЮ ""ПРОМ-АНТИКОР"""
2024,165672.0,757.0,468.0,1225.0,1648036601,"ОБЩЕСТВО С ОГРАНИЧЕННОЙ ОТВЕТСТВЕННОСТЬЮ ""ПРОМ-АНТИКОР"""
2023,217248.0,39688.0,185.0,39873.0,1648036601,"ОБЩЕСТВО С ОГРАНИЧЕННОЙ ОТВЕТСТВЕННОСТЬЮ ""ПРОМ-АНТИКОР"""
2022,235755.0,15532.0,0.0,15532.0,1648036601,"ОБЩЕСТВО С ОГРАНИЧЕННОЙ ОТВЕТСТВЕННОСТЬЮ ""ПРОМ-АНТИКОР"""
2021,225752.0,4915.0,377.0,5292.0,1648036601,"ОБЩЕСТВО С ОГРАНИЧЕННОЙ ОТВЕТСТВЕННОСТЬЮ ""ПРОМ-АНТИКОР"""
2025,475883.0,663.0,,663.0,3461009522,"ОБЩЕСТВО С ОГРАНИЧЕННОЙ ОТВЕТСТВЕННОСТЬЮ ""ВОЛГА-БИЛД ИНЖИНИРИНГ"""
2024,160076.0,607.0,,607.0,3461009522,"ОБЩЕСТВО С ОГРАНИЧЕННОЙ ОТВЕТСТВЕННОСТЬЮ ""ВОЛГА-БИЛД ИНЖИНИРИНГ"""
2023,132816.0,298.0,,298.0,3461009522,"ОБЩЕСТВО С ОГРАНИЧЕННОЙ ОТВЕТСТВЕННОСТЬЮ ""ВОЛГА-БИЛД ИНЖИНИРИНГ"""
2022,69072.0,10419.0,,10419.0,3461009522,"ОБЩЕСТВО С ОГРАНИЧЕННОЙ ОТВЕТСТВЕННОСТЬЮ ""ВОЛГА-БИЛД ИНЖИНИРИНГ"""
2021,59040.0,-15265.0,,-15265.0,3461009522,"ОБЩЕСТВО С ОГРАНИЧЕННОЙ ОТВЕТСТВЕННОСТЬЮ ""ВОЛГА-БИЛД ИНЖИНИРИНГ"""
2025,20965.0,-12628.0,0.0,-12628.0,7524014902,"ОБЩЕСТВО С ОГРАНИЧЕННОЙ ОТВЕТСТВЕННОСТЬЮ ""ФРУТЕКС"""
2024,86869.0,16911.0,0.0,16911.0,7524014902,"ОБЩЕСТВО С ОГРАНИЧЕННОЙ ОТВЕТСТВЕННОСТЬЮ ""ФРУТЕКС"""
2023,215629.0,41440.0,1106.0,42546.0,7524014902,"ОБЩЕСТВО С ОГРАНИЧЕННОЙ ОТВЕТСТВЕННОСТЬЮ ""ФРУТЕКС"""
2022,119545.0,4107.0,1481.0,5588.0,7524014902,"ОБЩЕСТВО С ОГРАНИЧЕННОЙ ОТВЕТСТВЕННОСТЬЮ ""ФРУТЕКС"""
2021,72994.0,-6758.0,,-6758.0,7524014902,"ОБЩЕСТВО С ОГРАНИЧЕННОЙ ОТВЕТСТВЕННОСТЬЮ ""ФРУТЕКС"""
2025,182437.0,-50036.0,1202.0,-48834.0,6449037751,"ОБЩЕСТВО С ОГРАНИЧЕННОЙ ОТВЕТСТВЕННОСТЬЮ ""СТРОЙДОМ"""
2024,217780.0,1860.0,,1860.0,6449037751,"ОБЩЕСТВО С ОГРАНИЧЕННОЙ ОТВЕТСТВЕННОСТЬЮ ""СТРОЙДОМ"""
2023,233018.0,39282.0,0.0,39282.0,6449037751,"ОБЩЕСТВО С ОГРАНИЧЕННОЙ ОТВЕТСТВЕННОСТЬЮ ""СТРОЙДОМ"""
2022,135855.0,15061.0,25.0,15086.0,6449037751,"ОБЩЕСТВО С ОГРАНИЧЕННОЙ ОТВЕТСТВЕННОСТЬЮ ""СТРОЙДОМ"""
2021,32690.0,2.0,0.0,2.0,6449037751,"ОБЩЕСТВО С ОГРАНИЧЕННОЙ ОТВЕТСТВЕННОСТЬЮ ""СТРОЙДОМ"""
2022,130847.0,946.0,,946.0,7703547625,"ОБЩЕСТВО С ОГРАНИЧЕННОЙ ОТВЕТСТВЕННОСТЬЮ ""ТОНСТРОЙ"""
2021,719332.0,4642.0,,4642.0,7703547625,"ОБЩЕСТВО С ОГРАНИЧЕННОЙ ОТВЕТСТВЕННОСТЬЮ ""ТОНСТРОЙ"""
2025,812083.0,27112.0,16076.0,43188.0,7728786311,"АКЦИОНЕРНОЕ ОБЩЕСТВО ""СВС-ЭМ"""
2024,728986.0,34536.0,6366.0,40902.0,7728786311,"АКЦИОНЕРНОЕ ОБЩЕСТВО ""СВС-ЭМ"""
2023,237814.0,25442.0,,25442.0,7728786311,"АКЦИОНЕРНОЕ ОБЩЕСТВО ""СВС-ЭМ"""
2022,710015.0,99742.0,,99742.0,7728786311,"АКЦИОНЕРНОЕ ОБЩЕСТВО ""СВС-ЭМ"""
2021,179559.0,-9100.0,0.0,-9100.0,7728786311,"АКЦИОНЕРНОЕ ОБЩЕСТВО ""СВС-ЭМ"""
2025,130303.0,13622.0,30.0,13652.0,9724071877,"ОБЩЕСТВО С ОГРАНИЧЕННОЙ ОТВЕТСТВЕННОСТЬЮ ""ТСК"""
2024,853542.0,223537.0,2599.0,226136.0,9724071877,"ОБЩЕСТВО С ОГРАНИЧЕННОЙ ОТВЕТСТВЕННОСТЬЮ ""ТСК"""
2023,405111.0,20316.0,39.0,20355.0,9724071877,"ОБЩЕСТВО С ОГРАНИЧЕННОЙ ОТВЕТСТВЕННОСТЬЮ ""ТСК"""
2022,205556.0,10177.0,,10177.0,9724071877,"ОБЩЕСТВО С ОГРАНИЧЕННОЙ ОТВЕТСТВЕННОСТЬЮ ""ТСК"""
2025,33572.0,-6007.0,2579.0,-3428.0,2364017082,"ОБЩЕСТВО С ОГРАНИЧЕННОЙ ОТВЕТСТВЕННОСТЬЮ ""СМУ-КУБАНЬСТРОЙ"""
2024,38064.0,-3304.0,1306.0,-1998.0,2364017082,"ОБЩЕСТВО С ОГРАНИЧЕННОЙ ОТВЕТСТВЕННОСТЬЮ ""СМУ-КУБАНЬСТРОЙ"""
2023,42764.0,-5202.0,1009.0,-4193.0,2364017082,"ОБЩЕСТВО С ОГРАНИЧЕННОЙ ОТВЕТСТВЕННОСТЬЮ ""СМУ-КУБАНЬСТРОЙ"""
2022,109483.0,-241.0,575.0,334.0,2364017082,"ОБЩЕСТВО С ОГРАНИЧЕННОЙ ОТВЕТСТВЕННОСТЬЮ ""СМУ-КУБАНЬСТРОЙ"""
2021,119247.0,8989.0,575.0,9564.0,2364017082,"ОБЩЕСТВО С ОГРАНИЧЕННОЙ ОТВЕТСТВЕННОСТЬЮ ""СМУ-КУБАНЬСТРОЙ"""
2022,171955.0,93.0,,93.0,0275928146,"ОБЩЕСТВО С ОГРАНИЧЕННОЙ ОТВЕТСТВЕННОСТЬЮ ""СТРОИТЕЛЬНАЯ КОМПАНИЯ БИЛД"""
2025,169037.0,14175.0,,14175.0,7115009919,"ОБЩЕСТВО С ОГРАНИЧЕННОЙ ОТВЕТСТВЕННОСТЬЮ ""РЕМСТРОЙ СЕРВИС"""
2024,189299.0,54578.0,,54578.0,7115009919,"ОБЩЕСТВО С ОГРАНИЧЕННОЙ ОТВЕТСТВЕННОСТЬЮ ""РЕМСТРОЙ СЕРВИС"""
2023,164255.0,42544.0,,42544.0,7115009919,"ОБЩЕСТВО С ОГРАНИЧЕННОЙ ОТВЕТСТВЕННОСТЬЮ ""РЕМСТРОЙ СЕРВИС"""
2022,171841.0,50935.0,,50935.0,7115009919,"ОБЩЕСТВО С ОГРАНИЧЕННОЙ ОТВЕТСТВЕННОСТЬЮ ""РЕМСТРОЙ СЕРВИС"""
2021,92994.0,16099.0,,16099.0,7115009919,"ОБЩЕСТВО С ОГРАНИЧЕННОЙ ОТВЕТСТВЕННОСТЬЮ ""РЕМСТРОЙ СЕРВИС"""
2025,529459.0,17029.0,9059.0,26088.0,3911016071,"ОБЩЕСТВО С ОГРАНИЧЕННОЙ ОТВЕТСТВЕННОСТЬЮ ""ЭНЕРГОСТРОЙ"""
2024,396442.0,1358.0,7007.0,8365.0,3911016071,"ОБЩЕСТВО С ОГРАНИЧЕННОЙ ОТВЕТСТВЕННОСТЬЮ ""ЭНЕРГОСТРОЙ"""
2023,331100.0,4361.0,2750.0,7111.0,3911016071,"ОБЩЕСТВО С ОГРАНИЧЕННОЙ ОТВЕТСТВЕННОСТЬЮ ""ЭНЕРГОСТРОЙ"""
2022,215021.0,10959.0,959.0,11918.0,3911016071,"ОБЩЕСТВО С ОГРАНИЧЕННОЙ ОТВЕТСТВЕННОСТЬЮ ""ЭНЕРГОСТРОЙ"""
2021,403117.0,10293.0,650.0,10943.0,3911016071,"ОБЩЕСТВО С ОГРАНИЧЕННОЙ ОТВЕТСТВЕННОСТЬЮ ""ЭНЕРГОСТРОЙ"""
2025,1542342.0,89035.0,0.0,89035.0,7727813770,"ОБЩЕСТВО С ОГРАНИЧЕННОЙ ОТВЕТСТВЕННОСТЬЮ ""СУ-111"""
2024,1376308.0,83995.0,,83995.0,7727813770,"ОБЩЕСТВО С ОГРАНИЧЕННОЙ ОТВЕТСТВЕННОСТЬЮ ""СУ-111"""
2023,1562832.0,36686.0,,36686.0,7727813770,"ОБЩЕСТВО С ОГРАНИЧЕННОЙ ОТВЕТСТВЕННОСТЬЮ ""СУ-111"""
2022,1298927.0,23659.0,,23659.0,7727813770,"ОБЩЕСТВО С ОГРАНИЧЕННОЙ ОТВЕТСТВЕННОСТЬЮ ""СУ-111"""
2021,606443.0,8039.0,,8039.0,7727813770,"ОБЩЕСТВО С ОГРАНИЧЕННОЙ ОТВЕТСТВЕННОСТЬЮ ""СУ-111"""
2025,876542.0,20027.0,0.0,20027.0,6659169296,"ОБЩЕСТВО С ОГРАНИЧЕННОЙ ОТВЕТСТВЕННОСТЬЮ ""ЕКБ-ЭЛЕКТРО"""
2024,911775.0,24746.0,,24746.0,6659169296,"ОБЩЕСТВО С ОГРАНИЧЕННОЙ ОТВЕТСТВЕННОСТЬЮ ""ЕКБ-ЭЛЕКТРО"""
2023,691808.0,16550.0,,16550.0,6659169296,"ОБЩЕСТВО С ОГРАНИЧЕННОЙ ОТВЕТСТВЕННОСТЬЮ ""ЕКБ-ЭЛЕКТРО"""
2022,434676.0,27890.0,,27890.0,6659169296,"ОБЩЕСТВО С ОГРАНИЧЕННОЙ ОТВЕТСТВЕННОСТЬЮ ""ЕКБ-ЭЛЕКТРО"""
2021,334583.0,11069.0,,11069.0,6659169296,"ОБЩЕСТВО С ОГРАНИЧЕННОЙ ОТВЕТСТВЕННОСТЬЮ ""ЕКБ-ЭЛЕКТРО"""
2025,0.0,-182.0,,-182.0,7203387998,"ОБЩЕСТВО С ОГРАНИЧЕННОЙ ОТВЕТСТВЕННОСТЬЮ ""ТАД"""
2024,13635.0,8811.0,,8811.0,7203387998,"ОБЩЕСТВО С ОГРАНИЧЕННОЙ ОТВЕТСТВЕННОСТЬЮ ""ТАД"""
2023,0.0,-28.0,,-28.0,7203387998,"ОБЩЕСТВО С ОГРАНИЧЕННОЙ ОТВЕТСТВЕННОСТЬЮ ""ТАД"""
2022,141598.0,-36657.0,,-36657.0,7203387998,"ОБЩЕСТВО С ОГРАНИЧЕННОЙ ОТВЕТСТВЕННОСТЬЮ ""ТАД"""
2021,200817.0,12953.0,,12953.0,7203387998,"ОБЩЕСТВО С ОГРАНИЧЕННОЙ ОТВЕТСТВЕННОСТЬЮ ""ТАД"""
2025,1012509.0,-8262.0,21990.0,13728.0,2320243567,"ОБЩЕСТВО С ОГРАНИЧЕННОЙ ОТВЕТСТВЕННОСТЬЮ ""СП МЕНЕДЖМЕНТ"""
2024,276.0,-17116.0,11455.0,-5661.0,2320243567,"ОБЩЕСТВО С ОГРАНИЧЕННОЙ ОТВЕТСТВЕННОСТЬЮ ""СП МЕНЕДЖМЕНТ"""
2023,2602.0,-87077.0,10516.0,-76561.0,2320243567,"ОБЩЕСТВО С ОГРАНИЧЕННОЙ ОТВЕТСТВЕННОСТЬЮ ""СП МЕНЕДЖМЕНТ"""
2022,199166.0,4424.0,10720.0,15144.0,2320243567,"ОБЩЕСТВО С ОГРАНИЧЕННОЙ ОТВЕТСТВЕННОСТЬЮ ""СП МЕНЕДЖМЕНТ"""
2021,42971.0,-35609.0,11099.0,-24510.0,2320243567,"ОБЩЕСТВО С ОГРАНИЧЕННОЙ ОТВЕТСТВЕННОСТЬЮ ""СП МЕНЕДЖМЕНТ"""
2025,140779.0,-35301.0,,-35301.0,6167081417,"ОБЩЕСТВО С ОГРАНИЧЕННОЙ ОТВЕТСТВЕННОСТЬЮ ""СПЕЦИАЛИЗИРОВАННЫЙ ЗАСТРОЙЩИК ""ПАРТИКЛ"""
2024,94676.0,-56394.0,,-56394.0,6167081417,"ОБЩЕСТВО С ОГРАНИЧЕННОЙ ОТВЕТСТВЕННОСТЬЮ ""СПЕЦИАЛИЗИРОВАННЫЙ ЗАСТРОЙЩИК ""ПАРТИКЛ"""
2023,188202.0,29083.0,,29083.0,6167081417,"ОБЩЕСТВО С ОГРАНИЧЕННОЙ ОТВЕТСТВЕННОСТЬЮ ""СПЕЦИАЛИЗИРОВАННЫЙ ЗАСТРОЙЩИК ""ПАРТИКЛ"""
2022,251483.0,13931.0,,13931.0,6167081417,"ОБЩЕСТВО С ОГРАНИЧЕННОЙ ОТВЕТСТВЕННОСТЬЮ ""СПЕЦИАЛИЗИРОВАННЫЙ ЗАСТРОЙЩИК ""ПАРТИКЛ"""
2021,329832.0,100100.0,,100100.0,6167081417,"ОБЩЕСТВО С ОГРАНИЧЕННОЙ ОТВЕТСТВЕННОСТЬЮ ""СПЕЦИАЛИЗИРОВАННЫЙ ЗАСТРОЙЩИК ""ПАРТИКЛ"""
2024,572299.0,349.0,,349.0,7806480080,"ОБЩЕСТВО С ОГРАНИЧЕННОЙ ОТВЕТСТВЕННОСТЬЮ ""СПЕЦИАЛИЗИРОВАННЫЙ ЗАСТРОЙЩИК ""СТРОЙРЕГИОНСЕРВИС"""
2023,416426.0,22409.0,,22409.0,7806480080,"ОБЩЕСТВО С ОГРАНИЧЕННОЙ ОТВЕТСТВЕННОСТЬЮ ""СПЕЦИАЛИЗИРОВАННЫЙ ЗАСТРОЙЩИК ""СТРОЙРЕГИОНСЕРВИС"""
2022,320561.0,11355.0,,11355.0,7806480080,"ОБЩЕСТВО С ОГРАНИЧЕННОЙ ОТВЕТСТВЕННОСТЬЮ ""СПЕЦИАЛИЗИРОВАННЫЙ ЗАСТРОЙЩИК ""СТРОЙРЕГИОНСЕРВИС"""
2021,599497.0,4824.0,,4824.0,7806480080,"ОБЩЕСТВО С ОГРАНИЧЕННОЙ ОТВЕТСТВЕННОСТЬЮ ""СПЕЦИАЛИЗИРОВАННЫЙ ЗАСТРОЙЩИК ""СТРОЙРЕГИОНСЕРВИС"""
2025,572618.0,1286.0,1107.0,2393.0,2310088087,"ОБЩЕСТВО С ОГРАНИЧЕННОЙ ОТВЕТСТВЕННОСТЬЮ ""АГРОСНАБ-ЮГ"""
2024,1435123.0,2058.0,,2058.0,2310088087,"ОБЩЕСТВО С ОГРАНИЧЕННОЙ ОТВЕТСТВЕННОСТЬЮ ""АГРОСНАБ-ЮГ"""
2023,970428.0,648.0,0.0,648.0,2310088087,"ОБЩЕСТВО С ОГРАНИЧЕННОЙ ОТВЕТСТВЕННОСТЬЮ ""АГРОСНАБ-ЮГ"""
2022,748834.0,139299.0,2918.0,142217.0,2310088087,"ОБЩЕСТВО С ОГРАНИЧЕННОЙ ОТВЕТСТВЕННОСТЬЮ ""АГРОСНАБ-ЮГ"""
2021,525707.0,446.0,1030.0,1476.0,2310088087,"ОБЩЕСТВО С ОГРАНИЧЕННОЙ ОТВЕТСТВЕННОСТЬЮ ""АГРОСНАБ-ЮГ"""
2025,236356.0,358.0,6813.0,7171.0,7705837577,"ОБЩЕСТВО С ОГРАНИЧЕННОЙ ОТВЕТСТВЕННОСТЬЮ ""СПЕЦСТРОЙ-АЛЬЯНС"""
2024,618462.0,18031.0,5893.0,23924.0,7705837577,"ОБЩЕСТВО С ОГРАНИЧЕННОЙ ОТВЕТСТВЕННОСТЬЮ ""СПЕЦСТРОЙ-АЛЬЯНС"""
2023,418506.0,40163.0,3457.0,43620.0,7705837577,"ОБЩЕСТВО С ОГРАНИЧЕННОЙ ОТВЕТСТВЕННОСТЬЮ ""СПЕЦСТРОЙ-АЛЬЯНС"""
2022,441138.0,5293.0,1516.0,6809.0,7705837577,"ОБЩЕСТВО С ОГРАНИЧЕННОЙ ОТВЕТСТВЕННОСТЬЮ ""СПЕЦСТРОЙ-АЛЬЯНС"""
2021,359027.0,1783.0,1127.0,2910.0,7705837577,"ОБЩЕСТВО С ОГРАНИЧЕННОЙ ОТВЕТСТВЕННОСТЬЮ ""СПЕЦСТРОЙ-АЛЬЯНС"""
2022,208505.0,-2825.0,0.0,-2825.0,7743243133,"ОБЩЕСТВО С ОГРАНИЧЕННОЙ ОТВЕТСТВЕННОСТЬЮ ""ГЕЛИОНСТРОЙ"""
2021,478385.0,-3927.0,224.0,-3703.0,7743243133,"ОБЩЕСТВО С ОГРАНИЧЕННОЙ ОТВЕТСТВЕННОСТЬЮ ""ГЕЛИОНСТРОЙ"""
2025,90647.0,1169.0,2.0,1171.0,0264067223,"ОБЩЕСТВО С ОГРАНИЧЕННОЙ ОТВЕТСТВЕННОСТЬЮ ""СТРОЙЭНЕРГОАЛЬЯНС"""
2024,38741.0,648.0,0.0,648.0,0264067223,"ОБЩЕСТВО С ОГРАНИЧЕННОЙ ОТВЕТСТВЕННОСТЬЮ ""СТРОЙЭНЕРГОАЛЬЯНС"""
2023,65066.0,365.0,59.0,424.0,0264067223,"ОБЩЕСТВО С ОГРАНИЧЕННОЙ ОТВЕТСТВЕННОСТЬЮ ""СТРОЙЭНЕРГОАЛЬЯНС"""
2022,49766.0,336.0,,336.0,0264067223,"ОБЩЕСТВО С ОГРАНИЧЕННОЙ ОТВЕТСТВЕННОСТЬЮ ""СТРОЙЭНЕРГОАЛЬЯНС"""
2021,44794.0,235.0,,235.0,0264067223,"ОБЩЕСТВО С ОГРАНИЧЕННОЙ ОТВЕТСТВЕННОСТЬЮ ""СТРОЙЭНЕРГОАЛЬЯНС"""
2025,74074.0,46109.0,,46109.0,2130143469,"ОБЩЕСТВО С ОГРАНИЧЕННОЙ ОТВЕТСТВЕННОСТЬЮ ""СОФ_САТ"""
2024,11329.0,1729.0,,1729.0,2130143469,"ОБЩЕСТВО С ОГРАНИЧЕННОЙ ОТВЕТСТВЕННОСТЬЮ ""СОФ_САТ"""
2023,3906.0,-5843.0,,-5843.0,2130143469,"ОБЩЕСТВО С ОГРАНИЧЕННОЙ ОТВЕТСТВЕННОСТЬЮ ""СОФ_САТ"""
2022,1947.0,-9096.0,,-9096.0,2130143469,"ОБЩЕСТВО С ОГРАНИЧЕННОЙ ОТВЕТСТВЕННОСТЬЮ ""СОФ_САТ"""
2021,12569.0,-11299.0,,-11299.0,2130143469,"ОБЩЕСТВО С ОГРАНИЧЕННОЙ ОТВЕТСТВЕННОСТЬЮ ""СОФ_САТ"""
2025,49560.0,3805.0,,3805.0,3805705947,"ОБЩЕСТВО С ОГРАНИЧЕННОЙ ОТВЕТСТВЕННОСТЬЮ ""СИБТРАНССЕРВИС ПЛЮС"""
2024,10692.0,114.0,,114.0,3805705947,"ОБЩЕСТВО С ОГРАНИЧЕННОЙ ОТВЕТСТВЕННОСТЬЮ ""СИБТРАНССЕРВИС ПЛЮС"""
2023,68280.0,8965.0,,8965.0,3805705947,"ОБЩЕСТВО С ОГРАНИЧЕННОЙ ОТВЕТСТВЕННОСТЬЮ ""СИБТРАНССЕРВИС ПЛЮС"""
2022,78069.0,5477.0,,5477.0,3805705947,"ОБЩЕСТВО С ОГРАНИЧЕННОЙ ОТВЕТСТВЕННОСТЬЮ ""СИБТРАНССЕРВИС ПЛЮС"""
2021,56074.0,222.0,,222.0,3805705947,"ОБЩЕСТВО С ОГРАНИЧЕННОЙ ОТВЕТСТВЕННОСТЬЮ ""СИБТРАНССЕРВИС ПЛЮС"""
2025,184833.0,6057.0,26.0,6083.0,6623085268,"ОБЩЕСТВО С ОГРАНИЧЕННОЙ ОТВЕТСТВЕННОСТЬЮ ""МЕХСТРОЙГРУПП"""
2024,159456.0,3161.0,272.0,3433.0,6623085268,"ОБЩЕСТВО С ОГРАНИЧЕННОЙ ОТВЕТСТВЕННОСТЬЮ ""МЕХСТРОЙГРУПП"""
2023,162439.0,1505.0,171.0,1676.0,6623085268,"ОБЩЕСТВО С ОГРАНИЧЕННОЙ ОТВЕТСТВЕННОСТЬЮ ""МЕХСТРОЙГРУПП"""
2022,126237.0,118.0,1320.0,1438.0,6623085268,"ОБЩЕСТВО С ОГРАНИЧЕННОЙ ОТВЕТСТВЕННОСТЬЮ ""МЕХСТРОЙГРУПП"""
2021,192090.0,118.0,635.0,753.0,6623085268,"ОБЩЕСТВО С ОГРАНИЧЕННОЙ ОТВЕТСТВЕННОСТЬЮ ""МЕХСТРОЙГРУПП"""
2025,76311.0,349.0,535.0,884.0,8602273031,"ОБЩЕСТВО С ОГРАНИЧЕННОЙ ОТВЕТСТВЕННОСТЬЮ СПЕЦИАЛИЗИРОВАННЫЙ ЗАСТРОЙЩИК ""СЕВЕРТРАНССТРОЙ"""
2024,566110.0,26465.0,,26465.0,8602273031,"ОБЩЕСТВО С ОГРАНИЧЕННОЙ ОТВЕТСТВЕННОСТЬЮ СПЕЦИАЛИЗИРОВАННЫЙ ЗАСТРОЙЩИК ""СЕВЕРТРАНССТРОЙ"""
2023,277055.0,67976.0,,67976.0,8602273031,"ОБЩЕСТВО С ОГРАНИЧЕННОЙ ОТВЕТСТВЕННОСТЬЮ СПЕЦИАЛИЗИРОВАННЫЙ ЗАСТРОЙЩИК ""СЕВЕРТРАНССТРОЙ"""
2022,388036.0,31573.0,,31573.0,8602273031,"ОБЩЕСТВО С ОГРАНИЧЕННОЙ ОТВЕТСТВЕННОСТЬЮ СПЕЦИАЛИЗИРОВАННЫЙ ЗАСТРОЙЩИК ""СЕВЕРТРАНССТРОЙ"""
2021,279982.0,504.0,,504.0,8602273031,"ОБЩЕСТВО С ОГРАНИЧЕННОЙ ОТВЕТСТВЕННОСТЬЮ СПЕЦИАЛИЗИРОВАННЫЙ ЗАСТРОЙЩИК ""СЕВЕРТРАНССТРОЙ"""
2023,623589.0,6804.0,,6804.0,9704020497,"ОБЩЕСТВО С ОГРАНИЧЕННОЙ ОТВЕТСТВЕННОСТЬЮ ""ЮВИС"""
2022,556139.0,5562.0,,5562.0,9704020497,"ОБЩЕСТВО С ОГРАНИЧЕННОЙ ОТВЕТСТВЕННОСТЬЮ ""ЮВИС"""
2021,53670.0,2146.0,,2146.0,9704020497,"ОБЩЕСТВО С ОГРАНИЧЕННОЙ ОТВЕТСТВЕННОСТЬЮ ""ЮВИС"""
2025,81371.0,1493.0,2574.0,4067.0,1647011192,"ОБЩЕСТВО С ОГРАНИЧЕННОЙ ОТВЕТСТВЕННОСТЬЮ ""МЕТАЛЛОЛОМ СТК"""
2024,88299.0,1845.0,,1845.0,1647011192,"ОБЩЕСТВО С ОГРАНИЧЕННОЙ ОТВЕТСТВЕННОСТЬЮ ""МЕТАЛЛОЛОМ СТК"""
2023,68262.0,983.0,,983.0,1647011192,"ОБЩЕСТВО С ОГРАНИЧЕННОЙ ОТВЕТСТВЕННОСТЬЮ ""МЕТАЛЛОЛОМ СТК"""
2022,56968.0,1507.0,,1507.0,1647011192,"ОБЩЕСТВО С ОГРАНИЧЕННОЙ ОТВЕТСТВЕННОСТЬЮ ""МЕТАЛЛОЛОМ СТК"""
2021,137209.0,1062.0,,1062.0,1647011192,"ОБЩЕСТВО С ОГРАНИЧЕННОЙ ОТВЕТСТВЕННОСТЬЮ ""МЕТАЛЛОЛОМ СТК"""
2025,40923.0,296.0,6.0,302.0,5007095875,"ОБЩЕСТВО С ОГРАНИЧЕННОЙ ОТВЕТСТВЕННОСТЬЮ ""ДЭРСС""ДМИТРОВЭНЕРГОРЕМСТРОЙСЕРВИС"""
2024,61042.0,1729.0,,1729.0,5007095875,"ОБЩЕСТВО С ОГРАНИЧЕННОЙ ОТВЕТСТВЕННОСТЬЮ ""ДЭРСС""ДМИТРОВЭНЕРГОРЕМСТРОЙСЕРВИС"""
2023,74554.0,1558.0,,1558.0,5007095875,"ОБЩЕСТВО С ОГРАНИЧЕННОЙ ОТВЕТСТВЕННОСТЬЮ ""ДЭРСС""ДМИТРОВЭНЕРГОРЕМСТРОЙСЕРВИС"""
2022,69866.0,2769.0,,2769.0,5007095875,"ОБЩЕСТВО С ОГРАНИЧЕННОЙ ОТВЕТСТВЕННОСТЬЮ ""ДЭРСС""ДМИТРОВЭНЕРГОРЕМСТРОЙСЕРВИС"""
2021,55462.0,857.0,0.0,857.0,5007095875,"ОБЩЕСТВО С ОГРАНИЧЕННОЙ ОТВЕТСТВЕННОСТЬЮ ""ДЭРСС""ДМИТРОВЭНЕРГОРЕМСТРОЙСЕРВИС"""
2025,13583.0,143.0,0.0,143.0,2465330686,"ОБЩЕСТВО С ОГРАНИЧЕННОЙ ОТВЕТСТВЕННОСТЬЮ ""СТРОИТЕЛЬНАЯ КОМПАНИЯ"""
2024,13750.0,-275.0,,-275.0,2465330686,"ОБЩЕСТВО С ОГРАНИЧЕННОЙ ОТВЕТСТВЕННОСТЬЮ ""СТРОИТЕЛЬНАЯ КОМПАНИЯ"""
2023,14967.0,1308.0,,1308.0,2465330686,"ОБЩЕСТВО С ОГРАНИЧЕННОЙ ОТВЕТСТВЕННОСТЬЮ ""СТРОИТЕЛЬНАЯ КОМПАНИЯ"""
2022,236714.0,5309.0,,5309.0,2465330686,"ОБЩЕСТВО С ОГРАНИЧЕННОЙ ОТВЕТСТВЕННОСТЬЮ ""СТРОИТЕЛЬНАЯ КОМПАНИЯ"""
2021,460444.0,1.0,,1.0,2465330686,"ОБЩЕСТВО С ОГРАНИЧЕННОЙ ОТВЕТСТВЕННОСТЬЮ ""СТРОИТЕЛЬНАЯ КОМПАНИЯ"""
2025,1282520.0,11645.0,1165.0,12810.0,2543154857,"ОБЩЕСТВО С ОГРАНИЧЕННОЙ ОТВЕТСТВЕННОСТЬЮ ""СМУ ДСК"""
2024,1464827.0,-54620.0,382.0,-54238.0,2543154857,"ОБЩЕСТВО С ОГРАНИЧЕННОЙ ОТВЕТСТВЕННОСТЬЮ ""СМУ ДСК"""
2023,506682.0,-48747.0,,-48747.0,2543154857,"ОБЩЕСТВО С ОГРАНИЧЕННОЙ ОТВЕТСТВЕННОСТЬЮ ""СМУ ДСК"""
2022,649224.0,-36084.0,,-36084.0,2543154857,"ОБЩЕСТВО С ОГРАНИЧЕННОЙ ОТВЕТСТВЕННОСТЬЮ ""СМУ ДСК"""
2021,163320.0,-15300.0,,-15300.0,2543154857,"ОБЩЕСТВО С ОГРАНИЧЕННОЙ ОТВЕТСТВЕННОСТЬЮ ""СМУ ДСК"""
2025,256813.0,173.0,,173.0,3665150019,"ОБЩЕСТВО С ОГРАНИЧЕННОЙ ОТВЕТСТВЕННОСТЬЮ ""СТРОИТЕЛЬНОЕ УПРАВЛЕНИЕ МЕХАНИЗАЦИИ"""
2024,535948.0,561.0,,561.0,3665150019,"ОБЩЕСТВО С ОГРАНИЧЕННОЙ ОТВЕТСТВЕННОСТЬЮ ""СТРОИТЕЛЬНОЕ УПРАВЛЕНИЕ МЕХАНИЗАЦИИ"""
2023,287520.0,144.0,,144.0,3665150019,"ОБЩЕСТВО С ОГРАНИЧЕННОЙ ОТВЕТСТВЕННОСТЬЮ ""СТРОИТЕЛЬНОЕ УПРАВЛЕНИЕ МЕХАНИЗАЦИИ"""
2022,295756.0,158.0,,158.0,3665150019,"ОБЩЕСТВО С ОГРАНИЧЕННОЙ ОТВЕТСТВЕННОСТЬЮ ""СТРОИТЕЛЬНОЕ УПРАВЛЕНИЕ МЕХАНИЗАЦИИ"""
2021,366245.0,104.0,,104.0,3665150019,"ОБЩЕСТВО С ОГРАНИЧЕННОЙ ОТВЕТСТВЕННОСТЬЮ ""СТРОИТЕЛЬНОЕ УПРАВЛЕНИЕ МЕХАНИЗАЦИИ"""
2025,0.0,-37.0,0.0,-37.0,7810779081,"ОБЩЕСТВО С ОГРАНИЧЕННОЙ ОТВЕТСТВЕННОСТЬЮ ""СК ПУЛКОВО"""
2024,482627.0,6572.0,,6572.0,7810779081,"ОБЩЕСТВО С ОГРАНИЧЕННОЙ ОТВЕТСТВЕННОСТЬЮ ""СК ПУЛКОВО"""
2023,891677.0,6815.0,,6815.0,7810779081,"ОБЩЕСТВО С ОГРАНИЧЕННОЙ ОТВЕТСТВЕННОСТЬЮ ""СК ПУЛКОВО"""
2022,503371.0,9399.0,,9399.0,7810779081,"ОБЩЕСТВО С ОГРАНИЧЕННОЙ ОТВЕТСТВЕННОСТЬЮ ""СК ПУЛКОВО"""
2021,702055.0,8122.0,,8122.0,7810779081,"ОБЩЕСТВО С ОГРАНИЧЕННОЙ ОТВЕТСТВЕННОСТЬЮ ""СК ПУЛКОВО"""
2025,3696606.0,513641.0,0.0,513641.0,1639056866,"ОБЩЕСТВО С ОГРАНИЧЕННОЙ ОТВЕТСТВЕННОСТЬЮ ""ПРОИЗВОДСТВЕННО-СТРОИТЕЛЬНАЯ КОМПАНИЯ КАМА"""
2024,4053298.0,312385.0,,312385.0,1639056866,"ОБЩЕСТВО С ОГРАНИЧЕННОЙ ОТВЕТСТВЕННОСТЬЮ ""ПРОИЗВОДСТВЕННО-СТРОИТЕЛЬНАЯ КОМПАНИЯ КАМА"""
2023,4523865.0,44565.0,,44565.0,1639056866,"ОБЩЕСТВО С ОГРАНИЧЕННОЙ ОТВЕТСТВЕННОСТЬЮ ""ПРОИЗВОДСТВЕННО-СТРОИТЕЛЬНАЯ КОМПАНИЯ КАМА"""
2022,1924545.0,24268.0,,24268.0,1639056866,"ОБЩЕСТВО С ОГРАНИЧЕННОЙ ОТВЕТСТВЕННОСТЬЮ ""ПРОИЗВОДСТВЕННО-СТРОИТЕЛЬНАЯ КОМПАНИЯ КАМА"""
2021,1501775.0,14856.0,,14856.0,1639056866,"ОБЩЕСТВО С ОГРАНИЧЕННОЙ ОТВЕТСТВЕННОСТЬЮ ""ПРОИЗВОДСТВЕННО-СТРОИТЕЛЬНАЯ КОМПАНИЯ КАМА"""
2023,754.0,-3630.0,277347.0,273717.0,7726393851,"ОБЩЕСТВО С ОГРАНИЧЕННОЙ ОТВЕТСТВЕННОСТЬЮ ""ОРГМЕТСТРОЙ"""
2022,85397.0,1202.0,296299.0,297501.0,7726393851,"ОБЩЕСТВО С ОГРАНИЧЕННОЙ ОТВЕТСТВЕННОСТЬЮ ""ОРГМЕТСТРОЙ"""
2021,49515.0,486.0,123659.0,124145.0,7726393851,"ОБЩЕСТВО С ОГРАНИЧЕННОЙ ОТВЕТСТВЕННОСТЬЮ ""ОРГМЕТСТРОЙ"""
2024,200475.0,26446.0,,26446.0,0278970650,"ОБЩЕСТВО С ОГРАНИЧЕННОЙ ОТВЕТСТВЕННОСТЬЮ ""ГАЗПРОЕКТСТРОЙ"""
2023,278101.0,21785.0,,21785.0,0278970650,"ОБЩЕСТВО С ОГРАНИЧЕННОЙ ОТВЕТСТВЕННОСТЬЮ ""ГАЗПРОЕКТСТРОЙ"""
2022,306452.0,4537.0,,4537.0,0278970650,"ОБЩЕСТВО С ОГРАНИЧЕННОЙ ОТВЕТСТВЕННОСТЬЮ ""ГАЗПРОЕКТСТРОЙ"""
2021,,,,,0278970650,"ОБЩЕСТВО С ОГРАНИЧЕННОЙ ОТВЕТСТВЕННОСТЬЮ ""ГАЗПРОЕКТСТРОЙ"""
2025,400617.0,40999.0,0.0,40999.0,1434048737,"ОБЩЕСТВО С ОГРАНИЧЕННОЙ ОТВЕТСТВЕННОСТЬЮ ""ДАЛЬСТРОЙ"""
2024,170744.0,7717.0,0.0,7717.0,1434048737,"ОБЩЕСТВО С ОГРАНИЧЕННОЙ ОТВЕТСТВЕННОСТЬЮ ""ДАЛЬСТРОЙ"""
2023,546813.0,25770.0,3381.0,29151.0,1434048737,"ОБЩЕСТВО С ОГРАНИЧЕННОЙ ОТВЕТСТВЕННОСТЬЮ ""ДАЛЬСТРОЙ"""
2022,502093.0,13385.0,2887.0,16272.0,1434048737,"ОБЩЕСТВО С ОГРАНИЧЕННОЙ ОТВЕТСТВЕННОСТЬЮ ""ДАЛЬСТРОЙ"""
2021,135535.0,2225.0,852.0,3077.0,1434048737,"ОБЩЕСТВО С ОГРАНИЧЕННОЙ ОТВЕТСТВЕННОСТЬЮ ""ДАЛЬСТРОЙ"""
2023,203073.0,202.0,,202.0,7743785224,"ОБЩЕСТВО С ОГРАНИЧЕННОЙ ОТВЕТСТВЕННОСТЬЮ ""МТКАСТРОЙ"""
2022,395829.0,167.0,,167.0,7743785224,"ОБЩЕСТВО С ОГРАНИЧЕННОЙ ОТВЕТСТВЕННОСТЬЮ ""МТКАСТРОЙ"""
2021,265467.0,131.0,,131.0,7743785224,"ОБЩЕСТВО С ОГРАНИЧЕННОЙ ОТВЕТСТВЕННОСТЬЮ ""МТКАСТРОЙ"""
2025,39833.0,83.0,975.0,1058.0,6901055260,"ОБЩЕСТВО С ОГРАНИЧЕННОЙ ОТВЕТСТВЕННОСТЬЮ СТРОИТЕЛЬНАЯ ФИРМА МНОГОФУНКЦИОНАЛЬНЫЙ ЖИЛИЩНЫЙ КОМПЛЕКС ""ТВЕРЬ"""
2024,13305.0,109.0,430.0,539.0,6901055260,"ОБЩЕСТВО С ОГРАНИЧЕННОЙ ОТВЕТСТВЕННОСТЬЮ СТРОИТЕЛЬНАЯ ФИРМА МНОГОФУНКЦИОНАЛЬНЫЙ ЖИЛИЩНЫЙ КОМПЛЕКС ""ТВЕРЬ"""
2023,30697.0,172.0,317.0,489.0,6901055260,"ОБЩЕСТВО С ОГРАНИЧЕННОЙ ОТВЕТСТВЕННОСТЬЮ СТРОИТЕЛЬНАЯ ФИРМА МНОГОФУНКЦИОНАЛЬНЫЙ ЖИЛИЩНЫЙ КОМПЛЕКС ""ТВЕРЬ"""
2022,141476.0,8366.0,1578.0,9944.0,6901055260,"ОБЩЕСТВО С ОГРАНИЧЕННОЙ ОТВЕТСТВЕННОСТЬЮ СТРОИТЕЛЬНАЯ ФИРМА МНОГОФУНКЦИОНАЛЬНЫЙ ЖИЛИЩНЫЙ КОМПЛЕКС ""ТВЕРЬ"""
2021,310933.0,6871.0,1472.0,8343.0,6901055260,"ОБЩЕСТВО С ОГРАНИЧЕННОЙ ОТВЕТСТВЕННОСТЬЮ СТРОИТЕЛЬНАЯ ФИРМА МНОГОФУНКЦИОНАЛЬНЫЙ ЖИЛИЩНЫЙ КОМПЛЕКС ""ТВЕРЬ"""
2025,18053.0,1163.0,,1163.0,6949108778,"ОБЩЕСТВО С ОГРАНИЧЕННОЙ ОТВЕТСТВЕННОСТЬЮ ""СТРОИТЕЛЬНОЕ МОНТАЖНОЕ ПРЕДПРИЯТИЕ №1"""
2024,13940.0,-4212.0,,-4212.0,6949108778,"ОБЩЕСТВО С ОГРАНИЧЕННОЙ ОТВЕТСТВЕННОСТЬЮ ""СТРОИТЕЛЬНОЕ МОНТАЖНОЕ ПРЕДПРИЯТИЕ №1"""
2023,56643.0,1270.0,,1270.0,6949108778,"ОБЩЕСТВО С ОГРАНИЧЕННОЙ ОТВЕТСТВЕННОСТЬЮ ""СТРОИТЕЛЬНОЕ МОНТАЖНОЕ ПРЕДПРИЯТИЕ №1"""
2022,46490.0,10256.0,,10256.0,6949108778,"ОБЩЕСТВО С ОГРАНИЧЕННОЙ ОТВЕТСТВЕННОСТЬЮ ""СТРОИТЕЛЬНОЕ МОНТАЖНОЕ ПРЕДПРИЯТИЕ №1"""
2021,16692.0,-2131.0,,-2131.0,6949108778,"ОБЩЕСТВО С ОГРАНИЧЕННОЙ ОТВЕТСТВЕННОСТЬЮ ""СТРОИТЕЛЬНОЕ МОНТАЖНОЕ ПРЕДПРИЯТИЕ №1"""
2025,372672.0,-7710.0,100475.0,92765.0,5406631510,"ОБЩЕСТВО С ОГРАНИЧЕННОЙ ОТВЕТСТВЕННОСТЬЮ  ""ГЛАВНОВОСИБИРСКСТРОЙ-СП"""
2024,244058.0,2971.0,97835.0,100806.0,5406631510,"ОБЩЕСТВО С ОГРАНИЧЕННОЙ ОТВЕТСТВЕННОСТЬЮ  ""ГЛАВНОВОСИБИРСКСТРОЙ-СП"""
2023,534756.0,31463.0,11569.0,43032.0,5406631510,"ОБЩЕСТВО С ОГРАНИЧЕННОЙ ОТВЕТСТВЕННОСТЬЮ  ""ГЛАВНОВОСИБИРСКСТРОЙ-СП"""
2022,926312.0,101549.0,13398.0,114947.0,5406631510,"ОБЩЕСТВО С ОГРАНИЧЕННОЙ ОТВЕТСТВЕННОСТЬЮ  ""ГЛАВНОВОСИБИРСКСТРОЙ-СП"""
2021,1596085.0,63456.0,3968.0,67424.0,5406631510,"ОБЩЕСТВО С ОГРАНИЧЕННОЙ ОТВЕТСТВЕННОСТЬЮ  ""ГЛАВНОВОСИБИРСКСТРОЙ-СП"""
2025,362802.0,6547.0,282.0,6829.0,7729455859,"ОБЩЕСТВО С ОГРАНИЧЕННОЙ ОТВЕТСТВЕННОСТЬЮ ""СНАБСЕРВИСМ"""
2024,611189.0,51071.0,275.0,51346.0,7729455859,"ОБЩЕСТВО С ОГРАНИЧЕННОЙ ОТВЕТСТВЕННОСТЬЮ ""СНАБСЕРВИСМ"""
2023,583052.0,21827.0,,21827.0,7729455859,"ОБЩЕСТВО С ОГРАНИЧЕННОЙ ОТВЕТСТВЕННОСТЬЮ ""СНАБСЕРВИСМ"""
2022,474442.0,21867.0,,21867.0,7729455859,"ОБЩЕСТВО С ОГРАНИЧЕННОЙ ОТВЕТСТВЕННОСТЬЮ ""СНАБСЕРВИСМ"""
2021,570885.0,19408.0,,19408.0,7729455859,"ОБЩЕСТВО С ОГРАНИЧЕННОЙ ОТВЕТСТВЕННОСТЬЮ ""СНАБСЕРВИСМ"""
2025,0.0,-2600.0,,-2600.0,7839436457,"ОБЩЕСТВО С ОГРАНИЧЕННОЙ ОТВЕТСТВЕННОСТЬЮ ""СТРОИТЕЛЬНАЯ КОМПАНИЯ ""РОССТРО"""
2024,21213.0,2750.0,,2750.0,7839436457,"ОБЩЕСТВО С ОГРАНИЧЕННОЙ ОТВЕТСТВЕННОСТЬЮ ""СТРОИТЕЛЬНАЯ КОМПАНИЯ ""РОССТРО"""
2023,112151.0,2933.0,,2933.0,7839436457,"ОБЩЕСТВО С ОГРАНИЧЕННОЙ ОТВЕТСТВЕННОСТЬЮ ""СТРОИТЕЛЬНАЯ КОМПАНИЯ ""РОССТРО"""
2022,171116.0,738.0,,738.0,7839436457,"ОБЩЕСТВО С ОГРАНИЧЕННОЙ ОТВЕТСТВЕННОСТЬЮ ""СТРОИТЕЛЬНАЯ КОМПАНИЯ ""РОССТРО"""
2021,205302.0,5428.0,,5428.0,7839436457,"ОБЩЕСТВО С ОГРАНИЧЕННОЙ ОТВЕТСТВЕННОСТЬЮ ""СТРОИТЕЛЬНАЯ КОМПАНИЯ ""РОССТРО"""
2025,1142806.0,140676.0,91.0,140767.0,1513043241,"ОБЩЕСТВО С ОГРАНИЧЕННОЙ ОТВЕТСТВЕННОСТЬЮ ""ПРОМЖИЛСТРОЙ РСО-АЛАНИЯ"""
2024,156963.0,9258.0,,9258.0,1513043241,"ОБЩЕСТВО С ОГРАНИЧЕННОЙ ОТВЕТСТВЕННОСТЬЮ ""ПРОМЖИЛСТРОЙ РСО-АЛАНИЯ"""
2023,905343.0,59300.0,,59300.0,1513043241,"ОБЩЕСТВО С ОГРАНИЧЕННОЙ ОТВЕТСТВЕННОСТЬЮ ""ПРОМЖИЛСТРОЙ РСО-АЛАНИЯ"""
2022,350130.0,12844.0,,12844.0,1513043241,"ОБЩЕСТВО С ОГРАНИЧЕННОЙ ОТВЕТСТВЕННОСТЬЮ ""ПРОМЖИЛСТРОЙ РСО-АЛАНИЯ"""
2021,216573.0,19033.0,,19033.0,1513043241,"ОБЩЕСТВО С ОГРАНИЧЕННОЙ ОТВЕТСТВЕННОСТЬЮ ""ПРОМЖИЛСТРОЙ РСО-АЛАНИЯ"""
2025,76039.0,-182806.0,,-182806.0,2309149440,"ОБЩЕСТВО С ОГРАНИЧЕННОЙ ОТВЕТСТВЕННОСТЬЮ ""КРАСНОДАРСТРОЙИНВЕСТ"""
2024,35001.0,2109.0,,2109.0,2309149440,"ОБЩЕСТВО С ОГРАНИЧЕННОЙ ОТВЕТСТВЕННОСТЬЮ ""КРАСНОДАРСТРОЙИНВЕСТ"""
2023,53546.0,26780.0,,26780.0,2309149440,"ОБЩЕСТВО С ОГРАНИЧЕННОЙ ОТВЕТСТВЕННОСТЬЮ ""КРАСНОДАРСТРОЙИНВЕСТ"""
2022,32690.0,20746.0,,20746.0,2309149440,"ОБЩЕСТВО С ОГРАНИЧЕННОЙ ОТВЕТСТВЕННОСТЬЮ ""КРАСНОДАРСТРОЙИНВЕСТ"""
2021,23199.0,18315.0,,18315.0,2309149440,"ОБЩЕСТВО С ОГРАНИЧЕННОЙ ОТВЕТСТВЕННОСТЬЮ ""КРАСНОДАРСТРОЙИНВЕСТ"""
2025,647403.0,16960.0,20063.0,37023.0,7701682812,"ОБЩЕСТВО С ОГРАНИЧЕННОЙ ОТВЕТСТВЕННОСТЬЮ ""КОНТРАКТ СИТИ"""
2024,691907.0,21086.0,12604.0,33690.0,7701682812,"ОБЩЕСТВО С ОГРАНИЧЕННОЙ ОТВЕТСТВЕННОСТЬЮ ""КОНТРАКТ СИТИ"""
2023,540965.0,8945.0,4024.0,12969.0,7701682812,"ОБЩЕСТВО С ОГРАНИЧЕННОЙ ОТВЕТСТВЕННОСТЬЮ ""КОНТРАКТ СИТИ"""
2022,613178.0,21403.0,8780.0,30183.0,7701682812,"ОБЩЕСТВО С ОГРАНИЧЕННОЙ ОТВЕТСТВЕННОСТЬЮ ""КОНТРАКТ СИТИ"""
2021,834082.0,29370.0,4413.0,33783.0,7701682812,"ОБЩЕСТВО С ОГРАНИЧЕННОЙ ОТВЕТСТВЕННОСТЬЮ ""КОНТРАКТ СИТИ"""
2025,2130752.0,59559.0,2645.0,62204.0,7715465840,"ОБЩЕСТВО С ОГРАНИЧЕННОЙ ОТВЕТСТВЕННОСТЬЮ ""СК НОРМА"""
2024,1564184.0,76421.0,2742.0,79163.0,7715465840,"ОБЩЕСТВО С ОГРАНИЧЕННОЙ ОТВЕТСТВЕННОСТЬЮ ""СК НОРМА"""
2023,346012.0,39225.0,604.0,39829.0,7715465840,"ОБЩЕСТВО С ОГРАНИЧЕННОЙ ОТВЕТСТВЕННОСТЬЮ ""СК НОРМА"""
2022,264614.0,-4300.0,,-4300.0,7715465840,"ОБЩЕСТВО С ОГРАНИЧЕННОЙ ОТВЕТСТВЕННОСТЬЮ ""СК НОРМА"""
2021,423882.0,11546.0,,11546.0,7715465840,"ОБЩЕСТВО С ОГРАНИЧЕННОЙ ОТВЕТСТВЕННОСТЬЮ ""СК НОРМА"""
2022,64720.0,-13745.0,,-13745.0,7721630795,"ОБЩЕСТВО С ОГРАНИЧЕННОЙ ОТВЕТСТВЕННОСТЬЮ ""АНТОСТАР"""
2021,158834.0,3926.0,,3926.0,7721630795,"ОБЩЕСТВО С ОГРАНИЧЕННОЙ ОТВЕТСТВЕННОСТЬЮ ""АНТОСТАР"""
2025,1412692.0,11376.0,0.0,11376.0,3102037196,"ОБЩЕСТВО С ОГРАНИЧЕННОЙ ОТВЕТСТВЕННОСТЬЮ ""СТРОЙ-СЕРВИС-ПЛЮС"""
2024,889931.0,-3720.0,,-3720.0,3102037196,"ОБЩЕСТВО С ОГРАНИЧЕННОЙ ОТВЕТСТВЕННОСТЬЮ ""СТРОЙ-СЕРВИС-ПЛЮС"""
2023,727164.0,7267.0,,7267.0,3102037196,"ОБЩЕСТВО С ОГРАНИЧЕННОЙ ОТВЕТСТВЕННОСТЬЮ ""СТРОЙ-СЕРВИС-ПЛЮС"""
2022,406443.0,1960.0,,1960.0,3102037196,"ОБЩЕСТВО С ОГРАНИЧЕННОЙ ОТВЕТСТВЕННОСТЬЮ ""СТРОЙ-СЕРВИС-ПЛЮС"""
2021,1011416.0,24107.0,,24107.0,3102037196,"ОБЩЕСТВО С ОГРАНИЧЕННОЙ ОТВЕТСТВЕННОСТЬЮ ""СТРОЙ-СЕРВИС-ПЛЮС"""
2025,25447.0,512.0,0.0,512.0,9102249057,"ОБЩЕСТВО С ОГРАНИЧЕННОЙ ОТВЕТСТВЕННОСТЬЮ ""ИНЖЕНЕРНЫЙ ЦЕНТР"""
2024,12478.0,271.0,,271.0,9102249057,"ОБЩЕСТВО С ОГРАНИЧЕННОЙ ОТВЕТСТВЕННОСТЬЮ ""ИНЖЕНЕРНЫЙ ЦЕНТР"""
2023,12146.0,321.0,,321.0,9102249057,"ОБЩЕСТВО С ОГРАНИЧЕННОЙ ОТВЕТСТВЕННОСТЬЮ ""ИНЖЕНЕРНЫЙ ЦЕНТР"""
2022,12146.0,321.0,,321.0,9102249057,"ОБЩЕСТВО С ОГРАНИЧЕННОЙ ОТВЕТСТВЕННОСТЬЮ ""ИНЖЕНЕРНЫЙ ЦЕНТР"""
2021,24204.0,21.0,,21.0,9102249057,"ОБЩЕСТВО С ОГРАНИЧЕННОЙ ОТВЕТСТВЕННОСТЬЮ ""ИНЖЕНЕРНЫЙ ЦЕНТР"""
2025,,6070.0,,6070.0,5036156233,"ОБЩЕСТВО С ОГРАНИЧЕННОЙ ОТВЕТСТВЕННОСТЬЮ ""СОЗИДАНИЕ"""
2024,,241.0,,241.0,5036156233,"ОБЩЕСТВО С ОГРАНИЧЕННОЙ ОТВЕТСТВЕННОСТЬЮ ""СОЗИДАНИЕ"""
2023,0.0,130.0,,130.0,5036156233,"ОБЩЕСТВО С ОГРАНИЧЕННОЙ ОТВЕТСТВЕННОСТЬЮ ""СОЗИДАНИЕ"""
2022,39652.0,13031.0,,13031.0,5036156233,"ОБЩЕСТВО С ОГРАНИЧЕННОЙ ОТВЕТСТВЕННОСТЬЮ ""СОЗИДАНИЕ"""
2021,61917.0,587.0,0.0,587.0,5036156233,"ОБЩЕСТВО С ОГРАНИЧЕННОЙ ОТВЕТСТВЕННОСТЬЮ ""СОЗИДАНИЕ"""
2025,63554.0,12614.0,,12614.0,2903003743,"ОБЩЕСТВО С ОГРАНИЧЕННОЙ ОТВЕТСТВЕННОСТЬЮ ""ПРОМВЕНТИЛЯЦИЯ"""
2024,35196.0,6964.0,,6964.0,2903003743,"ОБЩЕСТВО С ОГРАНИЧЕННОЙ ОТВЕТСТВЕННОСТЬЮ ""ПРОМВЕНТИЛЯЦИЯ"""
2023,25745.0,3240.0,,3240.0,2903003743,"ОБЩЕСТВО С ОГРАНИЧЕННОЙ ОТВЕТСТВЕННОСТЬЮ ""ПРОМВЕНТИЛЯЦИЯ"""
2022,27117.0,3116.0,,3116.0,2903003743,"ОБЩЕСТВО С ОГРАНИЧЕННОЙ ОТВЕТСТВЕННОСТЬЮ ""ПРОМВЕНТИЛЯЦИЯ"""
2021,19413.0,991.0,,991.0,2903003743,"ОБЩЕСТВО С ОГРАНИЧЕННОЙ ОТВЕТСТВЕННОСТЬЮ ""ПРОМВЕНТИЛЯЦИЯ"""
2025,2330869.0,64130.0,41.0,64171.0,2801106556,"ОБЩЕСТВО С ОГРАНИЧЕННОЙ ОТВЕТСТВЕННОСТЬЮ ""СПЕЦИАЛИЗИРОВАННЫЙ ЗАСТРОЙЩИК ""ДАЛЬНЕВОСТОЧНАЯ СТРОИТЕЛЬНАЯ КОМПАНИЯ"""
2024,1048311.0,21988.0,2163.0,24151.0,2801106556,"ОБЩЕСТВО С ОГРАНИЧЕННОЙ ОТВЕТСТВЕННОСТЬЮ ""СПЕЦИАЛИЗИРОВАННЫЙ ЗАСТРОЙЩИК ""ДАЛЬНЕВОСТОЧНАЯ СТРОИТЕЛЬНАЯ КОМПАНИЯ"""
2023,888535.0,57921.0,254.0,58175.0,2801106556,"ОБЩЕСТВО С ОГРАНИЧЕННОЙ ОТВЕТСТВЕННОСТЬЮ ""СПЕЦИАЛИЗИРОВАННЫЙ ЗАСТРОЙЩИК ""ДАЛЬНЕВОСТОЧНАЯ СТРОИТЕЛЬНАЯ КОМПАНИЯ"""
2022,177814.0,6880.0,80.0,6960.0,2801106556,"ОБЩЕСТВО С ОГРАНИЧЕННОЙ ОТВЕТСТВЕННОСТЬЮ ""СПЕЦИАЛИЗИРОВАННЫЙ ЗАСТРОЙЩИК ""ДАЛЬНЕВОСТОЧНАЯ СТРОИТЕЛЬНАЯ КОМПАНИЯ"""
2021,119587.0,2951.0,65.0,3016.0,2801106556,"ОБЩЕСТВО С ОГРАНИЧЕННОЙ ОТВЕТСТВЕННОСТЬЮ ""СПЕЦИАЛИЗИРОВАННЫЙ ЗАСТРОЙЩИК ""ДАЛЬНЕВОСТОЧНАЯ СТРОИТЕЛЬНАЯ КОМПАНИЯ"""
2025,1106872.0,449371.0,0.0,449371.0,1717008397,"ОБЩЕСТВО С ОГРАНИЧЕННОЙ ОТВЕТСТВЕННОСТЬЮ ""СПЕЦИАЛИЗИРОВАННЫЙ ЗАСТРОЙЩИК ""ЭНЕРГОСТРОЙ"""
2024,726683.0,197708.0,,197708.0,1717008397,"ОБЩЕСТВО С ОГРАНИЧЕННОЙ ОТВЕТСТВЕННОСТЬЮ ""СПЕЦИАЛИЗИРОВАННЫЙ ЗАСТРОЙЩИК ""ЭНЕРГОСТРОЙ"""
2023,568058.0,107173.0,,107173.0,1717008397,"ОБЩЕСТВО С ОГРАНИЧЕННОЙ ОТВЕТСТВЕННОСТЬЮ ""СПЕЦИАЛИЗИРОВАННЫЙ ЗАСТРОЙЩИК ""ЭНЕРГОСТРОЙ"""
2022,192528.0,59970.0,,59970.0,1717008397,"ОБЩЕСТВО С ОГРАНИЧЕННОЙ ОТВЕТСТВЕННОСТЬЮ ""СПЕЦИАЛИЗИРОВАННЫЙ ЗАСТРОЙЩИК ""ЭНЕРГОСТРОЙ"""
2021,305380.0,13059.0,,13059.0,1717008397,"ОБЩЕСТВО С ОГРАНИЧЕННОЙ ОТВЕТСТВЕННОСТЬЮ ""СПЕЦИАЛИЗИРОВАННЫЙ ЗАСТРОЙЩИК ""ЭНЕРГОСТРОЙ"""
2025,60775.0,287.0,574.0,861.0,7805477695,"ОБЩЕСТВО С ОГРАНИЧЕННОЙ ОТВЕТСТВЕННОСТЬЮ ""ВЕКТОР-ИНЖИНИРИНГ"""
2024,122923.0,12.0,754.0,766.0,7805477695,"ОБЩЕСТВО С ОГРАНИЧЕННОЙ ОТВЕТСТВЕННОСТЬЮ ""ВЕКТОР-ИНЖИНИРИНГ"""
2023,68627.0,681.0,517.0,1198.0,7805477695,"ОБЩЕСТВО С ОГРАНИЧЕННОЙ ОТВЕТСТВЕННОСТЬЮ ""ВЕКТОР-ИНЖИНИРИНГ"""
2022,135713.0,887.0,976.0,1863.0,7805477695,"ОБЩЕСТВО С ОГРАНИЧЕННОЙ ОТВЕТСТВЕННОСТЬЮ ""ВЕКТОР-ИНЖИНИРИНГ"""
2021,127077.0,669.0,960.0,1629.0,7805477695,"ОБЩЕСТВО С ОГРАНИЧЕННОЙ ОТВЕТСТВЕННОСТЬЮ ""ВЕКТОР-ИНЖИНИРИНГ"""
2025,0.0,0.0,,0.0,7203259114,"ОБЩЕСТВО С ОГРАНИЧЕННОЙ ОТВЕТСТВЕННОСТЬЮ ""СИБТРАНСКОМ"""
2023,174141.0,3712.0,,3712.0,7203259114,"ОБЩЕСТВО С ОГРАНИЧЕННОЙ ОТВЕТСТВЕННОСТЬЮ ""СИБТРАНСКОМ"""
2022,11410.0,-823.0,,-823.0,7203259114,"ОБЩЕСТВО С ОГРАНИЧЕННОЙ ОТВЕТСТВЕННОСТЬЮ ""СИБТРАНСКОМ"""
2021,4346.0,-747.0,,-747.0,7203259114,"ОБЩЕСТВО С ОГРАНИЧЕННОЙ ОТВЕТСТВЕННОСТЬЮ ""СИБТРАНСКОМ"""
2022,604414.0,595.0,7580.0,8175.0,5410077239,"ОБЩЕСТВО С ОГРАНИЧЕННОЙ ОТВЕТСТВЕННОСТЬЮ ""СПЕЦИАЛИЗИРОВАННОЕ МОНТАЖНО-НАЛАДОЧНОЕ УПРАВЛЕНИЕ 54"""
2021,311180.0,5347.0,7689.0,13036.0,5410077239,"ОБЩЕСТВО С ОГРАНИЧЕННОЙ ОТВЕТСТВЕННОСТЬЮ ""СПЕЦИАЛИЗИРОВАННОЕ МОНТАЖНО-НАЛАДОЧНОЕ УПРАВЛЕНИЕ 54"""
2025,1910490.0,16908.0,0.0,16908.0,7714784890,"ОБЩЕСТВО С ОГРАНИЧЕННОЙ ОТВЕТСТВЕННОСТЬЮ ""СТРОЙКОМПАС"""
2024,512007.0,11040.0,157.0,11197.0,7714784890,"ОБЩЕСТВО С ОГРАНИЧЕННОЙ ОТВЕТСТВЕННОСТЬЮ ""СТРОЙКОМПАС"""
2023,900435.0,43001.0,1337.0,44338.0,7714784890,"ОБЩЕСТВО С ОГРАНИЧЕННОЙ ОТВЕТСТВЕННОСТЬЮ ""СТРОЙКОМПАС"""
2022,511940.0,4493.0,0.0,4493.0,7714784890,"ОБЩЕСТВО С ОГРАНИЧЕННОЙ ОТВЕТСТВЕННОСТЬЮ ""СТРОЙКОМПАС"""
2021,908083.0,12026.0,-107.0,11919.0,7714784890,"ОБЩЕСТВО С ОГРАНИЧЕННОЙ ОТВЕТСТВЕННОСТЬЮ ""СТРОЙКОМПАС"""
2025,17665.0,-2848.0,0.0,-2848.0,5404230930,"ОБЩЕСТВО С ОГРАНИЧЕННОЙ ОТВЕТСТВЕННОСТЬЮ ""СТРОЙПОДРЯД"""
2024,19354.0,4578.0,,4578.0,5404230930,"ОБЩЕСТВО С ОГРАНИЧЕННОЙ ОТВЕТСТВЕННОСТЬЮ ""СТРОЙПОДРЯД"""
2023,7125.0,1653.0,,1653.0,5404230930,"ОБЩЕСТВО С ОГРАНИЧЕННОЙ ОТВЕТСТВЕННОСТЬЮ ""СТРОЙПОДРЯД"""
2022,10955.0,-17388.0,,-17388.0,5404230930,"ОБЩЕСТВО С ОГРАНИЧЕННОЙ ОТВЕТСТВЕННОСТЬЮ ""СТРОЙПОДРЯД"""
2021,30775.0,363.0,,363.0,5404230930,"ОБЩЕСТВО С ОГРАНИЧЕННОЙ ОТВЕТСТВЕННОСТЬЮ ""СТРОЙПОДРЯД"""
2025,467272.0,30907.0,,30907.0,7719105485,"ОБЩЕСТВО С ОГРАНИЧЕННОЙ ОТВЕТСТВЕННОСТЬЮ ССК ""ПОЛИСТРОЙ"""
2024,329410.0,17373.0,,17373.0,7719105485,"ОБЩЕСТВО С ОГРАНИЧЕННОЙ ОТВЕТСТВЕННОСТЬЮ ССК ""ПОЛИСТРОЙ"""
2023,475434.0,26285.0,,26285.0,7719105485,"ОБЩЕСТВО С ОГРАНИЧЕННОЙ ОТВЕТСТВЕННОСТЬЮ ССК ""ПОЛИСТРОЙ"""
2022,166154.0,3564.0,,3564.0,7719105485,"ОБЩЕСТВО С ОГРАНИЧЕННОЙ ОТВЕТСТВЕННОСТЬЮ ССК ""ПОЛИСТРОЙ"""
2021,369039.0,28107.0,,28107.0,7719105485,"ОБЩЕСТВО С ОГРАНИЧЕННОЙ ОТВЕТСТВЕННОСТЬЮ ССК ""ПОЛИСТРОЙ"""
2025,247821.0,325.0,0.0,325.0,7602113660,"ОБЩЕСТВО С ОГРАНИЧЕННОЙ ОТВЕТСТВЕННОСТЬЮ ""СПЕЦСТРОЙСЕРВИС"""
2024,140322.0,1305.0,,1305.0,7602113660,"ОБЩЕСТВО С ОГРАНИЧЕННОЙ ОТВЕТСТВЕННОСТЬЮ ""СПЕЦСТРОЙСЕРВИС"""
2023,155841.0,1121.0,,1121.0,7602113660,"ОБЩЕСТВО С ОГРАНИЧЕННОЙ ОТВЕТСТВЕННОСТЬЮ ""СПЕЦСТРОЙСЕРВИС"""
2022,220828.0,3634.0,,3634.0,7602113660,"ОБЩЕСТВО С ОГРАНИЧЕННОЙ ОТВЕТСТВЕННОСТЬЮ ""СПЕЦСТРОЙСЕРВИС"""
2021,186536.0,13691.0,,13691.0,7602113660,"ОБЩЕСТВО С ОГРАНИЧЕННОЙ ОТВЕТСТВЕННОСТЬЮ ""СПЕЦСТРОЙСЕРВИС"""
2025,258.0,4011.0,140.0,4151.0,6315648406,"ОБЩЕСТВО С ОГРАНИЧЕННОЙ ОТВЕТСТВЕННОСТЬЮ ""СПЕЦИАЛИЗИРОВАННЫЙ ЗАСТРОЙЩИК ""МЕГА-СТРОЙ"""
2024,,-591.0,66.0,-525.0,6315648406,"ОБЩЕСТВО С ОГРАНИЧЕННОЙ ОТВЕТСТВЕННОСТЬЮ ""СПЕЦИАЛИЗИРОВАННЫЙ ЗАСТРОЙЩИК ""МЕГА-СТРОЙ"""
2023,,3504.0,21.0,3525.0,6315648406,"ОБЩЕСТВО С ОГРАНИЧЕННОЙ ОТВЕТСТВЕННОСТЬЮ ""СПЕЦИАЛИЗИРОВАННЫЙ ЗАСТРОЙЩИК ""МЕГА-СТРОЙ"""
2022,0.0,4600.0,192.0,4792.0,6315648406,"ОБЩЕСТВО С ОГРАНИЧЕННОЙ ОТВЕТСТВЕННОСТЬЮ ""СПЕЦИАЛИЗИРОВАННЫЙ ЗАСТРОЙЩИК ""МЕГА-СТРОЙ"""
2021,7521.0,-1779.0,422.0,-1357.0,6315648406,"ОБЩЕСТВО С ОГРАНИЧЕННОЙ ОТВЕТСТВЕННОСТЬЮ ""СПЕЦИАЛИЗИРОВАННЫЙ ЗАСТРОЙЩИК ""МЕГА-СТРОЙ"""
2023,0.0,-23.0,,-23.0,1644000731,"ОБЩЕСТВО С ОГРАНИЧЕННОЙ ОТВЕТСТВЕННОСТЬЮ ""СТРОЙСЕРВИС"""
2022,3977.0,-10382.0,,-10382.0,1644000731,"ОБЩЕСТВО С ОГРАНИЧЕННОЙ ОТВЕТСТВЕННОСТЬЮ ""СТРОЙСЕРВИС"""
2021,66357.0,373.0,,373.0,1644000731,"ОБЩЕСТВО С ОГРАНИЧЕННОЙ ОТВЕТСТВЕННОСТЬЮ ""СТРОЙСЕРВИС"""
2025,0.0,-4255.0,,-4255.0,7701747812,"ОБЩЕСТВО С ОГРАНИЧЕННОЙ ОТВЕТСТВЕННОСТЬЮ ""УНИВЕРСАЛСПЕЦМОНТАЖ"""
2024,1053.0,1.0,,1.0,7701747812,"ОБЩЕСТВО С ОГРАНИЧЕННОЙ ОТВЕТСТВЕННОСТЬЮ ""УНИВЕРСАЛСПЕЦМОНТАЖ"""
2023,20122.0,101.0,0.0,101.0,7701747812,"ОБЩЕСТВО С ОГРАНИЧЕННОЙ ОТВЕТСТВЕННОСТЬЮ ""УНИВЕРСАЛСПЕЦМОНТАЖ"""
2022,42255.0,-460.0,118.0,-342.0,7701747812,"ОБЩЕСТВО С ОГРАНИЧЕННОЙ ОТВЕТСТВЕННОСТЬЮ ""УНИВЕРСАЛСПЕЦМОНТАЖ"""
2021,87107.0,-3309.0,38.0,-3271.0,7701747812,"ОБЩЕСТВО С ОГРАНИЧЕННОЙ ОТВЕТСТВЕННОСТЬЮ ""УНИВЕРСАЛСПЕЦМОНТАЖ"""
2025,6819.0,-910.0,,-910.0,2538082413,"ОБЩЕСТВО С ОГРАНИЧЕННОЙ ОТВЕТСТВЕННОСТЬЮ ""ДАЛЬНЕВОСТОЧНЫЙ АЛЬЯНС"""
2024,7650.0,-313.0,,-313.0,2538082413,"ОБЩЕСТВО С ОГРАНИЧЕННОЙ ОТВЕТСТВЕННОСТЬЮ ""ДАЛЬНЕВОСТОЧНЫЙ АЛЬЯНС"""
2023,6221.0,4954.0,,4954.0,2538082413,"ОБЩЕСТВО С ОГРАНИЧЕННОЙ ОТВЕТСТВЕННОСТЬЮ ""ДАЛЬНЕВОСТОЧНЫЙ АЛЬЯНС"""
2022,7483.0,-2379.0,,-2379.0,2538082413,"ОБЩЕСТВО С ОГРАНИЧЕННОЙ ОТВЕТСТВЕННОСТЬЮ ""ДАЛЬНЕВОСТОЧНЫЙ АЛЬЯНС"""
2021,6565.0,31573.0,,31573.0,2538082413,"ОБЩЕСТВО С ОГРАНИЧЕННОЙ ОТВЕТСТВЕННОСТЬЮ ""ДАЛЬНЕВОСТОЧНЫЙ АЛЬЯНС"""
2022,35683.0,945.0,,945.0,6324088609,"ОБЩЕСТВО С ОГРАНИЧЕННОЙ ОТВЕТСТВЕННОСТЬЮ ""СТРОЙСПЕКТР"""
2021,24508.0,508.0,,508.0,6324088609,"ОБЩЕСТВО С ОГРАНИЧЕННОЙ ОТВЕТСТВЕННОСТЬЮ ""СТРОЙСПЕКТР"""
2025,299059.0,3413.0,0.0,3413.0,0560033305,"ОБЩЕСТВО С ОГРАНИЧЕННОЙ ОТВЕТСТВЕННОСТЬЮ "" РЕМСТРОЙСЕРВИС """
2024,187731.0,3507.0,,3507.0,0560033305,"ОБЩЕСТВО С ОГРАНИЧЕННОЙ ОТВЕТСТВЕННОСТЬЮ "" РЕМСТРОЙСЕРВИС """
2023,142230.0,3271.0,,3271.0,0560033305,"ОБЩЕСТВО С ОГРАНИЧЕННОЙ ОТВЕТСТВЕННОСТЬЮ "" РЕМСТРОЙСЕРВИС """
2022,94296.0,3109.0,,3109.0,0560033305,"ОБЩЕСТВО С ОГРАНИЧЕННОЙ ОТВЕТСТВЕННОСТЬЮ "" РЕМСТРОЙСЕРВИС """
2021,135810.0,3091.0,,3091.0,0560033305,"ОБЩЕСТВО С ОГРАНИЧЕННОЙ ОТВЕТСТВЕННОСТЬЮ "" РЕМСТРОЙСЕРВИС """
2025,1836.0,-27735.0,0.0,-27735.0,2624022344,"АКЦИОНЕРНОЕ ОБЩЕСТВО ""БУДЕННОВСКОЕ МОНТАЖНОЕ УПРАВЛЕНИЕ"""
2024,49246.0,72982.0,,72982.0,2624022344,"АКЦИОНЕРНОЕ ОБЩЕСТВО ""БУДЕННОВСКОЕ МОНТАЖНОЕ УПРАВЛЕНИЕ"""
2023,23199.0,167.0,,167.0,2624022344,"АКЦИОНЕРНОЕ ОБЩЕСТВО ""БУДЕННОВСКОЕ МОНТАЖНОЕ УПРАВЛЕНИЕ"""
2022,10362.0,-151.0,,-151.0,2624022344,"АКЦИОНЕРНОЕ ОБЩЕСТВО ""БУДЕННОВСКОЕ МОНТАЖНОЕ УПРАВЛЕНИЕ"""
2021,61607.0,-9727.0,,-9727.0,2624022344,"АКЦИОНЕРНОЕ ОБЩЕСТВО ""БУДЕННОВСКОЕ МОНТАЖНОЕ УПРАВЛЕНИЕ"""
2025,489092.0,1928.0,53.0,1981.0,1660138021,"ОБЩЕСТВО С ОГРАНИЧЕННОЙ ОТВЕТСТВЕННОСТЬЮ ""ПРОСПЕРИТИ"""
2024,293387.0,1212.0,971.0,2183.0,1660138021,"ОБЩЕСТВО С ОГРАНИЧЕННОЙ ОТВЕТСТВЕННОСТЬЮ ""ПРОСПЕРИТИ"""
2023,304772.0,1174.0,1031.0,2205.0,1660138021,"ОБЩЕСТВО С ОГРАНИЧЕННОЙ ОТВЕТСТВЕННОСТЬЮ ""ПРОСПЕРИТИ"""
2022,636220.0,1714.0,1226.0,2940.0,1660138021,"ОБЩЕСТВО С ОГРАНИЧЕННОЙ ОТВЕТСТВЕННОСТЬЮ ""ПРОСПЕРИТИ"""
2021,189155.0,1219.0,630.0,1849.0,1660138021,"ОБЩЕСТВО С ОГРАНИЧЕННОЙ ОТВЕТСТВЕННОСТЬЮ ""ПРОСПЕРИТИ"""
2025,255463.0,15677.0,85.0,15762.0,3329058514,"ОБЩЕСТВО С ОГРАНИЧЕННОЙ ОТВЕТСТВЕННОСТЬЮ ""АРТСТРОЙМОНТАЖ"""
2024,303278.0,47669.0,1602.0,49271.0,3329058514,"ОБЩЕСТВО С ОГРАНИЧЕННОЙ ОТВЕТСТВЕННОСТЬЮ ""АРТСТРОЙМОНТАЖ"""
2023,260233.0,38192.0,2549.0,40741.0,3329058514,"ОБЩЕСТВО С ОГРАНИЧЕННОЙ ОТВЕТСТВЕННОСТЬЮ ""АРТСТРОЙМОНТАЖ"""
2022,216129.0,14996.0,1955.0,16951.0,3329058514,"ОБЩЕСТВО С ОГРАНИЧЕННОЙ ОТВЕТСТВЕННОСТЬЮ ""АРТСТРОЙМОНТАЖ"""
2021,144003.0,5974.0,957.0,6931.0,3329058514,"ОБЩЕСТВО С ОГРАНИЧЕННОЙ ОТВЕТСТВЕННОСТЬЮ ""АРТСТРОЙМОНТАЖ"""
2025,486426.0,7318.0,,7318.0,7729664235,"ОБЩЕСТВО С ОГРАНИЧЕННОЙ ОТВЕТСТВЕННОСТЬЮ ""ГРАНД ТЕХНОЛОДЖИ. БИЛДИНГ"""
2024,473691.0,7146.0,,7146.0,7729664235,"ОБЩЕСТВО С ОГРАНИЧЕННОЙ ОТВЕТСТВЕННОСТЬЮ ""ГРАНД ТЕХНОЛОДЖИ. БИЛДИНГ"""
2023,424755.0,521.0,0.0,521.0,7729664235,"ОБЩЕСТВО С ОГРАНИЧЕННОЙ ОТВЕТСТВЕННОСТЬЮ ""ГРАНД ТЕХНОЛОДЖИ. БИЛДИНГ"""
2022,203342.0,948.0,679.0,1627.0,7729664235,"ОБЩЕСТВО С ОГРАНИЧЕННОЙ ОТВЕТСТВЕННОСТЬЮ ""ГРАНД ТЕХНОЛОДЖИ. БИЛДИНГ"""
2021,100236.0,107.0,1038.0,1145.0,7729664235,"ОБЩЕСТВО С ОГРАНИЧЕННОЙ ОТВЕТСТВЕННОСТЬЮ ""ГРАНД ТЕХНОЛОДЖИ. БИЛДИНГ"""
2025,46739.0,-2926.0,0.0,-2926.0,6623052745,"ОБЩЕСТВО С ОГРАНИЧЕННОЙ ОТВЕТСТВЕННОСТЬЮ ""РЕМОНТНО-СТРОИТЕЛЬНАЯ КОМПАНИЯ ""ТАГИЛАГРОХИМ"""
2024,49412.0,1522.0,0.0,1522.0,6623052745,"ОБЩЕСТВО С ОГРАНИЧЕННОЙ ОТВЕТСТВЕННОСТЬЮ ""РЕМОНТНО-СТРОИТЕЛЬНАЯ КОМПАНИЯ ""ТАГИЛАГРОХИМ"""
2023,40978.0,-86.0,0.0,-86.0,6623052745,"ОБЩЕСТВО С ОГРАНИЧЕННОЙ ОТВЕТСТВЕННОСТЬЮ ""РЕМОНТНО-СТРОИТЕЛЬНАЯ КОМПАНИЯ ""ТАГИЛАГРОХИМ"""
2022,34643.0,-2685.0,0.0,-2685.0,6623052745,"ОБЩЕСТВО С ОГРАНИЧЕННОЙ ОТВЕТСТВЕННОСТЬЮ ""РЕМОНТНО-СТРОИТЕЛЬНАЯ КОМПАНИЯ ""ТАГИЛАГРОХИМ"""
2021,31631.0,-3606.0,0.0,-3606.0,6623052745,"ОБЩЕСТВО С ОГРАНИЧЕННОЙ ОТВЕТСТВЕННОСТЬЮ ""РЕМОНТНО-СТРОИТЕЛЬНАЯ КОМПАНИЯ ""ТАГИЛАГРОХИМ"""
2025,6524.0,-4215.0,,-4215.0,1835020320,"ОБЩЕСТВО С ОГРАНИЧЕННОЙ ОТВЕТСТВЕННОСТЬЮ ""МАСТЕР-ДОМ"""
2024,16555.0,-6720.0,0.0,-6720.0,1835020320,"ОБЩЕСТВО С ОГРАНИЧЕННОЙ ОТВЕТСТВЕННОСТЬЮ ""МАСТЕР-ДОМ"""
2023,22686.0,12372.0,1577.0,13949.0,1835020320,"ОБЩЕСТВО С ОГРАНИЧЕННОЙ ОТВЕТСТВЕННОСТЬЮ ""МАСТЕР-ДОМ"""
2022,44127.0,26132.0,4886.0,31018.0,1835020320,"ОБЩЕСТВО С ОГРАНИЧЕННОЙ ОТВЕТСТВЕННОСТЬЮ ""МАСТЕР-ДОМ"""
2021,19654.0,5514.0,4919.0,10433.0,1835020320,"ОБЩЕСТВО С ОГРАНИЧЕННОЙ ОТВЕТСТВЕННОСТЬЮ ""МАСТЕР-ДОМ"""
2025,323109.0,-340212.0,0.0,-340212.0,0326525490,"ОБЩЕСТВО С ОГРАНИЧЕННОЙ ОТВЕТСТВЕННОСТЬЮ ""БУРЯТПРОЕКТРЕСТАВРАЦИЯ"""
2024,901719.0,-388874.0,2681.0,-386193.0,0326525490,"ОБЩЕСТВО С ОГРАНИЧЕННОЙ ОТВЕТСТВЕННОСТЬЮ ""БУРЯТПРОЕКТРЕСТАВРАЦИЯ"""
2023,1134981.0,16978.0,,16978.0,0326525490,"ОБЩЕСТВО С ОГРАНИЧЕННОЙ ОТВЕТСТВЕННОСТЬЮ ""БУРЯТПРОЕКТРЕСТАВРАЦИЯ"""
2022,803246.0,12246.0,,12246.0,0326525490,"ОБЩЕСТВО С ОГРАНИЧЕННОЙ ОТВЕТСТВЕННОСТЬЮ ""БУРЯТПРОЕКТРЕСТАВРАЦИЯ"""
2021,826287.0,23619.0,,23619.0,0326525490,"ОБЩЕСТВО С ОГРАНИЧЕННОЙ ОТВЕТСТВЕННОСТЬЮ ""БУРЯТПРОЕКТРЕСТАВРАЦИЯ"""
2025,100014.0,711.0,0.0,711.0,7707438225,"ОБЩЕСТВО С ОГРАНИЧЕННОЙ ОТВЕТСТВЕННОСТЬЮ ""КОНСТРУКТИВ"""
2024,282799.0,1749.0,11.0,1760.0,7707438225,"ОБЩЕСТВО С ОГРАНИЧЕННОЙ ОТВЕТСТВЕННОСТЬЮ ""КОНСТРУКТИВ"""
2023,163996.0,2977.0,2.0,2979.0,7707438225,"ОБЩЕСТВО С ОГРАНИЧЕННОЙ ОТВЕТСТВЕННОСТЬЮ ""КОНСТРУКТИВ"""
2022,207077.0,968.0,,968.0,7707438225,"ОБЩЕСТВО С ОГРАНИЧЕННОЙ ОТВЕТСТВЕННОСТЬЮ ""КОНСТРУКТИВ"""
2021,96627.0,1423.0,,1423.0,7707438225,"ОБЩЕСТВО С ОГРАНИЧЕННОЙ ОТВЕТСТВЕННОСТЬЮ ""КОНСТРУКТИВ"""
2025,1366296.0,98988.0,,98988.0,5904350618,"ОБЩЕСТВО С ОГРАНИЧЕННОЙ ОТВЕТСТВЕННОСТЬЮ ""СТРОИТЕЛЬНАЯ КОМПАНИЯ ""ВЕГА"""
2024,321615.0,72270.0,,72270.0,5904350618,"ОБЩЕСТВО С ОГРАНИЧЕННОЙ ОТВЕТСТВЕННОСТЬЮ ""СТРОИТЕЛЬНАЯ КОМПАНИЯ ""ВЕГА"""
2023,407356.0,42585.0,,42585.0,5904350618,"ОБЩЕСТВО С ОГРАНИЧЕННОЙ ОТВЕТСТВЕННОСТЬЮ ""СТРОИТЕЛЬНАЯ КОМПАНИЯ ""ВЕГА"""
2022,265561.0,29341.0,,29341.0,5904350618,"ОБЩЕСТВО С ОГРАНИЧЕННОЙ ОТВЕТСТВЕННОСТЬЮ ""СТРОИТЕЛЬНАЯ КОМПАНИЯ ""ВЕГА"""
2021,226994.0,15870.0,,15870.0,5904350618,"ОБЩЕСТВО С ОГРАНИЧЕННОЙ ОТВЕТСТВЕННОСТЬЮ ""СТРОИТЕЛЬНАЯ КОМПАНИЯ ""ВЕГА"""
2025,415186.0,66278.0,,66278.0,3528231900,"ОБЩЕСТВО С ОГРАНИЧЕННОЙ ОТВЕТСТВЕННОСТЬЮ ""ВЕРТИКАЛЬ"""
2024,88406.0,-48093.0,,-48093.0,3528231900,"ОБЩЕСТВО С ОГРАНИЧЕННОЙ ОТВЕТСТВЕННОСТЬЮ ""ВЕРТИКАЛЬ"""
2023,156397.0,34846.0,,34846.0,3528231900,"ОБЩЕСТВО С ОГРАНИЧЕННОЙ ОТВЕТСТВЕННОСТЬЮ ""ВЕРТИКАЛЬ"""
2022,166473.0,-59818.0,,-59818.0,3528231900,"ОБЩЕСТВО С ОГРАНИЧЕННОЙ ОТВЕТСТВЕННОСТЬЮ ""ВЕРТИКАЛЬ"""
2021,104720.0,-15390.0,,-15390.0,3528231900,"ОБЩЕСТВО С ОГРАНИЧЕННОЙ ОТВЕТСТВЕННОСТЬЮ ""ВЕРТИКАЛЬ"""
2025,195811.0,11379.0,,11379.0,5027211390,"ОБЩЕСТВО С ОГРАНИЧЕННОЙ ОТВЕТСТВЕННОСТЬЮ ""А-СТРОЙ"""
2024,282829.0,22317.0,,22317.0,5027211390,"ОБЩЕСТВО С ОГРАНИЧЕННОЙ ОТВЕТСТВЕННОСТЬЮ ""А-СТРОЙ"""
2023,250573.0,17913.0,,17913.0,5027211390,"ОБЩЕСТВО С ОГРАНИЧЕННОЙ ОТВЕТСТВЕННОСТЬЮ ""А-СТРОЙ"""
2022,308249.0,29079.0,,29079.0,5027211390,"ОБЩЕСТВО С ОГРАНИЧЕННОЙ ОТВЕТСТВЕННОСТЬЮ ""А-СТРОЙ"""
2021,231354.0,25047.0,,25047.0,5027211390,"ОБЩЕСТВО С ОГРАНИЧЕННОЙ ОТВЕТСТВЕННОСТЬЮ ""А-СТРОЙ"""
2025,9849.0,-2177.0,,-2177.0,3525455356,"ОБЩЕСТВО С ОГРАНИЧЕННОЙ ОТВЕТСТВЕННОСТЬЮ ""СИРИУС"""
2024,10408.0,36.0,,36.0,3525455356,"ОБЩЕСТВО С ОГРАНИЧЕННОЙ ОТВЕТСТВЕННОСТЬЮ ""СИРИУС"""
2023,110061.0,1050.0,,1050.0,3525455356,"ОБЩЕСТВО С ОГРАНИЧЕННОЙ ОТВЕТСТВЕННОСТЬЮ ""СИРИУС"""
2022,615823.0,2873.0,,2873.0,3525455356,"ОБЩЕСТВО С ОГРАНИЧЕННОЙ ОТВЕТСТВЕННОСТЬЮ ""СИРИУС"""
2021,671397.0,4029.0,,4029.0,3525455356,"ОБЩЕСТВО С ОГРАНИЧЕННОЙ ОТВЕТСТВЕННОСТЬЮ ""СИРИУС"""
2025,2561.0,-442253.0,5902.0,-436351.0,0274101890,"ОБЩЕСТВО С ОГРАНИЧЕННОЙ ОТВЕТСТВЕННОСТЬЮ ""ФИРМА СУ-10"""
2024,11628.0,-394729.0,0.0,-394729.0,0274101890,"ОБЩЕСТВО С ОГРАНИЧЕННОЙ ОТВЕТСТВЕННОСТЬЮ ""ФИРМА СУ-10"""
2023,325141.0,-954681.0,526.0,-954155.0,0274101890,"ОБЩЕСТВО С ОГРАНИЧЕННОЙ ОТВЕТСТВЕННОСТЬЮ ""ФИРМА СУ-10"""
2022,602554.0,303.0,2865.0,3168.0,0274101890,"ОБЩЕСТВО С ОГРАНИЧЕННОЙ ОТВЕТСТВЕННОСТЬЮ ""ФИРМА СУ-10"""
2021,2123823.0,201.0,2171.0,2372.0,0274101890,"ОБЩЕСТВО С ОГРАНИЧЕННОЙ ОТВЕТСТВЕННОСТЬЮ ""ФИРМА СУ-10"""
2024,208819.0,496.0,,496.0,0277918425,"ОБЩЕСТВО С ОГРАНИЧЕННОЙ ОТВЕТСТВЕННОСТЬЮ ""ПРОМСТРОЙМОНТАЖ"""
2023,1561079.0,8873.0,,8873.0,0277918425,"ОБЩЕСТВО С ОГРАНИЧЕННОЙ ОТВЕТСТВЕННОСТЬЮ ""ПРОМСТРОЙМОНТАЖ"""
2022,380568.0,4797.0,,4797.0,0277918425,"ОБЩЕСТВО С ОГРАНИЧЕННОЙ ОТВЕТСТВЕННОСТЬЮ ""ПРОМСТРОЙМОНТАЖ"""
2021,501822.0,3232.0,,3232.0,0277918425,"ОБЩЕСТВО С ОГРАНИЧЕННОЙ ОТВЕТСТВЕННОСТЬЮ ""ПРОМСТРОЙМОНТАЖ"""
2021,72797.0,1468.0,,1468.0,7731430481,"ОБЩЕСТВО С ОГРАНИЧЕННОЙ ОТВЕТСТВЕННОСТЬЮ ""КОМИНТЕК"""
2025,263365.0,25894.0,0.0,25894.0,8902014239,"ОБЩЕСТВО С ОГРАНИЧЕННОЙ ОТВЕТСТВЕННОСТЬЮ ""СТРОЙПРОМСЕРВИС"""
2024,101620.0,-13915.0,,-13915.0,8902014239,"ОБЩЕСТВО С ОГРАНИЧЕННОЙ ОТВЕТСТВЕННОСТЬЮ ""СТРОЙПРОМСЕРВИС"""
2023,196375.0,15842.0,,15842.0,8902014239,"ОБЩЕСТВО С ОГРАНИЧЕННОЙ ОТВЕТСТВЕННОСТЬЮ ""СТРОЙПРОМСЕРВИС"""
2022,139861.0,4050.0,,4050.0,8902014239,"ОБЩЕСТВО С ОГРАНИЧЕННОЙ ОТВЕТСТВЕННОСТЬЮ ""СТРОЙПРОМСЕРВИС"""
2021,84933.0,2881.0,,2881.0,8902014239,"ОБЩЕСТВО С ОГРАНИЧЕННОЙ ОТВЕТСТВЕННОСТЬЮ ""СТРОЙПРОМСЕРВИС"""
2025,108498.0,2241.0,2062.0,4303.0,2463246615,"ОБЩЕСТВО С ОГРАНИЧЕННОЙ ОТВЕТСТВЕННОСТЬЮ ""СИБПРОМ"""
2024,163696.0,8707.0,9218.0,17925.0,2463246615,"ОБЩЕСТВО С ОГРАНИЧЕННОЙ ОТВЕТСТВЕННОСТЬЮ ""СИБПРОМ"""
2023,129279.0,4599.0,3601.0,8200.0,2463246615,"ОБЩЕСТВО С ОГРАНИЧЕННОЙ ОТВЕТСТВЕННОСТЬЮ ""СИБПРОМ"""
2022,125385.0,5050.0,954.0,6004.0,2463246615,"ОБЩЕСТВО С ОГРАНИЧЕННОЙ ОТВЕТСТВЕННОСТЬЮ ""СИБПРОМ"""
2021,123392.0,4505.0,839.0,5344.0,2463246615,"ОБЩЕСТВО С ОГРАНИЧЕННОЙ ОТВЕТСТВЕННОСТЬЮ ""СИБПРОМ"""
2025,420.0,6.0,0.0,6.0,4704055229,"ОБЩЕСТВО С ОГРАНИЧЕННОЙ ОТВЕТСТВЕННОСТЬЮ ""ГТ-СТРОЙ-ВЫБОРГ"""
2024,370.0,4.0,0.0,4.0,4704055229,"ОБЩЕСТВО С ОГРАНИЧЕННОЙ ОТВЕТСТВЕННОСТЬЮ ""ГТ-СТРОЙ-ВЫБОРГ"""
2023,2979.0,93.0,295.0,388.0,4704055229,"ОБЩЕСТВО С ОГРАНИЧЕННОЙ ОТВЕТСТВЕННОСТЬЮ ""ГТ-СТРОЙ-ВЫБОРГ"""
2022,240117.0,2403.0,0.0,2403.0,4704055229,"ОБЩЕСТВО С ОГРАНИЧЕННОЙ ОТВЕТСТВЕННОСТЬЮ ""ГТ-СТРОЙ-ВЫБОРГ"""
2021,158715.0,6674.0,2996.0,9670.0,4704055229,"ОБЩЕСТВО С ОГРАНИЧЕННОЙ ОТВЕТСТВЕННОСТЬЮ ""ГТ-СТРОЙ-ВЫБОРГ"""
2025,314535.0,140343.0,171.0,140514.0,3015102995,"ОБЩЕСТВО С ОГРАНИЧЕННОЙ ОТВЕТСТВЕННОСТЬЮ ""ГЕОБУРМОНТАЖ"""
2024,43324.0,-10088.0,329.0,-9759.0,3015102995,"ОБЩЕСТВО С ОГРАНИЧЕННОЙ ОТВЕТСТВЕННОСТЬЮ ""ГЕОБУРМОНТАЖ"""
2023,70505.0,-11350.0,217.0,-11133.0,3015102995,"ОБЩЕСТВО С ОГРАНИЧЕННОЙ ОТВЕТСТВЕННОСТЬЮ ""ГЕОБУРМОНТАЖ"""
2022,42039.0,-14729.0,5.0,-14724.0,3015102995,"ОБЩЕСТВО С ОГРАНИЧЕННОЙ ОТВЕТСТВЕННОСТЬЮ ""ГЕОБУРМОНТАЖ"""
2021,58906.0,3791.0,1540.0,5331.0,3015102995,"ОБЩЕСТВО С ОГРАНИЧЕННОЙ ОТВЕТСТВЕННОСТЬЮ ""ГЕОБУРМОНТАЖ"""
2025,0.0,-5990.0,0.0,-5990.0,7725404229,"ОБЩЕСТВО С ОГРАНИЧЕННОЙ ОТВЕТСТВЕННОСТЬЮ ""ЭЛЕМЕНТ"""
2024,32038.0,159.0,,159.0,7725404229,"ОБЩЕСТВО С ОГРАНИЧЕННОЙ ОТВЕТСТВЕННОСТЬЮ ""ЭЛЕМЕНТ"""
2023,177545.0,412.0,,412.0,7725404229,"ОБЩЕСТВО С ОГРАНИЧЕННОЙ ОТВЕТСТВЕННОСТЬЮ ""ЭЛЕМЕНТ"""
2022,44412.0,241.0,,241.0,7725404229,"ОБЩЕСТВО С ОГРАНИЧЕННОЙ ОТВЕТСТВЕННОСТЬЮ ""ЭЛЕМЕНТ"""
2021,51050.0,999.0,,999.0,7725404229,"ОБЩЕСТВО С ОГРАНИЧЕННОЙ ОТВЕТСТВЕННОСТЬЮ ""ЭЛЕМЕНТ"""
2025,14015.0,204.0,,204.0,3906980594,"ОБЩЕСТВО С ОГРАНИЧЕННОЙ ОТВЕТСТВЕННОСТЬЮ "" СМУ-14 """
2024,5742.0,442.0,,442.0,3906980594,"ОБЩЕСТВО С ОГРАНИЧЕННОЙ ОТВЕТСТВЕННОСТЬЮ "" СМУ-14 """
2023,5000.0,31.0,,31.0,3906980594,"ОБЩЕСТВО С ОГРАНИЧЕННОЙ ОТВЕТСТВЕННОСТЬЮ "" СМУ-14 """
2022,65680.0,140.0,,140.0,3906980594,"ОБЩЕСТВО С ОГРАНИЧЕННОЙ ОТВЕТСТВЕННОСТЬЮ "" СМУ-14 """
2021,16349.0,335.0,,335.0,3906980594,"ОБЩЕСТВО С ОГРАНИЧЕННОЙ ОТВЕТСТВЕННОСТЬЮ "" СМУ-14 """
2025,918768.0,6501.0,9734.0,16235.0,2536186840,"ОБЩЕСТВО С ОГРАНИЧЕННОЙ ОТВЕТСТВЕННОСТЬЮ ""ВЛАД-ИНЖЕНЕР"""
2024,439888.0,3182.0,11318.0,14500.0,2536186840,"ОБЩЕСТВО С ОГРАНИЧЕННОЙ ОТВЕТСТВЕННОСТЬЮ ""ВЛАД-ИНЖЕНЕР"""
2023,626826.0,5664.0,2686.0,8350.0,2536186840,"ОБЩЕСТВО С ОГРАНИЧЕННОЙ ОТВЕТСТВЕННОСТЬЮ ""ВЛАД-ИНЖЕНЕР"""
2022,439767.0,3403.0,4625.0,8028.0,2536186840,"ОБЩЕСТВО С ОГРАНИЧЕННОЙ ОТВЕТСТВЕННОСТЬЮ ""ВЛАД-ИНЖЕНЕР"""
2021,290572.0,916.0,3019.0,3935.0,2536186840,"ОБЩЕСТВО С ОГРАНИЧЕННОЙ ОТВЕТСТВЕННОСТЬЮ ""ВЛАД-ИНЖЕНЕР"""
2024,48430.0,-12271.0,6066.0,-6205.0,2902068120,"ОБЩЕСТВО С ОГРАНИЧЕННОЙ ОТВЕТСТВЕННОСТЬЮ ""СТРОИТЕЛЬНО-ТРАСТОВАЯ КОМПАНИЯ ""СЕВЕРГРАД"""
2023,81218.0,-7072.0,5188.0,-1884.0,2902068120,"ОБЩЕСТВО С ОГРАНИЧЕННОЙ ОТВЕТСТВЕННОСТЬЮ ""СТРОИТЕЛЬНО-ТРАСТОВАЯ КОМПАНИЯ ""СЕВЕРГРАД"""
2022,66381.0,-178466.0,,-178466.0,2902068120,"ОБЩЕСТВО С ОГРАНИЧЕННОЙ ОТВЕТСТВЕННОСТЬЮ ""СТРОИТЕЛЬНО-ТРАСТОВАЯ КОМПАНИЯ ""СЕВЕРГРАД"""
2021,188888.0,57237.0,0.0,57237.0,2902068120,"ОБЩЕСТВО С ОГРАНИЧЕННОЙ ОТВЕТСТВЕННОСТЬЮ ""СТРОИТЕЛЬНО-ТРАСТОВАЯ КОМПАНИЯ ""СЕВЕРГРАД"""
2025,280861.0,1495.0,0.0,1495.0,7729672028,"ОБЩЕСТВО С ОГРАНИЧЕННОЙ ОТВЕТСТВЕННОСТЬЮ ""ЦЕМСНАБ ГРУПП"""
2024,159307.0,137.0,,137.0,7729672028,"ОБЩЕСТВО С ОГРАНИЧЕННОЙ ОТВЕТСТВЕННОСТЬЮ ""ЦЕМСНАБ ГРУПП"""
2023,654872.0,10965.0,,10965.0,7729672028,"ОБЩЕСТВО С ОГРАНИЧЕННОЙ ОТВЕТСТВЕННОСТЬЮ ""ЦЕМСНАБ ГРУПП"""
2022,69879.0,1766.0,,1766.0,7729672028,"ОБЩЕСТВО С ОГРАНИЧЕННОЙ ОТВЕТСТВЕННОСТЬЮ ""ЦЕМСНАБ ГРУПП"""
2021,6514.0,1012.0,,1012.0,7729672028,"ОБЩЕСТВО С ОГРАНИЧЕННОЙ ОТВЕТСТВЕННОСТЬЮ ""ЦЕМСНАБ ГРУПП"""
2025,91669.0,6325.0,,6325.0,6501299181,"ОБЩЕСТВО С ОГРАНИЧЕННОЙ ОТВЕТСТВЕННОСТЬЮ ""ИНЖЕНЕРНО-СТРОИТЕЛЬНАЯ КОМПАНИЯ ""СМАРТ"""
2024,91541.0,3757.0,,3757.0,6501299181,"ОБЩЕСТВО С ОГРАНИЧЕННОЙ ОТВЕТСТВЕННОСТЬЮ ""ИНЖЕНЕРНО-СТРОИТЕЛЬНАЯ КОМПАНИЯ ""СМАРТ"""
2023,95121.0,-3370.0,,-3370.0,6501299181,"ОБЩЕСТВО С ОГРАНИЧЕННОЙ ОТВЕТСТВЕННОСТЬЮ ""ИНЖЕНЕРНО-СТРОИТЕЛЬНАЯ КОМПАНИЯ ""СМАРТ"""
2022,81951.0,-4864.0,,-4864.0,6501299181,"ОБЩЕСТВО С ОГРАНИЧЕННОЙ ОТВЕТСТВЕННОСТЬЮ ""ИНЖЕНЕРНО-СТРОИТЕЛЬНАЯ КОМПАНИЯ ""СМАРТ"""
2021,31435.0,5999.0,,5999.0,6501299181,"ОБЩЕСТВО С ОГРАНИЧЕННОЙ ОТВЕТСТВЕННОСТЬЮ ""ИНЖЕНЕРНО-СТРОИТЕЛЬНАЯ КОМПАНИЯ ""СМАРТ"""
2025,383193.0,-55560.0,1204.0,-54356.0,7202213491,"ОБЩЕСТВО С ОГРАНИЧЕННОЙ ОТВЕТСТВЕННОСТЬЮ ""ДОМ-СТРОЙ"""
2024,300491.0,-30122.0,496.0,-29626.0,7202213491,"ОБЩЕСТВО С ОГРАНИЧЕННОЙ ОТВЕТСТВЕННОСТЬЮ ""ДОМ-СТРОЙ"""
2023,257826.0,-30492.0,270.0,-30222.0,7202213491,"ОБЩЕСТВО С ОГРАНИЧЕННОЙ ОТВЕТСТВЕННОСТЬЮ ""ДОМ-СТРОЙ"""
2022,248504.0,-32072.0,540.0,-31532.0,7202213491,"ОБЩЕСТВО С ОГРАНИЧЕННОЙ ОТВЕТСТВЕННОСТЬЮ ""ДОМ-СТРОЙ"""
2021,199842.0,-544.0,292.0,-252.0,7202213491,"ОБЩЕСТВО С ОГРАНИЧЕННОЙ ОТВЕТСТВЕННОСТЬЮ ""ДОМ-СТРОЙ"""
2023,597380.0,4454.0,,4454.0,9724080039,"ОБЩЕСТВО С ОГРАНИЧЕННОЙ ОТВЕТСТВЕННОСТЬЮ ""РУСЬ"""
2022,274147.0,29.0,,29.0,9724080039,"ОБЩЕСТВО С ОГРАНИЧЕННОЙ ОТВЕТСТВЕННОСТЬЮ ""РУСЬ"""
2025,7339.0,258.0,0.0,258.0,7804646982,"ОБЩЕСТВО С ОГРАНИЧЕННОЙ ОТВЕТСТВЕННОСТЬЮ ""С.К.А."""
2024,61874.0,586.0,780.0,1366.0,7804646982,"ОБЩЕСТВО С ОГРАНИЧЕННОЙ ОТВЕТСТВЕННОСТЬЮ ""С.К.А."""
2023,110459.0,1376.0,41.0,1417.0,7804646982,"ОБЩЕСТВО С ОГРАНИЧЕННОЙ ОТВЕТСТВЕННОСТЬЮ ""С.К.А."""
2022,164463.0,33686.0,,33686.0,7804646982,"ОБЩЕСТВО С ОГРАНИЧЕННОЙ ОТВЕТСТВЕННОСТЬЮ ""С.К.А."""
2021,147041.0,2666.0,0.0,2666.0,7804646982,"ОБЩЕСТВО С ОГРАНИЧЕННОЙ ОТВЕТСТВЕННОСТЬЮ ""С.К.А."""
2023,445993.0,-30537.0,0.0,-30537.0,6316187540,"ОБЩЕСТВО С ОГРАНИЧЕННОЙ ОТВЕТСТВЕННОСТЬЮ ""ВМ ГРУПП"""
2022,990676.0,1843.0,1143.0,2986.0,6316187540,"ОБЩЕСТВО С ОГРАНИЧЕННОЙ ОТВЕТСТВЕННОСТЬЮ ""ВМ ГРУПП"""
2021,773150.0,1573.0,1665.0,3238.0,6316187540,"ОБЩЕСТВО С ОГРАНИЧЕННОЙ ОТВЕТСТВЕННОСТЬЮ ""ВМ ГРУПП"""
2025,351221.0,30205.0,0.0,30205.0,0323365312,"ОБЩЕСТВО С ОГРАНИЧЕННОЙ ОТВЕТСТВЕННОСТЬЮ ""ЭНЕРГОСТАНДАРТ"""
2024,231475.0,28584.0,2541.0,31125.0,0323365312,"ОБЩЕСТВО С ОГРАНИЧЕННОЙ ОТВЕТСТВЕННОСТЬЮ ""ЭНЕРГОСТАНДАРТ"""
2023,208985.0,10935.0,430.0,11365.0,0323365312,"ОБЩЕСТВО С ОГРАНИЧЕННОЙ ОТВЕТСТВЕННОСТЬЮ ""ЭНЕРГОСТАНДАРТ"""
2022,148929.0,12888.0,,12888.0,0323365312,"ОБЩЕСТВО С ОГРАНИЧЕННОЙ ОТВЕТСТВЕННОСТЬЮ ""ЭНЕРГОСТАНДАРТ"""
2021,122639.0,3627.0,,3627.0,0323365312,"ОБЩЕСТВО С ОГРАНИЧЕННОЙ ОТВЕТСТВЕННОСТЬЮ ""ЭНЕРГОСТАНДАРТ"""
2025,192637.0,5554.0,0.0,5554.0,3255056301,"ОБЩЕСТВО С ОГРАНИЧЕННОЙ ОТВЕТСТВЕННОСТЬЮ ""АВАНГАРДСТРОЙПРОЕКТ"""
2024,264614.0,9050.0,0.0,9050.0,3255056301,"ОБЩЕСТВО С ОГРАНИЧЕННОЙ ОТВЕТСТВЕННОСТЬЮ ""АВАНГАРДСТРОЙПРОЕКТ"""
2023,56949.0,296.0,0.0,296.0,3255056301,"ОБЩЕСТВО С ОГРАНИЧЕННОЙ ОТВЕТСТВЕННОСТЬЮ ""АВАНГАРДСТРОЙПРОЕКТ"""
2022,32399.0,340.0,1788.0,2128.0,3255056301,"ОБЩЕСТВО С ОГРАНИЧЕННОЙ ОТВЕТСТВЕННОСТЬЮ ""АВАНГАРДСТРОЙПРОЕКТ"""
2021,86485.0,287.0,3028.0,3315.0,3255056301,"ОБЩЕСТВО С ОГРАНИЧЕННОЙ ОТВЕТСТВЕННОСТЬЮ ""АВАНГАРДСТРОЙПРОЕКТ"""
2025,149966.0,46532.0,,46532.0,9715224421,"ОБЩЕСТВО С ОГРАНИЧЕННОЙ ОТВЕТСТВЕННОСТЬЮ ""ВОДЦЕНТРСТРОЙ"""
2024,142451.0,34679.0,,34679.0,9715224421,"ОБЩЕСТВО С ОГРАНИЧЕННОЙ ОТВЕТСТВЕННОСТЬЮ ""ВОДЦЕНТРСТРОЙ"""
2023,128535.0,46200.0,,46200.0,9715224421,"ОБЩЕСТВО С ОГРАНИЧЕННОЙ ОТВЕТСТВЕННОСТЬЮ ""ВОДЦЕНТРСТРОЙ"""
2025,95468.0,14380.0,0.0,14380.0,6230085539,"ОБЩЕСТВО С ОГРАНИЧЕННОЙ ОТВЕТСТВЕННОСТЬЮ ""АР СТРОЙ"""
2024,109979.0,3010.0,,3010.0,6230085539,"ОБЩЕСТВО С ОГРАНИЧЕННОЙ ОТВЕТСТВЕННОСТЬЮ ""АР СТРОЙ"""
2023,71553.0,1112.0,0.0,1112.0,6230085539,"ОБЩЕСТВО С ОГРАНИЧЕННОЙ ОТВЕТСТВЕННОСТЬЮ ""АР СТРОЙ"""
2022,55510.0,509.0,234.0,743.0,6230085539,"ОБЩЕСТВО С ОГРАНИЧЕННОЙ ОТВЕТСТВЕННОСТЬЮ ""АР СТРОЙ"""
2021,45453.0,302.0,90.0,392.0,6230085539,"ОБЩЕСТВО С ОГРАНИЧЕННОЙ ОТВЕТСТВЕННОСТЬЮ ""АР СТРОЙ"""
2025,5318.0,-22.0,,-22.0,8911014549,"ОБЩЕСТВО С ОГРАНИЧЕННОЙ ОТВЕТСТВЕННОСТЬЮ ""КОМПЛЕКС-2"""
2024,0.0,0.0,,0.0,8911014549,"ОБЩЕСТВО С ОГРАНИЧЕННОЙ ОТВЕТСТВЕННОСТЬЮ ""КОМПЛЕКС-2"""
2021,654765.0,589.0,,589.0,8911014549,"ОБЩЕСТВО С ОГРАНИЧЕННОЙ ОТВЕТСТВЕННОСТЬЮ ""КОМПЛЕКС-2"""
2022,180569.0,-13.0,,-13.0,8911014549,"ОБЩЕСТВО С ОГРАНИЧЕННОЙ ОТВЕТСТВЕННОСТЬЮ ""КОМПЛЕКС-2"""
2025,407007.0,4080.0,3928.0,8008.0,7448149574,"ОБЩЕСТВО С ОГРАНИЧЕННОЙ ОТВЕТСТВЕННОСТЬЮ ""АЛЫЕ ПАРУСА"""
2024,178761.0,2153.0,2156.0,4309.0,7448149574,"ОБЩЕСТВО С ОГРАНИЧЕННОЙ ОТВЕТСТВЕННОСТЬЮ ""АЛЫЕ ПАРУСА"""
2023,319108.0,18563.0,1724.0,20287.0,7448149574,"ОБЩЕСТВО С ОГРАНИЧЕННОЙ ОТВЕТСТВЕННОСТЬЮ ""АЛЫЕ ПАРУСА"""
2022,377599.0,18128.0,1387.0,19515.0,7448149574,"ОБЩЕСТВО С ОГРАНИЧЕННОЙ ОТВЕТСТВЕННОСТЬЮ ""АЛЫЕ ПАРУСА"""
2021,400860.0,16604.0,1048.0,17652.0,7448149574,"ОБЩЕСТВО С ОГРАНИЧЕННОЙ ОТВЕТСТВЕННОСТЬЮ ""АЛЫЕ ПАРУСА"""
2025,274171.0,23710.0,0.0,23710.0,3702005132,"ОБЩЕСТВО С ОГРАНИЧЕННОЙ ОТВЕТСТВЕННОСТЬЮ ""САНТЭЛС"""
2024,370999.0,50214.0,,50214.0,3702005132,"ОБЩЕСТВО С ОГРАНИЧЕННОЙ ОТВЕТСТВЕННОСТЬЮ ""САНТЭЛС"""
2023,807537.0,97227.0,,97227.0,3702005132,"ОБЩЕСТВО С ОГРАНИЧЕННОЙ ОТВЕТСТВЕННОСТЬЮ ""САНТЭЛС"""
2022,421311.0,33764.0,,33764.0,3702005132,"ОБЩЕСТВО С ОГРАНИЧЕННОЙ ОТВЕТСТВЕННОСТЬЮ ""САНТЭЛС"""
2021,264599.0,12968.0,,12968.0,3702005132,"ОБЩЕСТВО С ОГРАНИЧЕННОЙ ОТВЕТСТВЕННОСТЬЮ ""САНТЭЛС"""
2025,3567.0,545.0,,545.0,3115013026,"ОБЩЕСТВО С ОГРАНИЧЕННОЙ ОТВЕТСТВЕННОСТЬЮ ""БЕЛПРОФМОНОЛИТ"""
2024,1090.0,0.0,,0.0,3115013026,"ОБЩЕСТВО С ОГРАНИЧЕННОЙ ОТВЕТСТВЕННОСТЬЮ ""БЕЛПРОФМОНОЛИТ"""
2023,66164.0,590.0,,590.0,3115013026,"ОБЩЕСТВО С ОГРАНИЧЕННОЙ ОТВЕТСТВЕННОСТЬЮ ""БЕЛПРОФМОНОЛИТ"""
2022,89488.0,-117.0,,-117.0,3115013026,"ОБЩЕСТВО С ОГРАНИЧЕННОЙ ОТВЕТСТВЕННОСТЬЮ ""БЕЛПРОФМОНОЛИТ"""
2021,19058.0,-282.0,,-282.0,3115013026,"ОБЩЕСТВО С ОГРАНИЧЕННОЙ ОТВЕТСТВЕННОСТЬЮ ""БЕЛПРОФМОНОЛИТ"""
2024,42105.0,503.0,,503.0,7802923849,"ОБЩЕСТВО С ОГРАНИЧЕННОЙ ОТВЕТСТВЕННОСТЬЮ ""ГЕФЕСТ"""
2023,283025.0,5793.0,,5793.0,7802923849,"ОБЩЕСТВО С ОГРАНИЧЕННОЙ ОТВЕТСТВЕННОСТЬЮ ""ГЕФЕСТ"""
2022,164490.0,7080.0,,7080.0,7802923849,"ОБЩЕСТВО С ОГРАНИЧЕННОЙ ОТВЕТСТВЕННОСТЬЮ ""ГЕФЕСТ"""
2025,373949.0,-227953.0,146.0,-227807.0,6449024784,"ОБЩЕСТВО С ОГРАНИЧЕННОЙ ОТВЕТСТВЕННОСТЬЮ ""ИНТЕХГАЗ"""
2024,405209.0,3200.0,0.0,3200.0,6449024784,"ОБЩЕСТВО С ОГРАНИЧЕННОЙ ОТВЕТСТВЕННОСТЬЮ ""ИНТЕХГАЗ"""
2023,651369.0,14873.0,19.0,14892.0,6449024784,"ОБЩЕСТВО С ОГРАНИЧЕННОЙ ОТВЕТСТВЕННОСТЬЮ ""ИНТЕХГАЗ"""
2022,689081.0,7970.0,238.0,8208.0,6449024784,"ОБЩЕСТВО С ОГРАНИЧЕННОЙ ОТВЕТСТВЕННОСТЬЮ ""ИНТЕХГАЗ"""
2021,360712.0,1127.0,447.0,1574.0,6449024784,"ОБЩЕСТВО С ОГРАНИЧЕННОЙ ОТВЕТСТВЕННОСТЬЮ ""ИНТЕХГАЗ"""
2025,1354024.0,-75164.0,116.0,-75048.0,2311170457,"ОБЩЕСТВО С ОГРАНИЧЕННОЙ ОТВЕТСТВЕННОСТЬЮ ""ФОРВАРД-СТРОЙ"""
2024,1532191.0,3542.0,10155.0,13697.0,2311170457,"ОБЩЕСТВО С ОГРАНИЧЕННОЙ ОТВЕТСТВЕННОСТЬЮ ""ФОРВАРД-СТРОЙ"""
2023,1416887.0,-122623.0,19977.0,-102646.0,2311170457,"ОБЩЕСТВО С ОГРАНИЧЕННОЙ ОТВЕТСТВЕННОСТЬЮ ""ФОРВАРД-СТРОЙ"""
2022,1371723.0,38342.0,11083.0,49425.0,2311170457,"ОБЩЕСТВО С ОГРАНИЧЕННОЙ ОТВЕТСТВЕННОСТЬЮ ""ФОРВАРД-СТРОЙ"""
2021,376491.0,43.0,68975.0,69018.0,2311170457,"ОБЩЕСТВО С ОГРАНИЧЕННОЙ ОТВЕТСТВЕННОСТЬЮ ""ФОРВАРД-СТРОЙ"""
2025,574674.0,42783.0,7237.0,50020.0,7805728187,"ОБЩЕСТВО С ОГРАНИЧЕННОЙ ОТВЕТСТВЕННОСТЬЮ ""БАЛТ ЮНИОН"""
2024,624687.0,38040.0,11311.0,49351.0,7805728187,"ОБЩЕСТВО С ОГРАНИЧЕННОЙ ОТВЕТСТВЕННОСТЬЮ ""БАЛТ ЮНИОН"""
2023,375301.0,17660.0,4819.0,22479.0,7805728187,"ОБЩЕСТВО С ОГРАНИЧЕННОЙ ОТВЕТСТВЕННОСТЬЮ ""БАЛТ ЮНИОН"""
2022,183594.0,5117.0,2492.0,7609.0,7805728187,"ОБЩЕСТВО С ОГРАНИЧЕННОЙ ОТВЕТСТВЕННОСТЬЮ ""БАЛТ ЮНИОН"""
2021,156382.0,6893.0,1823.0,8716.0,7805728187,"ОБЩЕСТВО С ОГРАНИЧЕННОЙ ОТВЕТСТВЕННОСТЬЮ ""БАЛТ ЮНИОН"""
2025,391524.0,142.0,,142.0,4727001318,"ОБЩЕСТВО С ОГРАНИЧЕННОЙ ОТВЕТСТВЕННОСТЬЮ ""СК СТРОЙ ДОМ"""
2024,334381.0,34089.0,,34089.0,4727001318,"ОБЩЕСТВО С ОГРАНИЧЕННОЙ ОТВЕТСТВЕННОСТЬЮ ""СК СТРОЙ ДОМ"""
2023,346589.0,6813.0,,6813.0,4727001318,"ОБЩЕСТВО С ОГРАНИЧЕННОЙ ОТВЕТСТВЕННОСТЬЮ ""СК СТРОЙ ДОМ"""
2022,185052.0,781.0,,781.0,4727001318,"ОБЩЕСТВО С ОГРАНИЧЕННОЙ ОТВЕТСТВЕННОСТЬЮ ""СК СТРОЙ ДОМ"""
2021,203838.0,-2624.0,,-2624.0,4727001318,"ОБЩЕСТВО С ОГРАНИЧЕННОЙ ОТВЕТСТВЕННОСТЬЮ ""СК СТРОЙ ДОМ"""
2025,14942.0,6227.0,,6227.0,4632089120,"ОБЩЕСТВО С ОГРАНИЧЕННОЙ ОТВЕТСТВЕННОСТЬЮ ""СТАЛЬНЫЕ КОНСТРУКЦИИ"""
2024,19002.0,11770.0,,11770.0,4632089120,"ОБЩЕСТВО С ОГРАНИЧЕННОЙ ОТВЕТСТВЕННОСТЬЮ ""СТАЛЬНЫЕ КОНСТРУКЦИИ"""
2023,13499.0,6354.0,,6354.0,4632089120,"ОБЩЕСТВО С ОГРАНИЧЕННОЙ ОТВЕТСТВЕННОСТЬЮ ""СТАЛЬНЫЕ КОНСТРУКЦИИ"""
2022,3339.0,-3320.0,,-3320.0,4632089120,"ОБЩЕСТВО С ОГРАНИЧЕННОЙ ОТВЕТСТВЕННОСТЬЮ ""СТАЛЬНЫЕ КОНСТРУКЦИИ"""
2021,6204.0,1586.0,,1586.0,4632089120,"ОБЩЕСТВО С ОГРАНИЧЕННОЙ ОТВЕТСТВЕННОСТЬЮ ""СТАЛЬНЫЕ КОНСТРУКЦИИ"""
2023,,,,,7716928949,"ОБЩЕСТВО С ОГРАНИЧЕННОЙ ОТВЕТСТВЕННОСТЬЮ ""СТРОЙТЕК"""
2021,531600.0,260.0,54666.0,54926.0,7716928949,"ОБЩЕСТВО С ОГРАНИЧЕННОЙ ОТВЕТСТВЕННОСТЬЮ ""СТРОЙТЕК"""
2025,508067.0,2883.0,,2883.0,9718149645,"ОБЩЕСТВО С ОГРАНИЧЕННОЙ ОТВЕТСТВЕННОСТЬЮ ""АРС"""
2024,693992.0,11474.0,,11474.0,9718149645,"ОБЩЕСТВО С ОГРАНИЧЕННОЙ ОТВЕТСТВЕННОСТЬЮ ""АРС"""
2023,526043.0,1303.0,0.0,1303.0,9718149645,"ОБЩЕСТВО С ОГРАНИЧЕННОЙ ОТВЕТСТВЕННОСТЬЮ ""АРС"""
2022,520275.0,27304.0,248.0,27552.0,9718149645,"ОБЩЕСТВО С ОГРАНИЧЕННОЙ ОТВЕТСТВЕННОСТЬЮ ""АРС"""
2021,526220.0,5094.0,94.0,5188.0,9718149645,"ОБЩЕСТВО С ОГРАНИЧЕННОЙ ОТВЕТСТВЕННОСТЬЮ ""АРС"""
2025,53395.0,12.0,,12.0,4704049916,"ОБЩЕСТВО С ОГРАНИЧЕННОЙ ОТВЕТСТВЕННОСТЬЮ ""АНТИКОР-МОНТАЖ"""
2024,63966.0,369.0,,369.0,4704049916,"ОБЩЕСТВО С ОГРАНИЧЕННОЙ ОТВЕТСТВЕННОСТЬЮ ""АНТИКОР-МОНТАЖ"""
2023,79363.0,5308.0,,5308.0,4704049916,"ОБЩЕСТВО С ОГРАНИЧЕННОЙ ОТВЕТСТВЕННОСТЬЮ ""АНТИКОР-МОНТАЖ"""
2022,88671.0,16291.0,,16291.0,4704049916,"ОБЩЕСТВО С ОГРАНИЧЕННОЙ ОТВЕТСТВЕННОСТЬЮ ""АНТИКОР-МОНТАЖ"""
2021,125806.0,19952.0,,19952.0,4704049916,"ОБЩЕСТВО С ОГРАНИЧЕННОЙ ОТВЕТСТВЕННОСТЬЮ ""АНТИКОР-МОНТАЖ"""
2025,38952.0,-10114.0,,-10114.0,6686061767,"ОБЩЕСТВО С ОГРАНИЧЕННОЙ ОТВЕТСТВЕННОСТЬЮ ""СТРОИТЕЛЬНОЕ УПРАВЛЕНИЕ-37"""
2024,137913.0,32668.0,,32668.0,6686061767,"ОБЩЕСТВО С ОГРАНИЧЕННОЙ ОТВЕТСТВЕННОСТЬЮ ""СТРОИТЕЛЬНОЕ УПРАВЛЕНИЕ-37"""
2023,170383.0,11936.0,,11936.0,6686061767,"ОБЩЕСТВО С ОГРАНИЧЕННОЙ ОТВЕТСТВЕННОСТЬЮ ""СТРОИТЕЛЬНОЕ УПРАВЛЕНИЕ-37"""
2022,98733.0,28474.0,0.0,28474.0,6686061767,"ОБЩЕСТВО С ОГРАНИЧЕННОЙ ОТВЕТСТВЕННОСТЬЮ ""СТРОИТЕЛЬНОЕ УПРАВЛЕНИЕ-37"""
2021,128413.0,3316.0,8.0,3324.0,6686061767,"ОБЩЕСТВО С ОГРАНИЧЕННОЙ ОТВЕТСТВЕННОСТЬЮ ""СТРОИТЕЛЬНОЕ УПРАВЛЕНИЕ-37"""
2025,118578.0,34640.0,196.0,34836.0,2724219464,"ОБЩЕСТВО С ОГРАНИЧЕННОЙ ОТВЕТСТВЕННОСТЬЮ ""РЕМСТРОЙМОНТАЖ"""
2024,94361.0,11635.0,,11635.0,2724219464,"ОБЩЕСТВО С ОГРАНИЧЕННОЙ ОТВЕТСТВЕННОСТЬЮ ""РЕМСТРОЙМОНТАЖ"""
2023,164105.0,155669.0,,155669.0,2724219464,"ОБЩЕСТВО С ОГРАНИЧЕННОЙ ОТВЕТСТВЕННОСТЬЮ ""РЕМСТРОЙМОНТАЖ"""
2022,56937.0,19392.0,,19392.0,2724219464,"ОБЩЕСТВО С ОГРАНИЧЕННОЙ ОТВЕТСТВЕННОСТЬЮ ""РЕМСТРОЙМОНТАЖ"""
2021,185662.0,31512.0,,31512.0,2724219464,"ОБЩЕСТВО С ОГРАНИЧЕННОЙ ОТВЕТСТВЕННОСТЬЮ ""РЕМСТРОЙМОНТАЖ"""
2025,173478.0,61684.0,0.0,61684.0,1402012110,"ОБЩЕСТВО С ОГРАНИЧЕННОЙ ОТВЕТСТВЕННОСТЬЮ ""СВХМ"""
2024,50532.0,6263.0,0.0,6263.0,1402012110,"ОБЩЕСТВО С ОГРАНИЧЕННОЙ ОТВЕТСТВЕННОСТЬЮ ""СВХМ"""
2023,84798.0,-5634.0,0.0,-5634.0,1402012110,"ОБЩЕСТВО С ОГРАНИЧЕННОЙ ОТВЕТСТВЕННОСТЬЮ ""СВХМ"""
2022,112072.0,21883.0,0.0,21883.0,1402012110,"ОБЩЕСТВО С ОГРАНИЧЕННОЙ ОТВЕТСТВЕННОСТЬЮ ""СВХМ"""
2021,56444.0,-35668.0,0.0,-35668.0,1402012110,"ОБЩЕСТВО С ОГРАНИЧЕННОЙ ОТВЕТСТВЕННОСТЬЮ ""СВХМ"""
2025,155171.0,113.0,0.0,113.0,0272019022,"ОБЩЕСТВО С ОГРАНИЧЕННОЙ ОТВЕТСТВЕННОСТЬЮ ""СТРОЙКОМПЛЕКС"""
2024,106665.0,530.0,42.0,572.0,0272019022,"ОБЩЕСТВО С ОГРАНИЧЕННОЙ ОТВЕТСТВЕННОСТЬЮ ""СТРОЙКОМПЛЕКС"""
2023,189202.0,2965.0,271.0,3236.0,0272019022,"ОБЩЕСТВО С ОГРАНИЧЕННОЙ ОТВЕТСТВЕННОСТЬЮ ""СТРОЙКОМПЛЕКС"""
2022,157232.0,565.0,,565.0,0272019022,"ОБЩЕСТВО С ОГРАНИЧЕННОЙ ОТВЕТСТВЕННОСТЬЮ ""СТРОЙКОМПЛЕКС"""
2021,216380.0,2502.0,,2502.0,0272019022,"ОБЩЕСТВО С ОГРАНИЧЕННОЙ ОТВЕТСТВЕННОСТЬЮ ""СТРОЙКОМПЛЕКС"""
2025,757391.0,3093.0,,3093.0,9724042876,"ОБЩЕСТВО С ОГРАНИЧЕННОЙ ОТВЕТСТВЕННОСТЬЮ ""ОКТ-2"""
2024,60695.0,14484.0,,14484.0,9724042876,"ОБЩЕСТВО С ОГРАНИЧЕННОЙ ОТВЕТСТВЕННОСТЬЮ ""ОКТ-2"""
2023,56427.0,3899.0,,3899.0,9724042876,"ОБЩЕСТВО С ОГРАНИЧЕННОЙ ОТВЕТСТВЕННОСТЬЮ ""ОКТ-2"""
2022,83599.0,7192.0,,7192.0,9724042876,"ОБЩЕСТВО С ОГРАНИЧЕННОЙ ОТВЕТСТВЕННОСТЬЮ ""ОКТ-2"""
2021,65237.0,11711.0,,11711.0,9724042876,"ОБЩЕСТВО С ОГРАНИЧЕННОЙ ОТВЕТСТВЕННОСТЬЮ ""ОКТ-2"""
2025,169478.0,261.0,313.0,574.0,7114023170,"ОБЩЕСТВО С ОГРАНИЧЕННОЙ ОТВЕТСТВЕННОСТЬЮ ""ФСИН-СЕРВИС"""
2024,404670.0,5153.0,,5153.0,7114023170,"ОБЩЕСТВО С ОГРАНИЧЕННОЙ ОТВЕТСТВЕННОСТЬЮ ""ФСИН-СЕРВИС"""
2023,687551.0,14349.0,,14349.0,7114023170,"ОБЩЕСТВО С ОГРАНИЧЕННОЙ ОТВЕТСТВЕННОСТЬЮ ""ФСИН-СЕРВИС"""
2022,369056.0,7167.0,0.0,7167.0,7114023170,"ОБЩЕСТВО С ОГРАНИЧЕННОЙ ОТВЕТСТВЕННОСТЬЮ ""ФСИН-СЕРВИС"""
2021,250421.0,9423.0,8128.0,17551.0,7114023170,"ОБЩЕСТВО С ОГРАНИЧЕННОЙ ОТВЕТСТВЕННОСТЬЮ ""ФСИН-СЕРВИС"""
2025,696889.0,668.0,8583.0,9251.0,7701704135,"ОБЩЕСТВО С ОГРАНИЧЕННОЙ ОТВЕТСТВЕННОСТЬЮ ""ИНВЕСТСТРОЙ"""
2024,582134.0,1516.0,1307.0,2823.0,7701704135,"ОБЩЕСТВО С ОГРАНИЧЕННОЙ ОТВЕТСТВЕННОСТЬЮ ""ИНВЕСТСТРОЙ"""
2023,405214.0,5846.0,8892.0,14738.0,7701704135,"ОБЩЕСТВО С ОГРАНИЧЕННОЙ ОТВЕТСТВЕННОСТЬЮ ""ИНВЕСТСТРОЙ"""
2022,93189.0,297.0,2984.0,3281.0,7701704135,"ОБЩЕСТВО С ОГРАНИЧЕННОЙ ОТВЕТСТВЕННОСТЬЮ ""ИНВЕСТСТРОЙ"""
2021,193966.0,4054.0,3686.0,7740.0,7701704135,"ОБЩЕСТВО С ОГРАНИЧЕННОЙ ОТВЕТСТВЕННОСТЬЮ ""ИНВЕСТСТРОЙ"""
2023,0.0,0.0,0.0,0.0,3123151580,"ОБЩЕСТВО С ОГРАНИЧЕННОЙ ОТВЕТСТВЕННОСТЬЮ ""БЕЛГОРОДСТРОЙЗАКАЗЧИК-ПЛЮС"""
2022,527893.0,3137.0,1.0,3138.0,3123151580,"ОБЩЕСТВО С ОГРАНИЧЕННОЙ ОТВЕТСТВЕННОСТЬЮ ""БЕЛГОРОДСТРОЙЗАКАЗЧИК-ПЛЮС"""
2021,270222.0,1691.0,34.0,1725.0,3123151580,"ОБЩЕСТВО С ОГРАНИЧЕННОЙ ОТВЕТСТВЕННОСТЬЮ ""БЕЛГОРОДСТРОЙЗАКАЗЧИК-ПЛЮС"""
2025,187166.0,17383.0,0.0,17383.0,3460060237,"ОБЩЕСТВО С ОГРАНИЧЕННОЙ ОТВЕТСТВЕННОСТЬЮ ""РУСИНВЕСТ"""
2024,229948.0,39318.0,,39318.0,3460060237,"ОБЩЕСТВО С ОГРАНИЧЕННОЙ ОТВЕТСТВЕННОСТЬЮ ""РУСИНВЕСТ"""
2023,230914.0,21926.0,,21926.0,3460060237,"ОБЩЕСТВО С ОГРАНИЧЕННОЙ ОТВЕТСТВЕННОСТЬЮ ""РУСИНВЕСТ"""
2022,62805.0,10548.0,,10548.0,3460060237,"ОБЩЕСТВО С ОГРАНИЧЕННОЙ ОТВЕТСТВЕННОСТЬЮ ""РУСИНВЕСТ"""
2021,36306.0,-9075.0,0.0,-9075.0,3460060237,"ОБЩЕСТВО С ОГРАНИЧЕННОЙ ОТВЕТСТВЕННОСТЬЮ ""РУСИНВЕСТ"""
2025,137895.0,-2882.0,,-2882.0,6230064401,"ОБЩЕСТВО С ОГРАНИЧЕННОЙ ОТВЕТСТВЕННОСТЬЮ ""ЕВРОСТРОЙ"""
2024,386434.0,2158.0,,2158.0,6230064401,"ОБЩЕСТВО С ОГРАНИЧЕННОЙ ОТВЕТСТВЕННОСТЬЮ ""ЕВРОСТРОЙ"""
2023,265258.0,1765.0,,1765.0,6230064401,"ОБЩЕСТВО С ОГРАНИЧЕННОЙ ОТВЕТСТВЕННОСТЬЮ ""ЕВРОСТРОЙ"""
2022,240802.0,27224.0,,27224.0,6230064401,"ОБЩЕСТВО С ОГРАНИЧЕННОЙ ОТВЕТСТВЕННОСТЬЮ ""ЕВРОСТРОЙ"""
2021,198375.0,5218.0,,5218.0,6230064401,"ОБЩЕСТВО С ОГРАНИЧЕННОЙ ОТВЕТСТВЕННОСТЬЮ ""ЕВРОСТРОЙ"""
2025,,833103.0,4137.0,837240.0,6658217878,"ОБЩЕСТВО С ОГРАНИЧЕННОЙ ОТВЕТСТВЕННОСТЬЮ ""ВОЗРОЖДЕНИЕ ЕКАТЕРИНБУРГА"""
2024,,34309.0,2660.0,36969.0,6658217878,"ОБЩЕСТВО С ОГРАНИЧЕННОЙ ОТВЕТСТВЕННОСТЬЮ ""ВОЗРОЖДЕНИЕ ЕКАТЕРИНБУРГА"""
2023,0.0,321414.0,,321414.0,6658217878,"ОБЩЕСТВО С ОГРАНИЧЕННОЙ ОТВЕТСТВЕННОСТЬЮ ""ВОЗРОЖДЕНИЕ ЕКАТЕРИНБУРГА"""
2021,,28080.0,0.0,28080.0,6658217878,"ОБЩЕСТВО С ОГРАНИЧЕННОЙ ОТВЕТСТВЕННОСТЬЮ ""ВОЗРОЖДЕНИЕ ЕКАТЕРИНБУРГА"""
2022,44.0,29748.0,0.0,29748.0,6658217878,"ОБЩЕСТВО С ОГРАНИЧЕННОЙ ОТВЕТСТВЕННОСТЬЮ ""ВОЗРОЖДЕНИЕ ЕКАТЕРИНБУРГА"""
2025,102958.0,4093.0,4.0,4097.0,7606056854,"ОБЩЕСТВО С ОГРАНИЧЕННОЙ ОТВЕТСТВЕННОСТЬЮ ""ЯРГАЗСТРОЙ"""
2024,78739.0,1383.0,69.0,1452.0,7606056854,"ОБЩЕСТВО С ОГРАНИЧЕННОЙ ОТВЕТСТВЕННОСТЬЮ ""ЯРГАЗСТРОЙ"""
2023,72930.0,270.0,0.0,270.0,7606056854,"ОБЩЕСТВО С ОГРАНИЧЕННОЙ ОТВЕТСТВЕННОСТЬЮ ""ЯРГАЗСТРОЙ"""
2022,40533.0,18.0,127.0,145.0,7606056854,"ОБЩЕСТВО С ОГРАНИЧЕННОЙ ОТВЕТСТВЕННОСТЬЮ ""ЯРГАЗСТРОЙ"""
2021,70966.0,74.0,23.0,97.0,7606056854,"ОБЩЕСТВО С ОГРАНИЧЕННОЙ ОТВЕТСТВЕННОСТЬЮ ""ЯРГАЗСТРОЙ"""
2025,506293.0,51870.0,36943.0,88813.0,4217148761,"ОБЩЕСТВО С ОГРАНИЧЕННОЙ ОТВЕТСТВЕННОСТЬЮ ""СПЕЦИАЛИЗИРОВАННЫЙ ЗАСТРОЙЩИК ""СОЮЗ"""
2024,1211679.0,294719.0,44597.0,339316.0,4217148761,"ОБЩЕСТВО С ОГРАНИЧЕННОЙ ОТВЕТСТВЕННОСТЬЮ ""СПЕЦИАЛИЗИРОВАННЫЙ ЗАСТРОЙЩИК ""СОЮЗ"""
2023,951327.0,367017.0,39510.0,406527.0,4217148761,"ОБЩЕСТВО С ОГРАНИЧЕННОЙ ОТВЕТСТВЕННОСТЬЮ ""СПЕЦИАЛИЗИРОВАННЫЙ ЗАСТРОЙЩИК ""СОЮЗ"""
2022,243257.0,31305.0,40490.0,71795.0,4217148761,"ОБЩЕСТВО С ОГРАНИЧЕННОЙ ОТВЕТСТВЕННОСТЬЮ ""СПЕЦИАЛИЗИРОВАННЫЙ ЗАСТРОЙЩИК ""СОЮЗ"""
2021,780446.0,9064.0,30376.0,39440.0,4217148761,"ОБЩЕСТВО С ОГРАНИЧЕННОЙ ОТВЕТСТВЕННОСТЬЮ ""СПЕЦИАЛИЗИРОВАННЫЙ ЗАСТРОЙЩИК ""СОЮЗ"""
2022,398586.0,16.0,,16.0,7801710100,"ОБЩЕСТВО С ОГРАНИЧЕННОЙ ОТВЕТСТВЕННОСТЬЮ ""КИБЕРДЕВ"""
2025,27614.0,-48113.0,40.0,-48073.0,1323124911,"ОБЩЕСТВО С ОГРАНИЧЕННОЙ ОТВЕТСТВЕННОСТЬЮ ""УНИВЕРСАМ"""
2024,64960.0,1453.0,5.0,1458.0,1323124911,"ОБЩЕСТВО С ОГРАНИЧЕННОЙ ОТВЕТСТВЕННОСТЬЮ ""УНИВЕРСАМ"""
2023,190369.0,12679.0,,12679.0,1323124911,"ОБЩЕСТВО С ОГРАНИЧЕННОЙ ОТВЕТСТВЕННОСТЬЮ ""УНИВЕРСАМ"""
2022,107898.0,5799.0,,5799.0,1323124911,"ОБЩЕСТВО С ОГРАНИЧЕННОЙ ОТВЕТСТВЕННОСТЬЮ ""УНИВЕРСАМ"""
2021,193181.0,21750.0,,21750.0,1323124911,"ОБЩЕСТВО С ОГРАНИЧЕННОЙ ОТВЕТСТВЕННОСТЬЮ ""УНИВЕРСАМ"""
2025,42846.0,445.0,1073.0,1518.0,7713749892,"ОБЩЕСТВО С ОГРАНИЧЕННОЙ ОТВЕТСТВЕННОСТЬЮ ""ПСК ИНЖКОМ"""
2024,183347.0,2822.0,390.0,3212.0,7713749892,"ОБЩЕСТВО С ОГРАНИЧЕННОЙ ОТВЕТСТВЕННОСТЬЮ ""ПСК ИНЖКОМ"""
2023,173057.0,5856.0,,5856.0,7713749892,"ОБЩЕСТВО С ОГРАНИЧЕННОЙ ОТВЕТСТВЕННОСТЬЮ ""ПСК ИНЖКОМ"""
2022,127980.0,3658.0,,3658.0,7713749892,"ОБЩЕСТВО С ОГРАНИЧЕННОЙ ОТВЕТСТВЕННОСТЬЮ ""ПСК ИНЖКОМ"""
2021,83723.0,2889.0,,2889.0,7713749892,"ОБЩЕСТВО С ОГРАНИЧЕННОЙ ОТВЕТСТВЕННОСТЬЮ ""ПСК ИНЖКОМ"""
2025,,-14014.0,,-14014.0,6319210807,"ОБЩЕСТВО С ОГРАНИЧЕННОЙ ОТВЕТСТВЕННОСТЬЮ ""РЕГИОНСПЕЦСТРОЙ"""
2023,2664.0,-9538.0,-1249.0,-10787.0,6319210807,"ОБЩЕСТВО С ОГРАНИЧЕННОЙ ОТВЕТСТВЕННОСТЬЮ ""РЕГИОНСПЕЦСТРОЙ"""
2022,486713.0,-14221.0,-1001.0,-15222.0,6319210807,"ОБЩЕСТВО С ОГРАНИЧЕННОЙ ОТВЕТСТВЕННОСТЬЮ ""РЕГИОНСПЕЦСТРОЙ"""
2021,506271.0,-60612.0,-1880.0,-62492.0,6319210807,"ОБЩЕСТВО С ОГРАНИЧЕННОЙ ОТВЕТСТВЕННОСТЬЮ ""РЕГИОНСПЕЦСТРОЙ"""
2025,64319.0,4674.0,0.0,4674.0,4619004209,"ОБЩЕСТВО С ОГРАНИЧЕННОЙ ОТВЕТСТВЕННОСТЬЮ ""УНИВЕРСАЛСТРОЙСЕРВИС"""
2024,49830.0,4334.0,0.0,4334.0,4619004209,"ОБЩЕСТВО С ОГРАНИЧЕННОЙ ОТВЕТСТВЕННОСТЬЮ ""УНИВЕРСАЛСТРОЙСЕРВИС"""
2023,39395.0,1947.0,0.0,1947.0,4619004209,"ОБЩЕСТВО С ОГРАНИЧЕННОЙ ОТВЕТСТВЕННОСТЬЮ ""УНИВЕРСАЛСТРОЙСЕРВИС"""
2022,70456.0,4933.0,0.0,4933.0,4619004209,"ОБЩЕСТВО С ОГРАНИЧЕННОЙ ОТВЕТСТВЕННОСТЬЮ ""УНИВЕРСАЛСТРОЙСЕРВИС"""
2021,66735.0,543.0,,543.0,4619004209,"ОБЩЕСТВО С ОГРАНИЧЕННОЙ ОТВЕТСТВЕННОСТЬЮ ""УНИВЕРСАЛСТРОЙСЕРВИС"""
2025,133533.0,12122.0,,12122.0,3528072584,"ОБЩЕСТВО С ОГРАНИЧЕННОЙ ОТВЕТСТВЕННОСТЬЮ ""ВЕРТИКАЛЬ-С"""
2024,114458.0,2044.0,,2044.0,3528072584,"ОБЩЕСТВО С ОГРАНИЧЕННОЙ ОТВЕТСТВЕННОСТЬЮ ""ВЕРТИКАЛЬ-С"""
2023,112390.0,9017.0,,9017.0,3528072584,"ОБЩЕСТВО С ОГРАНИЧЕННОЙ ОТВЕТСТВЕННОСТЬЮ ""ВЕРТИКАЛЬ-С"""
2022,68284.0,3134.0,,3134.0,3528072584,"ОБЩЕСТВО С ОГРАНИЧЕННОЙ ОТВЕТСТВЕННОСТЬЮ ""ВЕРТИКАЛЬ-С"""
2021,57693.0,5682.0,,5682.0,3528072584,"ОБЩЕСТВО С ОГРАНИЧЕННОЙ ОТВЕТСТВЕННОСТЬЮ ""ВЕРТИКАЛЬ-С"""
2025,64570.0,3619.0,,3619.0,6011003886,"ОБЩЕСТВО С ОГРАНИЧЕННОЙ ОТВЕТСТВЕННОСТЬЮ ""РЕМОНТНО-ЭКСПЛУАТАЦИОННЫЙ УЧАСТОК НОВОСОКОЛЬНИКИ"""
2024,40593.0,-5533.0,,-5533.0,6011003886,"ОБЩЕСТВО С ОГРАНИЧЕННОЙ ОТВЕТСТВЕННОСТЬЮ ""РЕМОНТНО-ЭКСПЛУАТАЦИОННЫЙ УЧАСТОК НОВОСОКОЛЬНИКИ"""
2023,37496.0,1777.0,,1777.0,6011003886,"ОБЩЕСТВО С ОГРАНИЧЕННОЙ ОТВЕТСТВЕННОСТЬЮ ""РЕМОНТНО-ЭКСПЛУАТАЦИОННЫЙ УЧАСТОК НОВОСОКОЛЬНИКИ"""
2022,31402.0,-240.0,,-240.0,6011003886,"ОБЩЕСТВО С ОГРАНИЧЕННОЙ ОТВЕТСТВЕННОСТЬЮ ""РЕМОНТНО-ЭКСПЛУАТАЦИОННЫЙ УЧАСТОК НОВОСОКОЛЬНИКИ"""
2021,32260.0,-575.0,,-575.0,6011003886,"ОБЩЕСТВО С ОГРАНИЧЕННОЙ ОТВЕТСТВЕННОСТЬЮ ""РЕМОНТНО-ЭКСПЛУАТАЦИОННЫЙ УЧАСТОК НОВОСОКОЛЬНИКИ"""
2025,236360.0,2556.0,2.0,2558.0,3702615138,"ОБЩЕСТВО С ОГРАНИЧЕННОЙ ОТВЕТСТВЕННОСТЬЮ ""ИНЖЕНЕРНЫЕ СЕТИ"""
2024,250697.0,7575.0,,7575.0,3702615138,"ОБЩЕСТВО С ОГРАНИЧЕННОЙ ОТВЕТСТВЕННОСТЬЮ ""ИНЖЕНЕРНЫЕ СЕТИ"""
2023,133614.0,7086.0,0.0,7086.0,3702615138,"ОБЩЕСТВО С ОГРАНИЧЕННОЙ ОТВЕТСТВЕННОСТЬЮ ""ИНЖЕНЕРНЫЕ СЕТИ"""
2022,31879.0,91.0,249.0,340.0,3702615138,"ОБЩЕСТВО С ОГРАНИЧЕННОЙ ОТВЕТСТВЕННОСТЬЮ ""ИНЖЕНЕРНЫЕ СЕТИ"""
2021,105973.0,932.0,50.0,982.0,3702615138,"ОБЩЕСТВО С ОГРАНИЧЕННОЙ ОТВЕТСТВЕННОСТЬЮ ""ИНЖЕНЕРНЫЕ СЕТИ"""
2025,132701.0,9944.0,,9944.0,2336018535,"ОБЩЕСТВО С ОГРАНИЧЕННОЙ ОТВЕТСТВЕННОСТЬЮ ""КУБАНЬЭЛЕВАТОРСПЕЦМОНТАЖ"""
2024,38954.0,9900.0,,9900.0,2336018535,"ОБЩЕСТВО С ОГРАНИЧЕННОЙ ОТВЕТСТВЕННОСТЬЮ ""КУБАНЬЭЛЕВАТОРСПЕЦМОНТАЖ"""
2023,54466.0,9158.0,,9158.0,2336018535,"ОБЩЕСТВО С ОГРАНИЧЕННОЙ ОТВЕТСТВЕННОСТЬЮ ""КУБАНЬЭЛЕВАТОРСПЕЦМОНТАЖ"""
2022,44540.0,11868.0,,11868.0,2336018535,"ОБЩЕСТВО С ОГРАНИЧЕННОЙ ОТВЕТСТВЕННОСТЬЮ ""КУБАНЬЭЛЕВАТОРСПЕЦМОНТАЖ"""
2021,27878.0,3991.0,,3991.0,2336018535,"ОБЩЕСТВО С ОГРАНИЧЕННОЙ ОТВЕТСТВЕННОСТЬЮ ""КУБАНЬЭЛЕВАТОРСПЕЦМОНТАЖ"""
2025,0.0,0.0,0.0,0.0,7743610545,"ОБЩЕСТВО С ОГРАНИЧЕННОЙ ОТВЕТСТВЕННОСТЬЮ ""СЮПРО НТ"""
2024,10125.0,1.0,,1.0,7743610545,"ОБЩЕСТВО С ОГРАНИЧЕННОЙ ОТВЕТСТВЕННОСТЬЮ ""СЮПРО НТ"""
2023,16042.0,66.0,,66.0,7743610545,"ОБЩЕСТВО С ОГРАНИЧЕННОЙ ОТВЕТСТВЕННОСТЬЮ ""СЮПРО НТ"""
2022,123958.0,65.0,,65.0,7743610545,"ОБЩЕСТВО С ОГРАНИЧЕННОЙ ОТВЕТСТВЕННОСТЬЮ ""СЮПРО НТ"""
2021,108196.0,47.0,,47.0,7743610545,"ОБЩЕСТВО С ОГРАНИЧЕННОЙ ОТВЕТСТВЕННОСТЬЮ ""СЮПРО НТ"""
2025,652142.0,21335.0,0.0,21335.0,3808200479,"ОБЩЕСТВО С ОГРАНИЧЕННОЙ ОТВЕТСТВЕННОСТЬЮ ""СПЕЦПРОМСТРОЙ"""
2024,684994.0,10456.0,,10456.0,3808200479,"ОБЩЕСТВО С ОГРАНИЧЕННОЙ ОТВЕТСТВЕННОСТЬЮ ""СПЕЦПРОМСТРОЙ"""
2023,562083.0,9608.0,,9608.0,3808200479,"ОБЩЕСТВО С ОГРАНИЧЕННОЙ ОТВЕТСТВЕННОСТЬЮ ""СПЕЦПРОМСТРОЙ"""
2022,223865.0,-32666.0,,-32666.0,3808200479,"ОБЩЕСТВО С ОГРАНИЧЕННОЙ ОТВЕТСТВЕННОСТЬЮ ""СПЕЦПРОМСТРОЙ"""
2021,612018.0,27520.0,,27520.0,3808200479,"ОБЩЕСТВО С ОГРАНИЧЕННОЙ ОТВЕТСТВЕННОСТЬЮ ""СПЕЦПРОМСТРОЙ"""
2025,546926.0,13992.0,1000.0,14992.0,7453136309,"ОБЩЕСТВО С ОГРАНИЧЕННОЙ ОТВЕТСТВЕННОСТЬЮ СТРОИТЕЛЬНАЯ КОМПАНИЯ ""ГЕОСТРОЙ"""
2024,403457.0,24126.0,5685.0,29811.0,7453136309,"ОБЩЕСТВО С ОГРАНИЧЕННОЙ ОТВЕТСТВЕННОСТЬЮ СТРОИТЕЛЬНАЯ КОМПАНИЯ ""ГЕОСТРОЙ"""
2023,226918.0,4393.0,5463.0,9856.0,7453136309,"ОБЩЕСТВО С ОГРАНИЧЕННОЙ ОТВЕТСТВЕННОСТЬЮ СТРОИТЕЛЬНАЯ КОМПАНИЯ ""ГЕОСТРОЙ"""
2022,153530.0,-10194.0,627.0,-9567.0,7453136309,"ОБЩЕСТВО С ОГРАНИЧЕННОЙ ОТВЕТСТВЕННОСТЬЮ СТРОИТЕЛЬНАЯ КОМПАНИЯ ""ГЕОСТРОЙ"""
2021,604596.0,14.0,5498.0,5512.0,7453136309,"ОБЩЕСТВО С ОГРАНИЧЕННОЙ ОТВЕТСТВЕННОСТЬЮ СТРОИТЕЛЬНАЯ КОМПАНИЯ ""ГЕОСТРОЙ"""
2025,210342.0,-42934.0,0.0,-42934.0,3461012317,"ОБЩЕСТВО С ОГРАНИЧЕННОЙ ОТВЕТСТВЕННОСТЬЮ ""ПРОМЭКС"""
2024,232756.0,-41461.0,,-41461.0,3461012317,"ОБЩЕСТВО С ОГРАНИЧЕННОЙ ОТВЕТСТВЕННОСТЬЮ ""ПРОМЭКС"""
2023,680379.0,27120.0,,27120.0,3461012317,"ОБЩЕСТВО С ОГРАНИЧЕННОЙ ОТВЕТСТВЕННОСТЬЮ ""ПРОМЭКС"""
2022,249704.0,7131.0,,7131.0,3461012317,"ОБЩЕСТВО С ОГРАНИЧЕННОЙ ОТВЕТСТВЕННОСТЬЮ ""ПРОМЭКС"""
2021,101337.0,17692.0,,17692.0,3461012317,"ОБЩЕСТВО С ОГРАНИЧЕННОЙ ОТВЕТСТВЕННОСТЬЮ ""ПРОМЭКС"""
2025,1885083.0,19087.0,21348.0,40435.0,1657191681,"ОБЩЕСТВО С ОГРАНИЧЕННОЙ ОТВЕТСТВЕННОСТЬЮ ""РАМ-СТРОЙ"""
2024,796261.0,7862.0,18222.0,26084.0,1657191681,"ОБЩЕСТВО С ОГРАНИЧЕННОЙ ОТВЕТСТВЕННОСТЬЮ ""РАМ-СТРОЙ"""
2023,1591289.0,19048.0,9400.0,28448.0,1657191681,"ОБЩЕСТВО С ОГРАНИЧЕННОЙ ОТВЕТСТВЕННОСТЬЮ ""РАМ-СТРОЙ"""
2022,848173.0,5008.0,1117.0,6125.0,1657191681,"ОБЩЕСТВО С ОГРАНИЧЕННОЙ ОТВЕТСТВЕННОСТЬЮ ""РАМ-СТРОЙ"""
2021,631926.0,13832.0,4065.0,17897.0,1657191681,"ОБЩЕСТВО С ОГРАНИЧЕННОЙ ОТВЕТСТВЕННОСТЬЮ ""РАМ-СТРОЙ"""
2025,593399.0,10120.0,0.0,10120.0,6829121738,"ОБЩЕСТВО С ОГРАНИЧЕННОЙ ОТВЕТСТВЕННОСТЬЮ ""СТРОИТЕЛЬНАЯ КОМПАНИЯ ""МЕГАПОЛИС"""
2024,436640.0,-53946.0,1971.0,-51975.0,6829121738,"ОБЩЕСТВО С ОГРАНИЧЕННОЙ ОТВЕТСТВЕННОСТЬЮ ""СТРОИТЕЛЬНАЯ КОМПАНИЯ ""МЕГАПОЛИС"""
2023,1487685.0,98433.0,16305.0,114738.0,6829121738,"ОБЩЕСТВО С ОГРАНИЧЕННОЙ ОТВЕТСТВЕННОСТЬЮ ""СТРОИТЕЛЬНАЯ КОМПАНИЯ ""МЕГАПОЛИС"""
2022,676158.0,279.0,11719.0,11998.0,6829121738,"ОБЩЕСТВО С ОГРАНИЧЕННОЙ ОТВЕТСТВЕННОСТЬЮ ""СТРОИТЕЛЬНАЯ КОМПАНИЯ ""МЕГАПОЛИС"""
2021,605780.0,13746.0,7503.0,21249.0,6829121738,"ОБЩЕСТВО С ОГРАНИЧЕННОЙ ОТВЕТСТВЕННОСТЬЮ ""СТРОИТЕЛЬНАЯ КОМПАНИЯ ""МЕГАПОЛИС"""
2025,95250.0,32.0,,32.0,5024087835,"ОБЩЕСТВО С ОГРАНИЧЕННОЙ ОТВЕТСТВЕННОСТЬЮ УПРАВЛЯЮЩАЯ КОМПАНИЯ ""РАЙЦЕНТР"""
2024,81978.0,123.0,,123.0,5024087835,"ОБЩЕСТВО С ОГРАНИЧЕННОЙ ОТВЕТСТВЕННОСТЬЮ УПРАВЛЯЮЩАЯ КОМПАНИЯ ""РАЙЦЕНТР"""
2023,90461.0,-9818.0,,-9818.0,5024087835,"ОБЩЕСТВО С ОГРАНИЧЕННОЙ ОТВЕТСТВЕННОСТЬЮ УПРАВЛЯЮЩАЯ КОМПАНИЯ ""РАЙЦЕНТР"""
2022,111681.0,22250.0,,22250.0,5024087835,"ОБЩЕСТВО С ОГРАНИЧЕННОЙ ОТВЕТСТВЕННОСТЬЮ УПРАВЛЯЮЩАЯ КОМПАНИЯ ""РАЙЦЕНТР"""
2021,145751.0,2803.0,,2803.0,5024087835,"ОБЩЕСТВО С ОГРАНИЧЕННОЙ ОТВЕТСТВЕННОСТЬЮ УПРАВЛЯЮЩАЯ КОМПАНИЯ ""РАЙЦЕНТР"""
2025,,-19869.0,19323.0,-546.0,3305800021,"ОБЩЕСТВО С ОГРАНИЧЕННОЙ ОТВЕТСТВЕННОСТЬЮ ""СТРОЙ-ИНВЕСТ"""
2024,0.0,-46083.0,17718.0,-28365.0,3305800021,"ОБЩЕСТВО С ОГРАНИЧЕННОЙ ОТВЕТСТВЕННОСТЬЮ ""СТРОЙ-ИНВЕСТ"""
2023,22373.0,-17161.0,10483.0,-6678.0,3305800021,"ОБЩЕСТВО С ОГРАНИЧЕННОЙ ОТВЕТСТВЕННОСТЬЮ ""СТРОЙ-ИНВЕСТ"""
2022,106355.0,-76722.0,17489.0,-59233.0,3305800021,"ОБЩЕСТВО С ОГРАНИЧЕННОЙ ОТВЕТСТВЕННОСТЬЮ ""СТРОЙ-ИНВЕСТ"""
2021,157466.0,-4483.0,4924.0,441.0,3305800021,"ОБЩЕСТВО С ОГРАНИЧЕННОЙ ОТВЕТСТВЕННОСТЬЮ ""СТРОЙ-ИНВЕСТ"""
2022,18911.0,3552.0,9.0,3561.0,7841097843,"ОБЩЕСТВО С ОГРАНИЧЕННОЙ ОТВЕТСТВЕННОСТЬЮ ""СПЕЦИАЛЬНЫЕ ТЕХНОЛОГИИ СТРОИТЕЛЬСТВА"""
2025,229049.0,170.0,5529.0,5699.0,6320028239,"ОБЩЕСТВО С ОГРАНИЧЕННОЙ ОТВЕТСТВЕННОСТЬЮ ""СТРОЙОПТИМУМ"""
2024,364650.0,1565.0,1997.0,3562.0,6320028239,"ОБЩЕСТВО С ОГРАНИЧЕННОЙ ОТВЕТСТВЕННОСТЬЮ ""СТРОЙОПТИМУМ"""
2023,395553.0,4004.0,850.0,4854.0,6320028239,"ОБЩЕСТВО С ОГРАНИЧЕННОЙ ОТВЕТСТВЕННОСТЬЮ ""СТРОЙОПТИМУМ"""
2022,405431.0,2062.0,417.0,2479.0,6320028239,"ОБЩЕСТВО С ОГРАНИЧЕННОЙ ОТВЕТСТВЕННОСТЬЮ ""СТРОЙОПТИМУМ"""
2021,362370.0,9793.0,833.0,10626.0,6320028239,"ОБЩЕСТВО С ОГРАНИЧЕННОЙ ОТВЕТСТВЕННОСТЬЮ ""СТРОЙОПТИМУМ"""
2025,1011694.0,17142.0,81.0,17223.0,7728509886,"ОБЩЕСТВО С ОГРАНИЧЕННОЙ ОТВЕТСТВЕННОСТЬЮ ""СОЗИДАНИЕ"""
2024,1148336.0,2048.0,2.0,2050.0,7728509886,"ОБЩЕСТВО С ОГРАНИЧЕННОЙ ОТВЕТСТВЕННОСТЬЮ ""СОЗИДАНИЕ"""
2023,1688188.0,4923.0,2471.0,7394.0,7728509886,"ОБЩЕСТВО С ОГРАНИЧЕННОЙ ОТВЕТСТВЕННОСТЬЮ ""СОЗИДАНИЕ"""
2022,826594.0,3276.0,493.0,3769.0,7728509886,"ОБЩЕСТВО С ОГРАНИЧЕННОЙ ОТВЕТСТВЕННОСТЬЮ ""СОЗИДАНИЕ"""
2021,307025.0,3072.0,824.0,3896.0,7728509886,"ОБЩЕСТВО С ОГРАНИЧЕННОЙ ОТВЕТСТВЕННОСТЬЮ ""СОЗИДАНИЕ"""
2025,78413.0,39736.0,,39736.0,9102064810,"ОБЩЕСТВО С ОГРАНИЧЕННОЙ ОТВЕТСТВЕННОСТЬЮ ""ИНДУСТРИЯ РАЗВИТИЯ"""
2024,98520.0,265.0,0.0,265.0,9102064810,"ОБЩЕСТВО С ОГРАНИЧЕННОЙ ОТВЕТСТВЕННОСТЬЮ ""ИНДУСТРИЯ РАЗВИТИЯ"""
2023,769572.0,1593.0,446.0,2039.0,9102064810,"ОБЩЕСТВО С ОГРАНИЧЕННОЙ ОТВЕТСТВЕННОСТЬЮ ""ИНДУСТРИЯ РАЗВИТИЯ"""
2021,224198.0,30651.0,,30651.0,9102064810,"ОБЩЕСТВО С ОГРАНИЧЕННОЙ ОТВЕТСТВЕННОСТЬЮ ""ИНДУСТРИЯ РАЗВИТИЯ"""
2022,430693.0,32524.0,,32524.0,9102064810,"ОБЩЕСТВО С ОГРАНИЧЕННОЙ ОТВЕТСТВЕННОСТЬЮ ""ИНДУСТРИЯ РАЗВИТИЯ"""
2025,1191.0,-138.0,,-138.0,7721744577,"ОБЩЕСТВО С ОГРАНИЧЕННОЙ ОТВЕТСТВЕННОСТЬЮ ""СТРОЙКАРТОРГ"""
2024,13275.0,-783.0,,-783.0,7721744577,"ОБЩЕСТВО С ОГРАНИЧЕННОЙ ОТВЕТСТВЕННОСТЬЮ ""СТРОЙКАРТОРГ"""
2023,53727.0,-2415.0,,-2415.0,7721744577,"ОБЩЕСТВО С ОГРАНИЧЕННОЙ ОТВЕТСТВЕННОСТЬЮ ""СТРОЙКАРТОРГ"""
2022,33956.0,-562.0,,-562.0,7721744577,"ОБЩЕСТВО С ОГРАНИЧЕННОЙ ОТВЕТСТВЕННОСТЬЮ ""СТРОЙКАРТОРГ"""
2021,93582.0,2287.0,0.0,2287.0,7721744577,"ОБЩЕСТВО С ОГРАНИЧЕННОЙ ОТВЕТСТВЕННОСТЬЮ ""СТРОЙКАРТОРГ"""
2025,19487.0,481.0,,481.0,3328480219,"ОБЩЕСТВО С ОГРАНИЧЕННОЙ ОТВЕТСТВЕННОСТЬЮ ""СТРОЙ-ВЕКТОР"""
2024,78990.0,20255.0,,20255.0,3328480219,"ОБЩЕСТВО С ОГРАНИЧЕННОЙ ОТВЕТСТВЕННОСТЬЮ ""СТРОЙ-ВЕКТОР"""
2023,45018.0,17001.0,,17001.0,3328480219,"ОБЩЕСТВО С ОГРАНИЧЕННОЙ ОТВЕТСТВЕННОСТЬЮ ""СТРОЙ-ВЕКТОР"""
2022,35151.0,4929.0,,4929.0,3328480219,"ОБЩЕСТВО С ОГРАНИЧЕННОЙ ОТВЕТСТВЕННОСТЬЮ ""СТРОЙ-ВЕКТОР"""
2021,59867.0,10012.0,,10012.0,3328480219,"ОБЩЕСТВО С ОГРАНИЧЕННОЙ ОТВЕТСТВЕННОСТЬЮ ""СТРОЙ-ВЕКТОР"""
2023,56405.0,-88986.0,294.0,-88692.0,2309141321,"ОБЩЕСТВО С ОГРАНИЧЕННОЙ ОТВЕТСТВЕННОСТЬЮ ""ДИАЛОГ"""
2022,249838.0,187868.0,1270.0,189138.0,2309141321,"ОБЩЕСТВО С ОГРАНИЧЕННОЙ ОТВЕТСТВЕННОСТЬЮ ""ДИАЛОГ"""
2021,-79861.0,-89086.0,40.0,-89046.0,2309141321,"ОБЩЕСТВО С ОГРАНИЧЕННОЙ ОТВЕТСТВЕННОСТЬЮ ""ДИАЛОГ"""
2022,209470.0,,,,9701211800,"ОБЩЕСТВО С ОГРАНИЧЕННОЙ ОТВЕТСТВЕННОСТЬЮ ""ЭКСТРИМ"""
2025,437788.0,12559.0,,12559.0,3811159397,"ОБЩЕСТВО С ОГРАНИЧЕННОЙ ОТВЕТСТВЕННОСТЬЮ ""СТРОЙЭНЕРГОРЕСУРС"""
2024,345603.0,32890.0,,32890.0,3811159397,"ОБЩЕСТВО С ОГРАНИЧЕННОЙ ОТВЕТСТВЕННОСТЬЮ ""СТРОЙЭНЕРГОРЕСУРС"""
2023,282616.0,18275.0,,18275.0,3811159397,"ОБЩЕСТВО С ОГРАНИЧЕННОЙ ОТВЕТСТВЕННОСТЬЮ ""СТРОЙЭНЕРГОРЕСУРС"""
2022,140015.0,2154.0,,2154.0,3811159397,"ОБЩЕСТВО С ОГРАНИЧЕННОЙ ОТВЕТСТВЕННОСТЬЮ ""СТРОЙЭНЕРГОРЕСУРС"""
2021,186358.0,33716.0,,33716.0,3811159397,"ОБЩЕСТВО С ОГРАНИЧЕННОЙ ОТВЕТСТВЕННОСТЬЮ ""СТРОЙЭНЕРГОРЕСУРС"""
2025,604381.0,2204.0,0.0,2204.0,5406579765,"ОБЩЕСТВО С ОГРАНИЧЕННОЙ ОТВЕТСТВЕННОСТЬЮ ""СИБСТРОЙ"""
2024,541798.0,3314.0,,3314.0,5406579765,"ОБЩЕСТВО С ОГРАНИЧЕННОЙ ОТВЕТСТВЕННОСТЬЮ ""СИБСТРОЙ"""
2023,497182.0,1720.0,,1720.0,5406579765,"ОБЩЕСТВО С ОГРАНИЧЕННОЙ ОТВЕТСТВЕННОСТЬЮ ""СИБСТРОЙ"""
2022,515571.0,1808.0,,1808.0,5406579765,"ОБЩЕСТВО С ОГРАНИЧЕННОЙ ОТВЕТСТВЕННОСТЬЮ ""СИБСТРОЙ"""
2021,410242.0,1272.0,,1272.0,5406579765,"ОБЩЕСТВО С ОГРАНИЧЕННОЙ ОТВЕТСТВЕННОСТЬЮ ""СИБСТРОЙ"""
2025,46880.0,185.0,,185.0,6684019128,"ОБЩЕСТВО С ОГРАНИЧЕННОЙ ОТВЕТСТВЕННОСТЬЮ ""РЕМОНТНО-СТРОИТЕЛЬНОЕ УПРАВЛЕНИЕ ""УРАЛМЕТАЛЛУРГРЕМОНТ"""
2024,93533.0,21852.0,,21852.0,6684019128,"ОБЩЕСТВО С ОГРАНИЧЕННОЙ ОТВЕТСТВЕННОСТЬЮ ""РЕМОНТНО-СТРОИТЕЛЬНОЕ УПРАВЛЕНИЕ ""УРАЛМЕТАЛЛУРГРЕМОНТ"""
2023,44794.0,263.0,,263.0,6684019128,"ОБЩЕСТВО С ОГРАНИЧЕННОЙ ОТВЕТСТВЕННОСТЬЮ ""РЕМОНТНО-СТРОИТЕЛЬНОЕ УПРАВЛЕНИЕ ""УРАЛМЕТАЛЛУРГРЕМОНТ"""
2022,40636.0,234.0,,234.0,6684019128,"ОБЩЕСТВО С ОГРАНИЧЕННОЙ ОТВЕТСТВЕННОСТЬЮ ""РЕМОНТНО-СТРОИТЕЛЬНОЕ УПРАВЛЕНИЕ ""УРАЛМЕТАЛЛУРГРЕМОНТ"""
2021,34234.0,259.0,,259.0,6684019128,"ОБЩЕСТВО С ОГРАНИЧЕННОЙ ОТВЕТСТВЕННОСТЬЮ ""РЕМОНТНО-СТРОИТЕЛЬНОЕ УПРАВЛЕНИЕ ""УРАЛМЕТАЛЛУРГРЕМОНТ"""
2025,375504.0,81044.0,,81044.0,5405442239,"ОБЩЕСТВО С ОГРАНИЧЕННОЙ ОТВЕТСТВЕННОСТЬЮ ""СТРОИТЕЛЬНАЯ КОМПАНИЯ АНИС"""
2024,335563.0,81105.0,,81105.0,5405442239,"ОБЩЕСТВО С ОГРАНИЧЕННОЙ ОТВЕТСТВЕННОСТЬЮ ""СТРОИТЕЛЬНАЯ КОМПАНИЯ АНИС"""
2023,207524.0,-31595.0,,-31595.0,5405442239,"ОБЩЕСТВО С ОГРАНИЧЕННОЙ ОТВЕТСТВЕННОСТЬЮ ""СТРОИТЕЛЬНАЯ КОМПАНИЯ АНИС"""
2022,326917.0,45172.0,,45172.0,5405442239,"ОБЩЕСТВО С ОГРАНИЧЕННОЙ ОТВЕТСТВЕННОСТЬЮ ""СТРОИТЕЛЬНАЯ КОМПАНИЯ АНИС"""
2021,163761.0,1844.0,,1844.0,5405442239,"ОБЩЕСТВО С ОГРАНИЧЕННОЙ ОТВЕТСТВЕННОСТЬЮ ""СТРОИТЕЛЬНАЯ КОМПАНИЯ АНИС"""
2025,45342.0,1178.0,1761.0,2939.0,2312189429,"ОБЩЕСТВО С ОГРАНИЧЕННОЙ ОТВЕТСТВЕННОСТЬЮ ""СПЕЦСТРОЙ"""
2024,155733.0,1200.0,4011.0,5211.0,2312189429,"ОБЩЕСТВО С ОГРАНИЧЕННОЙ ОТВЕТСТВЕННОСТЬЮ ""СПЕЦСТРОЙ"""
2023,268605.0,4163.0,7341.0,11504.0,2312189429,"ОБЩЕСТВО С ОГРАНИЧЕННОЙ ОТВЕТСТВЕННОСТЬЮ ""СПЕЦСТРОЙ"""
2022,458504.0,8388.0,3916.0,12304.0,2312189429,"ОБЩЕСТВО С ОГРАНИЧЕННОЙ ОТВЕТСТВЕННОСТЬЮ ""СПЕЦСТРОЙ"""
2021,160432.0,5797.0,2091.0,7888.0,2312189429,"ОБЩЕСТВО С ОГРАНИЧЕННОЙ ОТВЕТСТВЕННОСТЬЮ ""СПЕЦСТРОЙ"""
2025,1114495.0,2799.0,12549.0,15348.0,8601026738,"ОБЩЕСТВО С ОГРАНИЧЕННОЙ ОТВЕТСТВЕННОСТЬЮ СПЕЦИАЛИЗИРОВАННЫЙ ЗАСТРОЙЩИК ""ЮГРАСТРОЙПАРТНЕР"""
2024,541861.0,-1067.0,4557.0,3490.0,8601026738,"ОБЩЕСТВО С ОГРАНИЧЕННОЙ ОТВЕТСТВЕННОСТЬЮ СПЕЦИАЛИЗИРОВАННЫЙ ЗАСТРОЙЩИК ""ЮГРАСТРОЙПАРТНЕР"""
2023,140655.0,8452.0,0.0,8452.0,8601026738,"ОБЩЕСТВО С ОГРАНИЧЕННОЙ ОТВЕТСТВЕННОСТЬЮ СПЕЦИАЛИЗИРОВАННЫЙ ЗАСТРОЙЩИК ""ЮГРАСТРОЙПАРТНЕР"""
2022,72213.0,-60963.0,437.0,-60526.0,8601026738,"ОБЩЕСТВО С ОГРАНИЧЕННОЙ ОТВЕТСТВЕННОСТЬЮ СПЕЦИАЛИЗИРОВАННЫЙ ЗАСТРОЙЩИК ""ЮГРАСТРОЙПАРТНЕР"""
2021,131912.0,2351.0,26.0,2377.0,8601026738,"ОБЩЕСТВО С ОГРАНИЧЕННОЙ ОТВЕТСТВЕННОСТЬЮ СПЕЦИАЛИЗИРОВАННЫЙ ЗАСТРОЙЩИК ""ЮГРАСТРОЙПАРТНЕР"""
2025,525.0,-6897.0,0.0,-6897.0,2005009120,"ОБЩЕСТВО С ОГРАНИЧЕННОЙ ОТВЕТСТВЕННОСТЬЮ СТРОИТЕЛЬНАЯ КОМПАНИЯ ""ДДС"""
2024,10821.0,-3686.0,,-3686.0,2005009120,"ОБЩЕСТВО С ОГРАНИЧЕННОЙ ОТВЕТСТВЕННОСТЬЮ СТРОИТЕЛЬНАЯ КОМПАНИЯ ""ДДС"""
2023,132194.0,44.0,,44.0,2005009120,"ОБЩЕСТВО С ОГРАНИЧЕННОЙ ОТВЕТСТВЕННОСТЬЮ СТРОИТЕЛЬНАЯ КОМПАНИЯ ""ДДС"""
2022,89494.0,1399.0,,1399.0,2005009120,"ОБЩЕСТВО С ОГРАНИЧЕННОЙ ОТВЕТСТВЕННОСТЬЮ СТРОИТЕЛЬНАЯ КОМПАНИЯ ""ДДС"""
2021,459227.0,12704.0,,12704.0,2005009120,"ОБЩЕСТВО С ОГРАНИЧЕННОЙ ОТВЕТСТВЕННОСТЬЮ СТРОИТЕЛЬНАЯ КОМПАНИЯ ""ДДС"""
2025,9329.0,-14518.0,,-14518.0,2430003448,"ОБЩЕСТВО С ОГРАНИЧЕННОЙ ОТВЕТСТВЕННОСТЬЮ ""ПАРТИЗАНСКАЯ СТРОИТЕЛЬНАЯ КОМПАНИЯ"""
2024,77373.0,5556.0,,5556.0,2430003448,"ОБЩЕСТВО С ОГРАНИЧЕННОЙ ОТВЕТСТВЕННОСТЬЮ ""ПАРТИЗАНСКАЯ СТРОИТЕЛЬНАЯ КОМПАНИЯ"""
2023,66016.0,-5176.0,,-5176.0,2430003448,"ОБЩЕСТВО С ОГРАНИЧЕННОЙ ОТВЕТСТВЕННОСТЬЮ ""ПАРТИЗАНСКАЯ СТРОИТЕЛЬНАЯ КОМПАНИЯ"""
2022,73570.0,-10956.0,,-10956.0,2430003448,"ОБЩЕСТВО С ОГРАНИЧЕННОЙ ОТВЕТСТВЕННОСТЬЮ ""ПАРТИЗАНСКАЯ СТРОИТЕЛЬНАЯ КОМПАНИЯ"""
2021,67753.0,-11116.0,,-11116.0,2430003448,"ОБЩЕСТВО С ОГРАНИЧЕННОЙ ОТВЕТСТВЕННОСТЬЮ ""ПАРТИЗАНСКАЯ СТРОИТЕЛЬНАЯ КОМПАНИЯ"""
2023,0.0,-9074.0,0.0,-9074.0,7451210660,"ОБЩЕСТВО С ОГРАНИЧЕННОЙ ОТВЕТСТВЕННОСТЬЮ СПЕЦИАЛИЗИРОВАННЫЙ ЗАСТРОЙЩИК ""АЛГОРИТМ"""
2022,75014.0,-3077.0,,-3077.0,7451210660,"ОБЩЕСТВО С ОГРАНИЧЕННОЙ ОТВЕТСТВЕННОСТЬЮ СПЕЦИАЛИЗИРОВАННЫЙ ЗАСТРОЙЩИК ""АЛГОРИТМ"""
2021,244697.0,121692.0,0.0,121692.0,7451210660,"ОБЩЕСТВО С ОГРАНИЧЕННОЙ ОТВЕТСТВЕННОСТЬЮ СПЕЦИАЛИЗИРОВАННЫЙ ЗАСТРОЙЩИК ""АЛГОРИТМ"""
2025,0.0,0.0,,0.0,7802655420,"ОБЩЕСТВО С ОГРАНИЧЕННОЙ ОТВЕТСТВЕННОСТЬЮ ""МОНОЛИТ СИТИ"""
2024,8003.0,0.0,,0.0,7802655420,"ОБЩЕСТВО С ОГРАНИЧЕННОЙ ОТВЕТСТВЕННОСТЬЮ ""МОНОЛИТ СИТИ"""
2023,343754.0,7026.0,,7026.0,7802655420,"ОБЩЕСТВО С ОГРАНИЧЕННОЙ ОТВЕТСТВЕННОСТЬЮ ""МОНОЛИТ СИТИ"""
2022,544969.0,7596.0,,7596.0,7802655420,"ОБЩЕСТВО С ОГРАНИЧЕННОЙ ОТВЕТСТВЕННОСТЬЮ ""МОНОЛИТ СИТИ"""
2021,300303.0,4127.0,,4127.0,7802655420,"ОБЩЕСТВО С ОГРАНИЧЕННОЙ ОТВЕТСТВЕННОСТЬЮ ""МОНОЛИТ СИТИ"""
2025,80602.0,640.0,0.0,640.0,7806504574,"ОБЩЕСТВО С ОГРАНИЧЕННОЙ ОТВЕТСТВЕННОСТЬЮ ""ТИТАНЕТ"""
2024,44609.0,1426.0,0.0,1426.0,7806504574,"ОБЩЕСТВО С ОГРАНИЧЕННОЙ ОТВЕТСТВЕННОСТЬЮ ""ТИТАНЕТ"""
2023,68098.0,1205.0,900.0,2105.0,7806504574,"ОБЩЕСТВО С ОГРАНИЧЕННОЙ ОТВЕТСТВЕННОСТЬЮ ""ТИТАНЕТ"""
2022,59064.0,805.0,,805.0,7806504574,"ОБЩЕСТВО С ОГРАНИЧЕННОЙ ОТВЕТСТВЕННОСТЬЮ ""ТИТАНЕТ"""
2021,102686.0,1272.0,,1272.0,7806504574,"ОБЩЕСТВО С ОГРАНИЧЕННОЙ ОТВЕТСТВЕННОСТЬЮ ""ТИТАНЕТ"""
2025,117618.0,1037.0,0.0,1037.0,9731076259,"ОБЩЕСТВО С ОГРАНИЧЕННОЙ ОТВЕТСТВЕННОСТЬЮ ""ДЕДАЛ"""
2024,183298.0,308.0,,308.0,9731076259,"ОБЩЕСТВО С ОГРАНИЧЕННОЙ ОТВЕТСТВЕННОСТЬЮ ""ДЕДАЛ"""
2023,32302.0,750.0,,750.0,9731076259,"ОБЩЕСТВО С ОГРАНИЧЕННОЙ ОТВЕТСТВЕННОСТЬЮ ""ДЕДАЛ"""
2022,202234.0,73.0,,73.0,9731076259,"ОБЩЕСТВО С ОГРАНИЧЕННОЙ ОТВЕТСТВЕННОСТЬЮ ""ДЕДАЛ"""
2021,121612.0,42.0,,42.0,9731076259,"ОБЩЕСТВО С ОГРАНИЧЕННОЙ ОТВЕТСТВЕННОСТЬЮ ""ДЕДАЛ"""
2022,190297.0,-146659.0,,-146659.0,6311190034,"ОБЩЕСТВО С ОГРАНИЧЕННОЙ ОТВЕТСТВЕННОСТЬЮ ""АТЛАС"""
2021,186846.0,742.0,,742.0,6311190034,"ОБЩЕСТВО С ОГРАНИЧЕННОЙ ОТВЕТСТВЕННОСТЬЮ ""АТЛАС"""
2025,63490.0,646.0,,646.0,1001150699,"ОБЩЕСТВО С ОГРАНИЧЕННОЙ ОТВЕТСТВЕННОСТЬЮ ""РСК"""
2024,62898.0,1926.0,,1926.0,1001150699,"ОБЩЕСТВО С ОГРАНИЧЕННОЙ ОТВЕТСТВЕННОСТЬЮ ""РСК"""
2023,137956.0,1515.0,,1515.0,1001150699,"ОБЩЕСТВО С ОГРАНИЧЕННОЙ ОТВЕТСТВЕННОСТЬЮ ""РСК"""
2022,43324.0,5048.0,,5048.0,1001150699,"ОБЩЕСТВО С ОГРАНИЧЕННОЙ ОТВЕТСТВЕННОСТЬЮ ""РСК"""
2021,65938.0,17844.0,0.0,17844.0,1001150699,"ОБЩЕСТВО С ОГРАНИЧЕННОЙ ОТВЕТСТВЕННОСТЬЮ ""РСК"""
2025,146920.0,177.0,,177.0,7816267971,"ОБЩЕСТВО С ОГРАНИЧЕННОЙ ОТВЕТСТВЕННОСТЬЮ ""УПРАВЛЯЮЩАЯ КОМПАНИЯ ""СПРИНГАЛД"""
2024,132818.0,365.0,,365.0,7816267971,"ОБЩЕСТВО С ОГРАНИЧЕННОЙ ОТВЕТСТВЕННОСТЬЮ ""УПРАВЛЯЮЩАЯ КОМПАНИЯ ""СПРИНГАЛД"""
2023,158923.0,1203.0,,1203.0,7816267971,"ОБЩЕСТВО С ОГРАНИЧЕННОЙ ОТВЕТСТВЕННОСТЬЮ ""УПРАВЛЯЮЩАЯ КОМПАНИЯ ""СПРИНГАЛД"""
2022,307250.0,-18163.0,,-18163.0,7816267971,"ОБЩЕСТВО С ОГРАНИЧЕННОЙ ОТВЕТСТВЕННОСТЬЮ ""УПРАВЛЯЮЩАЯ КОМПАНИЯ ""СПРИНГАЛД"""
2021,201366.0,-4310.0,,-4310.0,7816267971,"ОБЩЕСТВО С ОГРАНИЧЕННОЙ ОТВЕТСТВЕННОСТЬЮ ""УПРАВЛЯЮЩАЯ КОМПАНИЯ ""СПРИНГАЛД"""
2024,,-52.0,,-52.0,5603036599,"ОБЩЕСТВО С ОГРАНИЧЕННОЙ ОТВЕТСТВЕННОСТЬЮ ""ПРОМСТРОЙ МТ"""
2023,0.0,-27.0,,-27.0,5603036599,"ОБЩЕСТВО С ОГРАНИЧЕННОЙ ОТВЕТСТВЕННОСТЬЮ ""ПРОМСТРОЙ МТ"""
2021,33160.0,-2496.0,,-2496.0,5603036599,"ОБЩЕСТВО С ОГРАНИЧЕННОЙ ОТВЕТСТВЕННОСТЬЮ ""ПРОМСТРОЙ МТ"""
2025,2433636.0,290816.0,2731.0,293547.0,5260363213,"ОБЩЕСТВО С ОГРАНИЧЕННОЙ ОТВЕТСТВЕННОСТЬЮ ""ХАЙ-ТЕК БИЛДИНГ"""
2024,1070051.0,136831.0,1364.0,138195.0,5260363213,"ОБЩЕСТВО С ОГРАНИЧЕННОЙ ОТВЕТСТВЕННОСТЬЮ ""ХАЙ-ТЕК БИЛДИНГ"""
2023,627145.0,64704.0,3267.0,67971.0,5260363213,"ОБЩЕСТВО С ОГРАНИЧЕННОЙ ОТВЕТСТВЕННОСТЬЮ ""ХАЙ-ТЕК БИЛДИНГ"""
2022,448601.0,48840.0,2096.0,50936.0,5260363213,"ОБЩЕСТВО С ОГРАНИЧЕННОЙ ОТВЕТСТВЕННОСТЬЮ ""ХАЙ-ТЕК БИЛДИНГ"""
2021,419162.0,26925.0,636.0,27561.0,5260363213,"ОБЩЕСТВО С ОГРАНИЧЕННОЙ ОТВЕТСТВЕННОСТЬЮ ""ХАЙ-ТЕК БИЛДИНГ"""
2025,0.0,-17815.0,,-17815.0,9701016076,"ОБЩЕСТВО С ОГРАНИЧЕННОЙ ОТВЕТСТВЕННОСТЬЮ ИСК ""ПРОГРЕСС"""
2024,51583.0,-3128.0,,-3128.0,9701016076,"ОБЩЕСТВО С ОГРАНИЧЕННОЙ ОТВЕТСТВЕННОСТЬЮ ИСК ""ПРОГРЕСС"""
2023,49000.0,29395.0,,29395.0,9701016076,"ОБЩЕСТВО С ОГРАНИЧЕННОЙ ОТВЕТСТВЕННОСТЬЮ ИСК ""ПРОГРЕСС"""
2022,522853.0,-34792.0,,-34792.0,9701016076,"ОБЩЕСТВО С ОГРАНИЧЕННОЙ ОТВЕТСТВЕННОСТЬЮ ИСК ""ПРОГРЕСС"""
2021,657063.0,643.0,,643.0,9701016076,"ОБЩЕСТВО С ОГРАНИЧЕННОЙ ОТВЕТСТВЕННОСТЬЮ ИСК ""ПРОГРЕСС"""
2023,0.0,0.0,0.0,0.0,7401012119,"ОБЩЕСТВО С ОГРАНИЧЕННОЙ ОТВЕТСТВЕННОСТЬЮ ""РЕМСТРОЙ ПЛЮС"""
2022,0.0,0.0,0.0,0.0,7401012119,"ОБЩЕСТВО С ОГРАНИЧЕННОЙ ОТВЕТСТВЕННОСТЬЮ ""РЕМСТРОЙ ПЛЮС"""
2021,0.0,0.0,0.0,0.0,7401012119,"ОБЩЕСТВО С ОГРАНИЧЕННОЙ ОТВЕТСТВЕННОСТЬЮ ""РЕМСТРОЙ ПЛЮС"""
2025,51614.0,89.0,0.0,89.0,6314042482,"ОБЩЕСТВО С ОГРАНИЧЕННОЙ ОТВЕТСТВЕННОСТЬЮ ""НАУЧНО-ПРОИЗВОДСТВЕННОЕ УПРАВЛЕНИЕ САМАРАРЕСТАВРАЦИЯ"""
2024,77289.0,7989.0,188.0,8177.0,6314042482,"ОБЩЕСТВО С ОГРАНИЧЕННОЙ ОТВЕТСТВЕННОСТЬЮ ""НАУЧНО-ПРОИЗВОДСТВЕННОЕ УПРАВЛЕНИЕ САМАРАРЕСТАВРАЦИЯ"""
2023,88760.0,8429.0,541.0,8970.0,6314042482,"ОБЩЕСТВО С ОГРАНИЧЕННОЙ ОТВЕТСТВЕННОСТЬЮ ""НАУЧНО-ПРОИЗВОДСТВЕННОЕ УПРАВЛЕНИЕ САМАРАРЕСТАВРАЦИЯ"""
2022,60101.0,9182.0,886.0,10068.0,6314042482,"ОБЩЕСТВО С ОГРАНИЧЕННОЙ ОТВЕТСТВЕННОСТЬЮ ""НАУЧНО-ПРОИЗВОДСТВЕННОЕ УПРАВЛЕНИЕ САМАРАРЕСТАВРАЦИЯ"""
2021,75010.0,700.0,,700.0,6314042482,"ОБЩЕСТВО С ОГРАНИЧЕННОЙ ОТВЕТСТВЕННОСТЬЮ ""НАУЧНО-ПРОИЗВОДСТВЕННОЕ УПРАВЛЕНИЕ САМАРАРЕСТАВРАЦИЯ"""
2025,197690.0,-1329.0,27910.0,26581.0,5751063317,"ОБЩЕСТВО С ОГРАНИЧЕННОЙ ОТВЕТСТВЕННОСТЬЮ ""СПЕЦИАЛИЗИРОВАННЫЙ ЗАСТРОЙЩИК ""ОРЕЛСТРОЙ-4"""
2024,3410.0,8207.0,,8207.0,5751063317,"ОБЩЕСТВО С ОГРАНИЧЕННОЙ ОТВЕТСТВЕННОСТЬЮ ""СПЕЦИАЛИЗИРОВАННЫЙ ЗАСТРОЙЩИК ""ОРЕЛСТРОЙ-4"""
2023,3023.0,-6576.0,,-6576.0,5751063317,"ОБЩЕСТВО С ОГРАНИЧЕННОЙ ОТВЕТСТВЕННОСТЬЮ ""СПЕЦИАЛИЗИРОВАННЫЙ ЗАСТРОЙЩИК ""ОРЕЛСТРОЙ-4"""
2022,145728.0,95022.0,,95022.0,5751063317,"ОБЩЕСТВО С ОГРАНИЧЕННОЙ ОТВЕТСТВЕННОСТЬЮ ""СПЕЦИАЛИЗИРОВАННЫЙ ЗАСТРОЙЩИК ""ОРЕЛСТРОЙ-4"""
2021,575.0,-6367.0,0.0,-6367.0,5751063317,"ОБЩЕСТВО С ОГРАНИЧЕННОЙ ОТВЕТСТВЕННОСТЬЮ ""СПЕЦИАЛИЗИРОВАННЫЙ ЗАСТРОЙЩИК ""ОРЕЛСТРОЙ-4"""
2025,153945.0,6510.0,,6510.0,3906255420,"ОБЩЕСТВО С ОГРАНИЧЕННОЙ ОТВЕТСТВЕННОСТЬЮ ""ФАСАД-СТРОЙ"""
2024,113239.0,14557.0,,14557.0,3906255420,"ОБЩЕСТВО С ОГРАНИЧЕННОЙ ОТВЕТСТВЕННОСТЬЮ ""ФАСАД-СТРОЙ"""
2023,243109.0,66168.0,,66168.0,3906255420,"ОБЩЕСТВО С ОГРАНИЧЕННОЙ ОТВЕТСТВЕННОСТЬЮ ""ФАСАД-СТРОЙ"""
2022,197126.0,9228.0,,9228.0,3906255420,"ОБЩЕСТВО С ОГРАНИЧЕННОЙ ОТВЕТСТВЕННОСТЬЮ ""ФАСАД-СТРОЙ"""
2021,235008.0,5620.0,,5620.0,3906255420,"ОБЩЕСТВО С ОГРАНИЧЕННОЙ ОТВЕТСТВЕННОСТЬЮ ""ФАСАД-СТРОЙ"""
2025,180249.0,-1880.0,8817.0,6937.0,7709869403,"ОБЩЕСТВО С ОГРАНИЧЕННОЙ ОТВЕТСТВЕННОСТЬЮ""МСК ИНЖИНИРИНГ"""
2024,277075.0,67093.0,2923.0,70016.0,7709869403,"ОБЩЕСТВО С ОГРАНИЧЕННОЙ ОТВЕТСТВЕННОСТЬЮ""МСК ИНЖИНИРИНГ"""
2023,98808.0,14912.0,6742.0,21654.0,7709869403,"ОБЩЕСТВО С ОГРАНИЧЕННОЙ ОТВЕТСТВЕННОСТЬЮ""МСК ИНЖИНИРИНГ"""
2022,76684.0,1905.0,198.0,2103.0,7709869403,"ОБЩЕСТВО С ОГРАНИЧЕННОЙ ОТВЕТСТВЕННОСТЬЮ""МСК ИНЖИНИРИНГ"""
2021,29039.0,-17909.0,315.0,-17594.0,7709869403,"ОБЩЕСТВО С ОГРАНИЧЕННОЙ ОТВЕТСТВЕННОСТЬЮ""МСК ИНЖИНИРИНГ"""
2025,1463727.0,14180.0,6108.0,20288.0,7710909869,"ОБЩЕСТВО С ОГРАНИЧЕННОЙ ОТВЕТСТВЕННОСТЬЮ ""СОВРЕМЕННЫЕ КОММУНИКАЦИИ"""
2024,776520.0,11725.0,3308.0,15033.0,7710909869,"ОБЩЕСТВО С ОГРАНИЧЕННОЙ ОТВЕТСТВЕННОСТЬЮ ""СОВРЕМЕННЫЕ КОММУНИКАЦИИ"""
2023,628779.0,8294.0,638.0,8932.0,7710909869,"ОБЩЕСТВО С ОГРАНИЧЕННОЙ ОТВЕТСТВЕННОСТЬЮ ""СОВРЕМЕННЫЕ КОММУНИКАЦИИ"""
2022,866779.0,32425.0,2060.0,34485.0,7710909869,"ОБЩЕСТВО С ОГРАНИЧЕННОЙ ОТВЕТСТВЕННОСТЬЮ ""СОВРЕМЕННЫЕ КОММУНИКАЦИИ"""
2021,639433.0,67497.0,113.0,67610.0,7710909869,"ОБЩЕСТВО С ОГРАНИЧЕННОЙ ОТВЕТСТВЕННОСТЬЮ ""СОВРЕМЕННЫЕ КОММУНИКАЦИИ"""
2025,3848500.0,1480.0,,1480.0,6442011063,"ОБЩЕСТВО С ОГРАНИЧЕННОЙ ОТВЕТСТВЕННОСТЬЮ ""ТАЛИНА"""
2024,4269541.0,34936.0,,34936.0,6442011063,"ОБЩЕСТВО С ОГРАНИЧЕННОЙ ОТВЕТСТВЕННОСТЬЮ ""ТАЛИНА"""
2023,4052920.0,16415.0,0.0,16415.0,6442011063,"ОБЩЕСТВО С ОГРАНИЧЕННОЙ ОТВЕТСТВЕННОСТЬЮ ""ТАЛИНА"""
2022,576187.0,14537.0,181.0,14718.0,6442011063,"ОБЩЕСТВО С ОГРАНИЧЕННОЙ ОТВЕТСТВЕННОСТЬЮ ""ТАЛИНА"""
2025,15296.0,6657.0,,6657.0,6732154539,"ОБЩЕСТВО С ОГРАНИЧЕННОЙ ОТВЕТСТВЕННОСТЬЮ  ""ЛИДЕР-СТРОЙ"""
2024,7681.0,12.0,,12.0,6732154539,"ОБЩЕСТВО С ОГРАНИЧЕННОЙ ОТВЕТСТВЕННОСТЬЮ  ""ЛИДЕР-СТРОЙ"""
2023,,,,,6732154539,"ОБЩЕСТВО С ОГРАНИЧЕННОЙ ОТВЕТСТВЕННОСТЬЮ  ""ЛИДЕР-СТРОЙ"""
2022,0.0,0.0,,0.0,6732154539,"ОБЩЕСТВО С ОГРАНИЧЕННОЙ ОТВЕТСТВЕННОСТЬЮ  ""ЛИДЕР-СТРОЙ"""
2021,22620.0,1620.0,,1620.0,6732154539,"ОБЩЕСТВО С ОГРАНИЧЕННОЙ ОТВЕТСТВЕННОСТЬЮ  ""ЛИДЕР-СТРОЙ"""
2025,10543.0,-3390.0,0.0,-3390.0,6317066107,"ОБЩЕСТВО С ОГРАНИЧЕННОЙ ОТВЕТСТВЕННОСТЬЮ "" СПЕЦТЕХТРАНС"""
2024,99773.0,6141.0,,6141.0,6317066107,"ОБЩЕСТВО С ОГРАНИЧЕННОЙ ОТВЕТСТВЕННОСТЬЮ "" СПЕЦТЕХТРАНС"""
2023,,,,,6317066107,"ОБЩЕСТВО С ОГРАНИЧЕННОЙ ОТВЕТСТВЕННОСТЬЮ "" СПЕЦТЕХТРАНС"""
2022,22747.0,-19593.0,,-19593.0,6317066107,"ОБЩЕСТВО С ОГРАНИЧЕННОЙ ОТВЕТСТВЕННОСТЬЮ "" СПЕЦТЕХТРАНС"""
2021,36705.0,-882.0,,-882.0,6317066107,"ОБЩЕСТВО С ОГРАНИЧЕННОЙ ОТВЕТСТВЕННОСТЬЮ "" СПЕЦТЕХТРАНС"""
2025,,,,,0277074620,"ОБЩЕСТВО С ОГРАНИЧЕННОЙ ОТВЕТСТВЕННОСТЬЮ ""ФИРМА КОМПЛЕКСНОГО СТРОИТЕЛЬСТВА"""
2024,0.0,0.0,0.0,0.0,0277074620,"ОБЩЕСТВО С ОГРАНИЧЕННОЙ ОТВЕТСТВЕННОСТЬЮ ""ФИРМА КОМПЛЕКСНОГО СТРОИТЕЛЬСТВА"""
2023,45.0,-2610.0,2.0,-2608.0,0277074620,"ОБЩЕСТВО С ОГРАНИЧЕННОЙ ОТВЕТСТВЕННОСТЬЮ ""ФИРМА КОМПЛЕКСНОГО СТРОИТЕЛЬСТВА"""
2022,64919.0,-14891.0,0.0,-14891.0,0277074620,"ОБЩЕСТВО С ОГРАНИЧЕННОЙ ОТВЕТСТВЕННОСТЬЮ ""ФИРМА КОМПЛЕКСНОГО СТРОИТЕЛЬСТВА"""
2021,571429.0,44058.0,0.0,44058.0,0277074620,"ОБЩЕСТВО С ОГРАНИЧЕННОЙ ОТВЕТСТВЕННОСТЬЮ ""ФИРМА КОМПЛЕКСНОГО СТРОИТЕЛЬСТВА"""
2025,,-291.0,,-291.0,6731049242,"ОБЩЕСТВО С ОГРАНИЧЕННОЙ ОТВЕТСТВЕННОСТЬЮ ""УПРАВЛЕНИЕ МОНОЛИТНЫХ РАБОТ"""
2024,0.0,-4952.0,,-4952.0,6731049242,"ОБЩЕСТВО С ОГРАНИЧЕННОЙ ОТВЕТСТВЕННОСТЬЮ ""УПРАВЛЕНИЕ МОНОЛИТНЫХ РАБОТ"""
2023,5760.0,-2128.0,,-2128.0,6731049242,"ОБЩЕСТВО С ОГРАНИЧЕННОЙ ОТВЕТСТВЕННОСТЬЮ ""УПРАВЛЕНИЕ МОНОЛИТНЫХ РАБОТ"""
2022,19050.0,-3823.0,,-3823.0,6731049242,"ОБЩЕСТВО С ОГРАНИЧЕННОЙ ОТВЕТСТВЕННОСТЬЮ ""УПРАВЛЕНИЕ МОНОЛИТНЫХ РАБОТ"""
2021,19760.0,-3153.0,,-3153.0,6731049242,"ОБЩЕСТВО С ОГРАНИЧЕННОЙ ОТВЕТСТВЕННОСТЬЮ ""УПРАВЛЕНИЕ МОНОЛИТНЫХ РАБОТ"""
2025,429.0,260.0,,260.0,2536301684,"ОБЩЕСТВО С ОГРАНИЧЕННОЙ ОТВЕТСТВЕННОСТЬЮ СПЕЦИАЛИЗИРОВАННЫЙ ЗАСТРОЙЩИК ""ИНВЕСТИЦИОННО-СТРОИТЕЛЬНАЯ КОМПАНИЯ СИСТЕМА"""
2023,6623.0,6623.0,,6623.0,2536301684,"ОБЩЕСТВО С ОГРАНИЧЕННОЙ ОТВЕТСТВЕННОСТЬЮ СПЕЦИАЛИЗИРОВАННЫЙ ЗАСТРОЙЩИК ""ИНВЕСТИЦИОННО-СТРОИТЕЛЬНАЯ КОМПАНИЯ СИСТЕМА"""
2022,0.0,0.0,,0.0,2536301684,"ОБЩЕСТВО С ОГРАНИЧЕННОЙ ОТВЕТСТВЕННОСТЬЮ СПЕЦИАЛИЗИРОВАННЫЙ ЗАСТРОЙЩИК ""ИНВЕСТИЦИОННО-СТРОИТЕЛЬНАЯ КОМПАНИЯ СИСТЕМА"""
2021,1318796.0,89100.0,,89100.0,2536301684,"ОБЩЕСТВО С ОГРАНИЧЕННОЙ ОТВЕТСТВЕННОСТЬЮ СПЕЦИАЛИЗИРОВАННЫЙ ЗАСТРОЙЩИК ""ИНВЕСТИЦИОННО-СТРОИТЕЛЬНАЯ КОМПАНИЯ СИСТЕМА"""
2025,13183.0,253.0,,253.0,1840068670,"ОБЩЕСТВО С ОГРАНИЧЕННОЙ ОТВЕТСТВЕННОСТЬЮ ""ГРАДОСТРОЙ"""
2024,105131.0,2134.0,,2134.0,1840068670,"ОБЩЕСТВО С ОГРАНИЧЕННОЙ ОТВЕТСТВЕННОСТЬЮ ""ГРАДОСТРОЙ"""
2023,37494.0,-339.0,,-339.0,1840068670,"ОБЩЕСТВО С ОГРАНИЧЕННОЙ ОТВЕТСТВЕННОСТЬЮ ""ГРАДОСТРОЙ"""
2022,29305.0,-5287.0,,-5287.0,1840068670,"ОБЩЕСТВО С ОГРАНИЧЕННОЙ ОТВЕТСТВЕННОСТЬЮ ""ГРАДОСТРОЙ"""
2021,,708.0,,708.0,1840068670,"ОБЩЕСТВО С ОГРАНИЧЕННОЙ ОТВЕТСТВЕННОСТЬЮ ""ГРАДОСТРОЙ"""
2025,3689967.0,5548.0,,5548.0,4004016390,"ОБЩЕСТВО С ОГРАНИЧЕННОЙ ОТВЕТСТВЕННОСТЬЮ ""РВД-3"""
2024,4229263.0,17447.0,,17447.0,4004016390,"ОБЩЕСТВО С ОГРАНИЧЕННОЙ ОТВЕТСТВЕННОСТЬЮ ""РВД-3"""
2023,2164282.0,22893.0,0.0,22893.0,4004016390,"ОБЩЕСТВО С ОГРАНИЧЕННОЙ ОТВЕТСТВЕННОСТЬЮ ""РВД-3"""
2022,948806.0,1263.0,60.0,1323.0,4004016390,"ОБЩЕСТВО С ОГРАНИЧЕННОЙ ОТВЕТСТВЕННОСТЬЮ ""РВД-3"""
2021,119704.0,-12161.0,528.0,-11633.0,4004016390,"ОБЩЕСТВО С ОГРАНИЧЕННОЙ ОТВЕТСТВЕННОСТЬЮ ""РВД-3"""
2023,212460.0,0.0,,0.0,0276965782,"ОБЩЕСТВО С ОГРАНИЧЕННОЙ ОТВЕТСТВЕННОСТЬЮ ""ФЕНИКС"""
2022,556102.0,11.0,,11.0,0276965782,"ОБЩЕСТВО С ОГРАНИЧЕННОЙ ОТВЕТСТВЕННОСТЬЮ ""ФЕНИКС"""
2021,161415.0,8.0,,8.0,0276965782,"ОБЩЕСТВО С ОГРАНИЧЕННОЙ ОТВЕТСТВЕННОСТЬЮ ""ФЕНИКС"""
2025,783102.0,12717.0,4995.0,17712.0,4345020340,"ОБЩЕСТВО С ОГРАНИЧЕННОЙ ОТВЕТСТВЕННОСТЬЮ ""ГРАЖДАНРЕМСТРОЙ"""
2024,1353856.0,25127.0,5513.0,30640.0,4345020340,"ОБЩЕСТВО С ОГРАНИЧЕННОЙ ОТВЕТСТВЕННОСТЬЮ ""ГРАЖДАНРЕМСТРОЙ"""
2023,448578.0,286.0,2426.0,2712.0,4345020340,"ОБЩЕСТВО С ОГРАНИЧЕННОЙ ОТВЕТСТВЕННОСТЬЮ ""ГРАЖДАНРЕМСТРОЙ"""
2022,358598.0,1126.0,549.0,1675.0,4345020340,"ОБЩЕСТВО С ОГРАНИЧЕННОЙ ОТВЕТСТВЕННОСТЬЮ ""ГРАЖДАНРЕМСТРОЙ"""
2021,457551.0,1288.0,491.0,1779.0,4345020340,"ОБЩЕСТВО С ОГРАНИЧЕННОЙ ОТВЕТСТВЕННОСТЬЮ ""ГРАЖДАНРЕМСТРОЙ"""
2025,65637.0,-100374.0,0.0,-100374.0,6633023870,"ОБЩЕСТВО С ОГРАНИЧЕННОЙ ОТВЕТСТВЕННОСТЬЮ ""ТАЛИЦКАЯ СТРОИТЕЛЬНАЯ КОМПАНИЯ"""
2024,176603.0,20083.0,0.0,20083.0,6633023870,"ОБЩЕСТВО С ОГРАНИЧЕННОЙ ОТВЕТСТВЕННОСТЬЮ ""ТАЛИЦКАЯ СТРОИТЕЛЬНАЯ КОМПАНИЯ"""
2023,142992.0,34317.0,,34317.0,6633023870,"ОБЩЕСТВО С ОГРАНИЧЕННОЙ ОТВЕТСТВЕННОСТЬЮ ""ТАЛИЦКАЯ СТРОИТЕЛЬНАЯ КОМПАНИЯ"""
2022,114576.0,9047.0,,9047.0,6633023870,"ОБЩЕСТВО С ОГРАНИЧЕННОЙ ОТВЕТСТВЕННОСТЬЮ ""ТАЛИЦКАЯ СТРОИТЕЛЬНАЯ КОМПАНИЯ"""
2021,60244.0,-29086.0,,-29086.0,6633023870,"ОБЩЕСТВО С ОГРАНИЧЕННОЙ ОТВЕТСТВЕННОСТЬЮ ""ТАЛИЦКАЯ СТРОИТЕЛЬНАЯ КОМПАНИЯ"""
2025,,,,,2013428781,"ОБЩЕСТВО С ОГРАНИЧЕННОЙ ОТВЕТСТВЕННОСТЬЮ ""КУРОРТСТРОЙ"""
2024,,,,,2013428781,"ОБЩЕСТВО С ОГРАНИЧЕННОЙ ОТВЕТСТВЕННОСТЬЮ ""КУРОРТСТРОЙ"""
2023,171318.0,2772.0,,2772.0,2013428781,"ОБЩЕСТВО С ОГРАНИЧЕННОЙ ОТВЕТСТВЕННОСТЬЮ ""КУРОРТСТРОЙ"""
2022,31084.0,372.0,,372.0,2013428781,"ОБЩЕСТВО С ОГРАНИЧЕННОЙ ОТВЕТСТВЕННОСТЬЮ ""КУРОРТСТРОЙ"""
2021,34938.0,180.0,,180.0,2013428781,"ОБЩЕСТВО С ОГРАНИЧЕННОЙ ОТВЕТСТВЕННОСТЬЮ ""КУРОРТСТРОЙ"""
2021,28526.0,899.0,,899.0,7733879970,"ОБЩЕСТВО С ОГРАНИЧЕННОЙ ОТВЕТСТВЕННОСТЬЮ ""ИНЖКОМСЕТЬ"""
2025,599240.0,296.0,27651.0,27947.0,1326195212,"ОБЩЕСТВО С ОГРАНИЧЕННОЙ ОТВЕТСТВЕННОСТЬЮ  ""ЭКОЛАЙФ"""
2024,439611.0,3758.0,22915.0,26673.0,1326195212,"ОБЩЕСТВО С ОГРАНИЧЕННОЙ ОТВЕТСТВЕННОСТЬЮ  ""ЭКОЛАЙФ"""
2023,412475.0,6325.0,2717.0,9042.0,1326195212,"ОБЩЕСТВО С ОГРАНИЧЕННОЙ ОТВЕТСТВЕННОСТЬЮ  ""ЭКОЛАЙФ"""
2022,448577.0,1903.0,1922.0,3825.0,1326195212,"ОБЩЕСТВО С ОГРАНИЧЕННОЙ ОТВЕТСТВЕННОСТЬЮ  ""ЭКОЛАЙФ"""
2021,125528.0,579.0,7299.0,7878.0,1326195212,"ОБЩЕСТВО С ОГРАНИЧЕННОЙ ОТВЕТСТВЕННОСТЬЮ  ""ЭКОЛАЙФ"""
2024,2566.0,-438.0,98.0,-340.0,1840014882,"ОБЩЕСТВО С ОГРАНИЧЕННОЙ ОТВЕТСТВЕННОСТЬЮ ""ЛЕГИОН-СТРОЙ"""
2023,3064.0,-2935.0,96.0,-2839.0,1840014882,"ОБЩЕСТВО С ОГРАНИЧЕННОЙ ОТВЕТСТВЕННОСТЬЮ ""ЛЕГИОН-СТРОЙ"""
2022,67227.0,-10123.0,3.0,-10120.0,1840014882,"ОБЩЕСТВО С ОГРАНИЧЕННОЙ ОТВЕТСТВЕННОСТЬЮ ""ЛЕГИОН-СТРОЙ"""
2021,150166.0,-17362.0,,-17362.0,1840014882,"ОБЩЕСТВО С ОГРАНИЧЕННОЙ ОТВЕТСТВЕННОСТЬЮ ""ЛЕГИОН-СТРОЙ"""
2025,64178.0,7621.0,,7621.0,3906158401,"ОБЩЕСТВО С ОГРАНИЧЕННОЙ ОТВЕТСТВЕННОСТЬЮ  ""ЦЕНТР МОДУЛЬНОГО СТРОИТЕЛЬСТВА ПЛЮС"""
2024,9077.0,277.0,,277.0,3906158401,"ОБЩЕСТВО С ОГРАНИЧЕННОЙ ОТВЕТСТВЕННОСТЬЮ  ""ЦЕНТР МОДУЛЬНОГО СТРОИТЕЛЬСТВА ПЛЮС"""
2023,37506.0,1887.0,,1887.0,3906158401,"ОБЩЕСТВО С ОГРАНИЧЕННОЙ ОТВЕТСТВЕННОСТЬЮ  ""ЦЕНТР МОДУЛЬНОГО СТРОИТЕЛЬСТВА ПЛЮС"""
2022,42744.0,5169.0,,5169.0,3906158401,"ОБЩЕСТВО С ОГРАНИЧЕННОЙ ОТВЕТСТВЕННОСТЬЮ  ""ЦЕНТР МОДУЛЬНОГО СТРОИТЕЛЬСТВА ПЛЮС"""
2021,31777.0,3685.0,,3685.0,3906158401,"ОБЩЕСТВО С ОГРАНИЧЕННОЙ ОТВЕТСТВЕННОСТЬЮ  ""ЦЕНТР МОДУЛЬНОГО СТРОИТЕЛЬСТВА ПЛЮС"""
2025,185610.0,201.0,788.0,989.0,6509000205,"ОБЩЕСТВО С ОГРАНИЧЕННОЙ ОТВЕТСТВЕННОСТЬЮ ""ОМЕГА-1"""
2024,357861.0,28462.0,,28462.0,6509000205,"ОБЩЕСТВО С ОГРАНИЧЕННОЙ ОТВЕТСТВЕННОСТЬЮ ""ОМЕГА-1"""
2023,267879.0,68665.0,,68665.0,6509000205,"ОБЩЕСТВО С ОГРАНИЧЕННОЙ ОТВЕТСТВЕННОСТЬЮ ""ОМЕГА-1"""
2022,167606.0,10984.0,,10984.0,6509000205,"ОБЩЕСТВО С ОГРАНИЧЕННОЙ ОТВЕТСТВЕННОСТЬЮ ""ОМЕГА-1"""
2021,149298.0,8890.0,,8890.0,6509000205,"ОБЩЕСТВО С ОГРАНИЧЕННОЙ ОТВЕТСТВЕННОСТЬЮ ""ОМЕГА-1"""
2023,141813.0,845.0,0.0,845.0,7703241997,"ОБЩЕСТВО С ОГРАНИЧЕННОЙ ОТВЕТСТВЕННОСТЬЮ ГРУППА КОМПАНИЙ ""РЕАЛ"""
2022,281625.0,5615.0,1096.0,6711.0,7703241997,"ОБЩЕСТВО С ОГРАНИЧЕННОЙ ОТВЕТСТВЕННОСТЬЮ ГРУППА КОМПАНИЙ ""РЕАЛ"""
2021,538187.0,2492.0,1074.0,3566.0,7703241997,"ОБЩЕСТВО С ОГРАНИЧЕННОЙ ОТВЕТСТВЕННОСТЬЮ ГРУППА КОМПАНИЙ ""РЕАЛ"""
2025,847214.0,177135.0,575.0,177710.0,7447220947,"ОБЩЕСТВО С ОГРАНИЧЕННОЙ ОТВЕТСТВЕННОСТЬЮ ""ГЕНЕРАЦИОННОЕ ОБОРУДОВАНИЕ"""
2024,447694.0,11275.0,4032.0,15307.0,7447220947,"ОБЩЕСТВО С ОГРАНИЧЕННОЙ ОТВЕТСТВЕННОСТЬЮ ""ГЕНЕРАЦИОННОЕ ОБОРУДОВАНИЕ"""
2023,737441.0,12073.0,4473.0,16546.0,7447220947,"ОБЩЕСТВО С ОГРАНИЧЕННОЙ ОТВЕТСТВЕННОСТЬЮ ""ГЕНЕРАЦИОННОЕ ОБОРУДОВАНИЕ"""
2022,323783.0,6833.0,3874.0,10707.0,7447220947,"ОБЩЕСТВО С ОГРАНИЧЕННОЙ ОТВЕТСТВЕННОСТЬЮ ""ГЕНЕРАЦИОННОЕ ОБОРУДОВАНИЕ"""
2021,203779.0,2229.0,1823.0,4052.0,7447220947,"ОБЩЕСТВО С ОГРАНИЧЕННОЙ ОТВЕТСТВЕННОСТЬЮ ""ГЕНЕРАЦИОННОЕ ОБОРУДОВАНИЕ"""
2025,56100.0,-2292.0,147.0,-2145.0,7838506239,"ОБЩЕСТВО С ОГРАНИЧЕННОЙ ОТВЕТСТВЕННОСТЬЮ ""ЭЛМАС"""
2024,352865.0,-130.0,,-130.0,7838506239,"ОБЩЕСТВО С ОГРАНИЧЕННОЙ ОТВЕТСТВЕННОСТЬЮ ""ЭЛМАС"""
2023,190344.0,846.0,0.0,846.0,7838506239,"ОБЩЕСТВО С ОГРАНИЧЕННОЙ ОТВЕТСТВЕННОСТЬЮ ""ЭЛМАС"""
2022,5601.0,556.0,16.0,572.0,7838506239,"ОБЩЕСТВО С ОГРАНИЧЕННОЙ ОТВЕТСТВЕННОСТЬЮ ""ЭЛМАС"""
2021,106099.0,663.0,279.0,942.0,7838506239,"ОБЩЕСТВО С ОГРАНИЧЕННОЙ ОТВЕТСТВЕННОСТЬЮ ""ЭЛМАС"""
2025,688514.0,1364.0,,1364.0,0274152118,"ОБЩЕСТВО С ОГРАНИЧЕННОЙ ОТВЕТСТВЕННОСТЬЮ ""НЕФТЕГАЗСЕРВИС"""
2024,640962.0,1360.0,,1360.0,0274152118,"ОБЩЕСТВО С ОГРАНИЧЕННОЙ ОТВЕТСТВЕННОСТЬЮ ""НЕФТЕГАЗСЕРВИС"""
2023,515774.0,1177.0,,1177.0,0274152118,"ОБЩЕСТВО С ОГРАНИЧЕННОЙ ОТВЕТСТВЕННОСТЬЮ ""НЕФТЕГАЗСЕРВИС"""
2022,271163.0,1169.0,0.0,1169.0,0274152118,"ОБЩЕСТВО С ОГРАНИЧЕННОЙ ОТВЕТСТВЕННОСТЬЮ ""НЕФТЕГАЗСЕРВИС"""
2021,222424.0,1133.0,2630.0,3763.0,0274152118,"ОБЩЕСТВО С ОГРАНИЧЕННОЙ ОТВЕТСТВЕННОСТЬЮ ""НЕФТЕГАЗСЕРВИС"""
2025,109830.0,5886.0,,5886.0,1633608550,"ОБЩЕСТВО С ОГРАНИЧЕННОЙ ОТВЕТСТВЕННОСТЬЮ КОМПАНИЯ ""СТРОЙКОМ+"""
2024,102990.0,14255.0,,14255.0,1633608550,"ОБЩЕСТВО С ОГРАНИЧЕННОЙ ОТВЕТСТВЕННОСТЬЮ КОМПАНИЯ ""СТРОЙКОМ+"""
2023,56726.0,10306.0,,10306.0,1633608550,"ОБЩЕСТВО С ОГРАНИЧЕННОЙ ОТВЕТСТВЕННОСТЬЮ КОМПАНИЯ ""СТРОЙКОМ+"""
2022,41476.0,4716.0,,4716.0,1633608550,"ОБЩЕСТВО С ОГРАНИЧЕННОЙ ОТВЕТСТВЕННОСТЬЮ КОМПАНИЯ ""СТРОЙКОМ+"""
2021,35936.0,5541.0,,5541.0,1633608550,"ОБЩЕСТВО С ОГРАНИЧЕННОЙ ОТВЕТСТВЕННОСТЬЮ КОМПАНИЯ ""СТРОЙКОМ+"""
2025,9768765.0,844748.0,,844748.0,7723906368,"ОБЩЕСТВО С ОГРАНИЧЕННОЙ ОТВЕТСТВЕННОСТЬЮ ""ВИК"""
2024,6162251.0,376990.0,,376990.0,7723906368,"ОБЩЕСТВО С ОГРАНИЧЕННОЙ ОТВЕТСТВЕННОСТЬЮ ""ВИК"""
2023,2602615.0,112149.0,,112149.0,7723906368,"ОБЩЕСТВО С ОГРАНИЧЕННОЙ ОТВЕТСТВЕННОСТЬЮ ""ВИК"""
2022,1726656.0,59866.0,,59866.0,7723906368,"ОБЩЕСТВО С ОГРАНИЧЕННОЙ ОТВЕТСТВЕННОСТЬЮ ""ВИК"""
2021,1239349.0,46223.0,,46223.0,7723906368,"ОБЩЕСТВО С ОГРАНИЧЕННОЙ ОТВЕТСТВЕННОСТЬЮ ""ВИК"""
2025,19.0,-27283.0,4701.0,-22582.0,8602027491,"ОБЩЕСТВО С ОГРАНИЧЕННОЙ ОТВЕТСТВЕННОСТЬЮ ""ЗАПСИБНЕФТЕХИММОНТАЖ"""
2024,204.0,21.0,4750.0,4771.0,8602027491,"ОБЩЕСТВО С ОГРАНИЧЕННОЙ ОТВЕТСТВЕННОСТЬЮ ""ЗАПСИБНЕФТЕХИММОНТАЖ"""
2023,864.0,20.0,4985.0,5005.0,8602027491,"ОБЩЕСТВО С ОГРАНИЧЕННОЙ ОТВЕТСТВЕННОСТЬЮ ""ЗАПСИБНЕФТЕХИММОНТАЖ"""
2022,1534.0,-4210.0,7097.0,2887.0,8602027491,"ОБЩЕСТВО С ОГРАНИЧЕННОЙ ОТВЕТСТВЕННОСТЬЮ ""ЗАПСИБНЕФТЕХИММОНТАЖ"""
2021,12456.0,-5242.0,3055.0,-2187.0,8602027491,"ОБЩЕСТВО С ОГРАНИЧЕННОЙ ОТВЕТСТВЕННОСТЬЮ ""ЗАПСИБНЕФТЕХИММОНТАЖ"""
2025,466778.0,27743.0,0.0,27743.0,7722716195,"ОБЩЕСТВО С ОГРАНИЧЕННОЙ ОТВЕТСТВЕННОСТЬЮ ""МС КОНСТРАКШН"""
2024,234635.0,658.0,938.0,1596.0,7722716195,"ОБЩЕСТВО С ОГРАНИЧЕННОЙ ОТВЕТСТВЕННОСТЬЮ ""МС КОНСТРАКШН"""
2023,146499.0,-8586.0,937.0,-7649.0,7722716195,"ОБЩЕСТВО С ОГРАНИЧЕННОЙ ОТВЕТСТВЕННОСТЬЮ ""МС КОНСТРАКШН"""
2022,540891.0,42756.0,3047.0,45803.0,7722716195,"ОБЩЕСТВО С ОГРАНИЧЕННОЙ ОТВЕТСТВЕННОСТЬЮ ""МС КОНСТРАКШН"""
2021,348482.0,19064.0,3774.0,22838.0,7722716195,"ОБЩЕСТВО С ОГРАНИЧЕННОЙ ОТВЕТСТВЕННОСТЬЮ ""МС КОНСТРАКШН"""
2025,47698.0,1572.0,,1572.0,6439090548,"ОБЩЕСТВО С ОГРАНИЧЕННОЙ ОТВЕТСТВЕННОСТЬЮ ""ЕДИНСТВО БАЛАКОВО"""
2024,39483.0,-292.0,,-292.0,6439090548,"ОБЩЕСТВО С ОГРАНИЧЕННОЙ ОТВЕТСТВЕННОСТЬЮ ""ЕДИНСТВО БАЛАКОВО"""
2023,40482.0,589.0,,589.0,6439090548,"ОБЩЕСТВО С ОГРАНИЧЕННОЙ ОТВЕТСТВЕННОСТЬЮ ""ЕДИНСТВО БАЛАКОВО"""
2022,39462.0,-1734.0,,-1734.0,6439090548,"ОБЩЕСТВО С ОГРАНИЧЕННОЙ ОТВЕТСТВЕННОСТЬЮ ""ЕДИНСТВО БАЛАКОВО"""
2021,35026.0,2529.0,,2529.0,6439090548,"ОБЩЕСТВО С ОГРАНИЧЕННОЙ ОТВЕТСТВЕННОСТЬЮ ""ЕДИНСТВО БАЛАКОВО"""
2025,44805.0,13447.0,,13447.0,3329095202,"ОБЩЕСТВО С ОГРАНИЧЕННОЙ ОТВЕТСТВЕННОСТЬЮ ""СПЕЦИАЛИЗИРОВАННЫЙ ЗАСТРОЙЩИК СМУ"""
2024,140865.0,47811.0,,47811.0,3329095202,"ОБЩЕСТВО С ОГРАНИЧЕННОЙ ОТВЕТСТВЕННОСТЬЮ ""СПЕЦИАЛИЗИРОВАННЫЙ ЗАСТРОЙЩИК СМУ"""
2023,69589.0,29450.0,,29450.0,3329095202,"ОБЩЕСТВО С ОГРАНИЧЕННОЙ ОТВЕТСТВЕННОСТЬЮ ""СПЕЦИАЛИЗИРОВАННЫЙ ЗАСТРОЙЩИК СМУ"""
2022,40107.0,3501.0,,3501.0,3329095202,"ОБЩЕСТВО С ОГРАНИЧЕННОЙ ОТВЕТСТВЕННОСТЬЮ ""СПЕЦИАЛИЗИРОВАННЫЙ ЗАСТРОЙЩИК СМУ"""
2021,35975.0,1141.0,,1141.0,3329095202,"ОБЩЕСТВО С ОГРАНИЧЕННОЙ ОТВЕТСТВЕННОСТЬЮ ""СПЕЦИАЛИЗИРОВАННЫЙ ЗАСТРОЙЩИК СМУ"""
2023,117297.0,3307.0,,3307.0,0725003383,"ОБЩЕСТВО С ОГРАНИЧЕННОЙ ОТВЕТСТВЕННОСТЬЮ ""ИНТЕР"""
2022,226943.0,2258.0,,2258.0,0725003383,"ОБЩЕСТВО С ОГРАНИЧЕННОЙ ОТВЕТСТВЕННОСТЬЮ ""ИНТЕР"""
2021,116218.0,829.0,0.0,829.0,0725003383,"ОБЩЕСТВО С ОГРАНИЧЕННОЙ ОТВЕТСТВЕННОСТЬЮ ""ИНТЕР"""
2025,74316.0,-11621.0,0.0,-11621.0,5045045025,"ОБЩЕСТВО С ОГРАНИЧЕННОЙ ОТВЕТСТВЕННОСТЬЮ ""АСГ-КОНСТРАКШН"""
2024,835096.0,-148330.0,45595.0,-102735.0,5045045025,"ОБЩЕСТВО С ОГРАНИЧЕННОЙ ОТВЕТСТВЕННОСТЬЮ ""АСГ-КОНСТРАКШН"""
2023,1130651.0,-145365.0,25818.0,-119547.0,5045045025,"ОБЩЕСТВО С ОГРАНИЧЕННОЙ ОТВЕТСТВЕННОСТЬЮ ""АСГ-КОНСТРАКШН"""
2022,1541888.0,6759.0,8598.0,15357.0,5045045025,"ОБЩЕСТВО С ОГРАНИЧЕННОЙ ОТВЕТСТВЕННОСТЬЮ ""АСГ-КОНСТРАКШН"""
2021,1519215.0,12081.0,1469.0,13550.0,5045045025,"ОБЩЕСТВО С ОГРАНИЧЕННОЙ ОТВЕТСТВЕННОСТЬЮ ""АСГ-КОНСТРАКШН"""
2024,961.0,-349.0,,-349.0,2635057074,"ОБЩЕСТВО С ОГРАНИЧЕННОЙ ОТВЕТСТВЕННОСТЬЮ ""СФЕРА-СТАВРОПОЛЬ"""
2023,9359.0,967.0,,967.0,2635057074,"ОБЩЕСТВО С ОГРАНИЧЕННОЙ ОТВЕТСТВЕННОСТЬЮ ""СФЕРА-СТАВРОПОЛЬ"""
2022,49568.0,2829.0,,2829.0,2635057074,"ОБЩЕСТВО С ОГРАНИЧЕННОЙ ОТВЕТСТВЕННОСТЬЮ ""СФЕРА-СТАВРОПОЛЬ"""
2021,111607.0,2646.0,,2646.0,2635057074,"ОБЩЕСТВО С ОГРАНИЧЕННОЙ ОТВЕТСТВЕННОСТЬЮ ""СФЕРА-СТАВРОПОЛЬ"""
2025,366997.0,2645.0,36019.0,38664.0,5036123573,"ОБЩЕСТВО С ОГРАНИЧЕННОЙ ОТВЕТСТВЕННОСТЬЮ ""СТРОИТЕЛЬНО-МОНТАЖНОЕ УПРАВЛЕНИЕ №2"""
2024,705421.0,24732.0,12229.0,36961.0,5036123573,"ОБЩЕСТВО С ОГРАНИЧЕННОЙ ОТВЕТСТВЕННОСТЬЮ ""СТРОИТЕЛЬНО-МОНТАЖНОЕ УПРАВЛЕНИЕ №2"""
2023,810668.0,17341.0,8850.0,26191.0,5036123573,"ОБЩЕСТВО С ОГРАНИЧЕННОЙ ОТВЕТСТВЕННОСТЬЮ ""СТРОИТЕЛЬНО-МОНТАЖНОЕ УПРАВЛЕНИЕ №2"""
2022,462074.0,7396.0,2303.0,9699.0,5036123573,"ОБЩЕСТВО С ОГРАНИЧЕННОЙ ОТВЕТСТВЕННОСТЬЮ ""СТРОИТЕЛЬНО-МОНТАЖНОЕ УПРАВЛЕНИЕ №2"""
2021,290125.0,12944.0,0.0,12944.0,5036123573,"ОБЩЕСТВО С ОГРАНИЧЕННОЙ ОТВЕТСТВЕННОСТЬЮ ""СТРОИТЕЛЬНО-МОНТАЖНОЕ УПРАВЛЕНИЕ №2"""
2025,32008.0,-21521.0,1850.0,-19671.0,2901202253,"ОБЩЕСТВО С ОГРАНИЧЕННОЙ ОТВЕТСТВЕННОСТЬЮ ""ДОРОЖНО-МОСТОВАЯ КОМПАНИЯ"""
2024,118894.0,78903.0,892.0,79795.0,2901202253,"ОБЩЕСТВО С ОГРАНИЧЕННОЙ ОТВЕТСТВЕННОСТЬЮ ""ДОРОЖНО-МОСТОВАЯ КОМПАНИЯ"""
2023,168728.0,27188.0,384.0,27572.0,2901202253,"ОБЩЕСТВО С ОГРАНИЧЕННОЙ ОТВЕТСТВЕННОСТЬЮ ""ДОРОЖНО-МОСТОВАЯ КОМПАНИЯ"""
2022,68497.0,5752.0,713.0,6465.0,2901202253,"ОБЩЕСТВО С ОГРАНИЧЕННОЙ ОТВЕТСТВЕННОСТЬЮ ""ДОРОЖНО-МОСТОВАЯ КОМПАНИЯ"""
2021,32332.0,263.0,1618.0,1881.0,2901202253,"ОБЩЕСТВО С ОГРАНИЧЕННОЙ ОТВЕТСТВЕННОСТЬЮ ""ДОРОЖНО-МОСТОВАЯ КОМПАНИЯ"""
2025,117497.0,-12646.0,,-12646.0,6454121536,"ОБЩЕСТВО С ОГРАНИЧЕННОЙ ОТВЕТСТВЕННОСТЬЮ ""ЭНЕРГОСТРОЙ"""
2024,261417.0,34121.0,,34121.0,6454121536,"ОБЩЕСТВО С ОГРАНИЧЕННОЙ ОТВЕТСТВЕННОСТЬЮ ""ЭНЕРГОСТРОЙ"""
2023,334735.0,11086.0,,11086.0,6454121536,"ОБЩЕСТВО С ОГРАНИЧЕННОЙ ОТВЕТСТВЕННОСТЬЮ ""ЭНЕРГОСТРОЙ"""
2022,308456.0,10212.0,,10212.0,6454121536,"ОБЩЕСТВО С ОГРАНИЧЕННОЙ ОТВЕТСТВЕННОСТЬЮ ""ЭНЕРГОСТРОЙ"""
2021,294263.0,9289.0,,9289.0,6454121536,"ОБЩЕСТВО С ОГРАНИЧЕННОЙ ОТВЕТСТВЕННОСТЬЮ ""ЭНЕРГОСТРОЙ"""
2025,,-592.0,,-592.0,7202223789,"ОБЩЕСТВО С ОГРАНИЧЕННОЙ ОТВЕТСТВЕННОСТЬЮ ""СТРОЙТРЕСТ"""
2024,,-476.0,,-476.0,7202223789,"ОБЩЕСТВО С ОГРАНИЧЕННОЙ ОТВЕТСТВЕННОСТЬЮ ""СТРОЙТРЕСТ"""
2023,,-5501.0,,-5501.0,7202223789,"ОБЩЕСТВО С ОГРАНИЧЕННОЙ ОТВЕТСТВЕННОСТЬЮ ""СТРОЙТРЕСТ"""
2022,,-6030.0,,-6030.0,7202223789,"ОБЩЕСТВО С ОГРАНИЧЕННОЙ ОТВЕТСТВЕННОСТЬЮ ""СТРОЙТРЕСТ"""
2021,0.0,-5818.0,,-5818.0,7202223789,"ОБЩЕСТВО С ОГРАНИЧЕННОЙ ОТВЕТСТВЕННОСТЬЮ ""СТРОЙТРЕСТ"""
2025,,-267.0,0.0,-267.0,1831153030,"ОБЩЕСТВО С ОГРАНИЧЕННОЙ ОТВЕТСТВЕННОСТЬЮ ""ИЖЕВСКАЯ СТРОИТЕЛЬНАЯ КОМПАНИЯ"""
2024,0.0,-68594.0,,-68594.0,1831153030,"ОБЩЕСТВО С ОГРАНИЧЕННОЙ ОТВЕТСТВЕННОСТЬЮ ""ИЖЕВСКАЯ СТРОИТЕЛЬНАЯ КОМПАНИЯ"""
2023,50.0,-98765.0,0.0,-98765.0,1831153030,"ОБЩЕСТВО С ОГРАНИЧЕННОЙ ОТВЕТСТВЕННОСТЬЮ ""ИЖЕВСКАЯ СТРОИТЕЛЬНАЯ КОМПАНИЯ"""
2022,17802.0,-8712.0,1188.0,-7524.0,1831153030,"ОБЩЕСТВО С ОГРАНИЧЕННОЙ ОТВЕТСТВЕННОСТЬЮ ""ИЖЕВСКАЯ СТРОИТЕЛЬНАЯ КОМПАНИЯ"""
2021,200309.0,-25186.0,459.0,-24727.0,1831153030,"ОБЩЕСТВО С ОГРАНИЧЕННОЙ ОТВЕТСТВЕННОСТЬЮ ""ИЖЕВСКАЯ СТРОИТЕЛЬНАЯ КОМПАНИЯ"""
2025,205134.0,793.0,23676.0,24469.0,7725684618,"ОБЩЕСТВО С ОГРАНИЧЕННОЙ ОТВЕТСТВЕННОСТЬЮ ""СК НОВОСПАССКИЙ МОСТ"""
2024,440083.0,30471.0,8909.0,39380.0,7725684618,"ОБЩЕСТВО С ОГРАНИЧЕННОЙ ОТВЕТСТВЕННОСТЬЮ ""СК НОВОСПАССКИЙ МОСТ"""
2023,216830.0,13123.0,26.0,13149.0,7725684618,"ОБЩЕСТВО С ОГРАНИЧЕННОЙ ОТВЕТСТВЕННОСТЬЮ ""СК НОВОСПАССКИЙ МОСТ"""
2022,384867.0,92973.0,,92973.0,7725684618,"ОБЩЕСТВО С ОГРАНИЧЕННОЙ ОТВЕТСТВЕННОСТЬЮ ""СК НОВОСПАССКИЙ МОСТ"""
2021,199549.0,72676.0,,72676.0,7725684618,"ОБЩЕСТВО С ОГРАНИЧЕННОЙ ОТВЕТСТВЕННОСТЬЮ ""СК НОВОСПАССКИЙ МОСТ"""
2025,6208.0,49528.0,0.0,49528.0,5040120896,"ОБЩЕСТВО С ОГРАНИЧЕННОЙ ОТВЕТСТВЕННОСТЬЮ ""МОИС СТРОЙ"""
2024,9950.0,51250.0,,51250.0,5040120896,"ОБЩЕСТВО С ОГРАНИЧЕННОЙ ОТВЕТСТВЕННОСТЬЮ ""МОИС СТРОЙ"""
2023,14666.0,8918.0,,8918.0,5040120896,"ОБЩЕСТВО С ОГРАНИЧЕННОЙ ОТВЕТСТВЕННОСТЬЮ ""МОИС СТРОЙ"""
2022,10680.0,-3214.0,,-3214.0,5040120896,"ОБЩЕСТВО С ОГРАНИЧЕННОЙ ОТВЕТСТВЕННОСТЬЮ ""МОИС СТРОЙ"""
2021,9759.0,164034.0,,164034.0,5040120896,"ОБЩЕСТВО С ОГРАНИЧЕННОЙ ОТВЕТСТВЕННОСТЬЮ ""МОИС СТРОЙ"""
2024,1138225.0,24.0,,24.0,9705115938,"ОБЩЕСТВО С ОГРАНИЧЕННОЙ ОТВЕТСТВЕННОСТЬЮ ""ОЛИМП"""
2023,187614.0,8.0,,8.0,9705115938,"ОБЩЕСТВО С ОГРАНИЧЕННОЙ ОТВЕТСТВЕННОСТЬЮ ""ОЛИМП"""
2022,1867187.0,30.0,,30.0,9705115938,"ОБЩЕСТВО С ОГРАНИЧЕННОЙ ОТВЕТСТВЕННОСТЬЮ ""ОЛИМП"""
2021,1488969.0,49.0,,49.0,9705115938,"ОБЩЕСТВО С ОГРАНИЧЕННОЙ ОТВЕТСТВЕННОСТЬЮ ""ОЛИМП"""
2025,673.0,-410.0,413.0,3.0,3804033717,"ОБЩЕСТВО С ОГРАНИЧЕННОЙ ОТВЕТСТВЕННОСТЬЮ ""ТЕХНОЭНЕРГОМОНТАЖ"""
2024,16185.0,16.0,555.0,571.0,3804033717,"ОБЩЕСТВО С ОГРАНИЧЕННОЙ ОТВЕТСТВЕННОСТЬЮ ""ТЕХНОЭНЕРГОМОНТАЖ"""
2023,26442.0,-544.0,653.0,109.0,3804033717,"ОБЩЕСТВО С ОГРАНИЧЕННОЙ ОТВЕТСТВЕННОСТЬЮ ""ТЕХНОЭНЕРГОМОНТАЖ"""
2022,44824.0,68.0,857.0,925.0,3804033717,"ОБЩЕСТВО С ОГРАНИЧЕННОЙ ОТВЕТСТВЕННОСТЬЮ ""ТЕХНОЭНЕРГОМОНТАЖ"""
2021,65449.0,120.0,1167.0,1287.0,3804033717,"ОБЩЕСТВО С ОГРАНИЧЕННОЙ ОТВЕТСТВЕННОСТЬЮ ""ТЕХНОЭНЕРГОМОНТАЖ"""
2025,214247.0,15630.0,,15630.0,1327014162,"ОБЩЕСТВО С ОГРАНИЧЕННОЙ ОТВЕТСТВЕННОСТЬЮ ""СТРОЙМОНТАЖ"""
2024,222711.0,7630.0,,7630.0,1327014162,"ОБЩЕСТВО С ОГРАНИЧЕННОЙ ОТВЕТСТВЕННОСТЬЮ ""СТРОЙМОНТАЖ"""
2023,210905.0,9230.0,,9230.0,1327014162,"ОБЩЕСТВО С ОГРАНИЧЕННОЙ ОТВЕТСТВЕННОСТЬЮ ""СТРОЙМОНТАЖ"""
2022,186174.0,5672.0,,5672.0,1327014162,"ОБЩЕСТВО С ОГРАНИЧЕННОЙ ОТВЕТСТВЕННОСТЬЮ ""СТРОЙМОНТАЖ"""
2021,144259.0,5448.0,,5448.0,1327014162,"ОБЩЕСТВО С ОГРАНИЧЕННОЙ ОТВЕТСТВЕННОСТЬЮ ""СТРОЙМОНТАЖ"""
2025,22732.0,-4179.0,,-4179.0,2312164343,"ОБЩЕСТВО С ОГРАНИЧЕННОЙ ОТВЕТСТВЕННОСТЬЮ ""КРАСНОДАРСТРОЙГРУПП"""
2024,56638.0,-1334.0,0.0,-1334.0,2312164343,"ОБЩЕСТВО С ОГРАНИЧЕННОЙ ОТВЕТСТВЕННОСТЬЮ ""КРАСНОДАРСТРОЙГРУПП"""
2023,17848.0,-14360.0,25087.0,10727.0,2312164343,"ОБЩЕСТВО С ОГРАНИЧЕННОЙ ОТВЕТСТВЕННОСТЬЮ ""КРАСНОДАРСТРОЙГРУПП"""
2022,16613.0,-34639.0,20272.0,-14367.0,2312164343,"ОБЩЕСТВО С ОГРАНИЧЕННОЙ ОТВЕТСТВЕННОСТЬЮ ""КРАСНОДАРСТРОЙГРУПП"""
2021,8695.0,-14587.0,,-14587.0,2312164343,"ОБЩЕСТВО С ОГРАНИЧЕННОЙ ОТВЕТСТВЕННОСТЬЮ ""КРАСНОДАРСТРОЙГРУПП"""
2025,56283.0,561108.0,7067.0,568175.0,7813294991,"ОБЩЕСТВО С ОГРАНИЧЕННОЙ ОТВЕТСТВЕННОСТЬЮ ""ЕВРОИНВЕСТ ДЕВЕЛОПМЕНТ"""
2024,55186.0,3417768.0,1048.0,3418816.0,7813294991,"ОБЩЕСТВО С ОГРАНИЧЕННОЙ ОТВЕТСТВЕННОСТЬЮ ""ЕВРОИНВЕСТ ДЕВЕЛОПМЕНТ"""
2023,50645.0,5210.0,11720.0,16930.0,7813294991,"ОБЩЕСТВО С ОГРАНИЧЕННОЙ ОТВЕТСТВЕННОСТЬЮ ""ЕВРОИНВЕСТ ДЕВЕЛОПМЕНТ"""
2022,602996.0,262589.0,,262589.0,7813294991,"ОБЩЕСТВО С ОГРАНИЧЕННОЙ ОТВЕТСТВЕННОСТЬЮ ""ЕВРОИНВЕСТ ДЕВЕЛОПМЕНТ"""
2021,583242.0,195386.0,,195386.0,7813294991,"ОБЩЕСТВО С ОГРАНИЧЕННОЙ ОТВЕТСТВЕННОСТЬЮ ""ЕВРОИНВЕСТ ДЕВЕЛОПМЕНТ"""
2025,727339.0,6441.0,266.0,6707.0,6671426616,"ОБЩЕСТВО С ОГРАНИЧЕННОЙ ОТВЕТСТВЕННОСТЬЮ ""ЦЕНТР ПО СТРОИТЕЛЬСТВУ И КОМПЛЕКТАЦИИ ЗДАНИЙ"""
2024,632425.0,5032.0,280.0,5312.0,6671426616,"ОБЩЕСТВО С ОГРАНИЧЕННОЙ ОТВЕТСТВЕННОСТЬЮ ""ЦЕНТР ПО СТРОИТЕЛЬСТВУ И КОМПЛЕКТАЦИИ ЗДАНИЙ"""
2023,515307.0,3975.0,403.0,4378.0,6671426616,"ОБЩЕСТВО С ОГРАНИЧЕННОЙ ОТВЕТСТВЕННОСТЬЮ ""ЦЕНТР ПО СТРОИТЕЛЬСТВУ И КОМПЛЕКТАЦИИ ЗДАНИЙ"""
2022,372466.0,2887.0,293.0,3180.0,6671426616,"ОБЩЕСТВО С ОГРАНИЧЕННОЙ ОТВЕТСТВЕННОСТЬЮ ""ЦЕНТР ПО СТРОИТЕЛЬСТВУ И КОМПЛЕКТАЦИИ ЗДАНИЙ"""
2021,260611.0,1004.0,138.0,1142.0,6671426616,"ОБЩЕСТВО С ОГРАНИЧЕННОЙ ОТВЕТСТВЕННОСТЬЮ ""ЦЕНТР ПО СТРОИТЕЛЬСТВУ И КОМПЛЕКТАЦИИ ЗДАНИЙ"""
2025,222790.0,151.0,,151.0,5407976130,"ОБЩЕСТВО С ОГРАНИЧЕННОЙ ОТВЕТСТВЕННОСТЬЮ ""МОНОЛИТТЕХСЕРВИС"""
2024,170504.0,1126.0,0.0,1126.0,5407976130,"ОБЩЕСТВО С ОГРАНИЧЕННОЙ ОТВЕТСТВЕННОСТЬЮ ""МОНОЛИТТЕХСЕРВИС"""
2023,146902.0,1001.0,1752.0,2753.0,5407976130,"ОБЩЕСТВО С ОГРАНИЧЕННОЙ ОТВЕТСТВЕННОСТЬЮ ""МОНОЛИТТЕХСЕРВИС"""
2022,239404.0,71229.0,815.0,72044.0,5407976130,"ОБЩЕСТВО С ОГРАНИЧЕННОЙ ОТВЕТСТВЕННОСТЬЮ ""МОНОЛИТТЕХСЕРВИС"""
2021,140668.0,1097.0,,1097.0,5407976130,"ОБЩЕСТВО С ОГРАНИЧЕННОЙ ОТВЕТСТВЕННОСТЬЮ ""МОНОЛИТТЕХСЕРВИС"""
2022,931997.0,6095.0,,6095.0,7708626895,"АКЦИОНЕРНОЕ ОБЩЕСТВО ""СНС-ТЕХНОЛОДЖИ"""
2021,112493.0,41157.0,0.0,41157.0,7708626895,"АКЦИОНЕРНОЕ ОБЩЕСТВО ""СНС-ТЕХНОЛОДЖИ"""
2022,109043.0,507.0,,507.0,7814578361,"ОБЩЕСТВО С ОГРАНИЧЕННОЙ ОТВЕТСТВЕННОСТЬЮ ""РЕФОРМА"""
2021,81442.0,687.0,0.0,687.0,7814578361,"ОБЩЕСТВО С ОГРАНИЧЕННОЙ ОТВЕТСТВЕННОСТЬЮ ""РЕФОРМА"""
2025,0.0,-6037.0,0.0,-6037.0,7205017833,"ОБЩЕСТВО С ОГРАНИЧЕННОЙ ОТВЕТСТВЕННОСТЬЮ СТРОИТЕЛЬНАЯ КОМПАНИЯ ""МОСТДОРСТРОЙ"""
2024,290673.0,-217267.0,266.0,-217001.0,7205017833,"ОБЩЕСТВО С ОГРАНИЧЕННОЙ ОТВЕТСТВЕННОСТЬЮ СТРОИТЕЛЬНАЯ КОМПАНИЯ ""МОСТДОРСТРОЙ"""
2023,458628.0,3947.0,4458.0,8405.0,7205017833,"ОБЩЕСТВО С ОГРАНИЧЕННОЙ ОТВЕТСТВЕННОСТЬЮ СТРОИТЕЛЬНАЯ КОМПАНИЯ ""МОСТДОРСТРОЙ"""
2022,921168.0,911.0,,911.0,7205017833,"ОБЩЕСТВО С ОГРАНИЧЕННОЙ ОТВЕТСТВЕННОСТЬЮ СТРОИТЕЛЬНАЯ КОМПАНИЯ ""МОСТДОРСТРОЙ"""
2021,980862.0,-894.0,,-894.0,7205017833,"ОБЩЕСТВО С ОГРАНИЧЕННОЙ ОТВЕТСТВЕННОСТЬЮ СТРОИТЕЛЬНАЯ КОМПАНИЯ ""МОСТДОРСТРОЙ"""
2025,20410.0,1391.0,,1391.0,7734353669,"ОБЩЕСТВО С ОГРАНИЧЕННОЙ ОТВЕТСТВЕННОСТЬЮ ""АМАЛТО"""
2024,12102.0,1620.0,,1620.0,7734353669,"ОБЩЕСТВО С ОГРАНИЧЕННОЙ ОТВЕТСТВЕННОСТЬЮ ""АМАЛТО"""
2023,0.0,-1287.0,,-1287.0,7734353669,"ОБЩЕСТВО С ОГРАНИЧЕННОЙ ОТВЕТСТВЕННОСТЬЮ ""АМАЛТО"""
2022,1094.0,-2632.0,,-2632.0,7734353669,"ОБЩЕСТВО С ОГРАНИЧЕННОЙ ОТВЕТСТВЕННОСТЬЮ ""АМАЛТО"""
2021,207500.0,-10533.0,,-10533.0,7734353669,"ОБЩЕСТВО С ОГРАНИЧЕННОЙ ОТВЕТСТВЕННОСТЬЮ ""АМАЛТО"""
2025,454052.0,6837.0,26857.0,33694.0,7813474909,"ОБЩЕСТВО С ОГРАНИЧЕННОЙ ОТВЕТСТВЕННОСТЬЮ ""ДВК-ДОРСТРОЙ"""
2024,2449036.0,36049.0,30102.0,66151.0,7813474909,"ОБЩЕСТВО С ОГРАНИЧЕННОЙ ОТВЕТСТВЕННОСТЬЮ ""ДВК-ДОРСТРОЙ"""
2023,1734759.0,31820.0,22570.0,54390.0,7813474909,"ОБЩЕСТВО С ОГРАНИЧЕННОЙ ОТВЕТСТВЕННОСТЬЮ ""ДВК-ДОРСТРОЙ"""
2022,927046.0,20264.0,33418.0,53682.0,7813474909,"ОБЩЕСТВО С ОГРАНИЧЕННОЙ ОТВЕТСТВЕННОСТЬЮ ""ДВК-ДОРСТРОЙ"""
2021,1079548.0,31169.0,22992.0,54161.0,7813474909,"ОБЩЕСТВО С ОГРАНИЧЕННОЙ ОТВЕТСТВЕННОСТЬЮ ""ДВК-ДОРСТРОЙ"""
2025,59426.0,15345.0,0.0,15345.0,1513054701,"ОБЩЕСТВО С ОГРАНИЧЕННОЙ ОТВЕТСТВЕННОСТЬЮ ""ИНВЕСТИЦИОННО-СТРОИТЕЛЬНАЯ КОМПАНИЯ ""МОЙ ДОМ"""
2024,123023.0,19325.0,,19325.0,1513054701,"ОБЩЕСТВО С ОГРАНИЧЕННОЙ ОТВЕТСТВЕННОСТЬЮ ""ИНВЕСТИЦИОННО-СТРОИТЕЛЬНАЯ КОМПАНИЯ ""МОЙ ДОМ"""
2023,180971.0,34145.0,,34145.0,1513054701,"ОБЩЕСТВО С ОГРАНИЧЕННОЙ ОТВЕТСТВЕННОСТЬЮ ""ИНВЕСТИЦИОННО-СТРОИТЕЛЬНАЯ КОМПАНИЯ ""МОЙ ДОМ"""
2022,0.0,-2265.0,,-2265.0,1513054701,"ОБЩЕСТВО С ОГРАНИЧЕННОЙ ОТВЕТСТВЕННОСТЬЮ ""ИНВЕСТИЦИОННО-СТРОИТЕЛЬНАЯ КОМПАНИЯ ""МОЙ ДОМ"""
2021,70829.0,26098.0,,26098.0,1513054701,"ОБЩЕСТВО С ОГРАНИЧЕННОЙ ОТВЕТСТВЕННОСТЬЮ ""ИНВЕСТИЦИОННО-СТРОИТЕЛЬНАЯ КОМПАНИЯ ""МОЙ ДОМ"""
2025,15624.0,42.0,,42.0,5011017260,"ОБЩЕСТВО С ОГРАНИЧЕННОЙ ОТВЕТСТВЕННОСТЬЮ ""СТРОИТЕЛЬ"""
2024,25261.0,123.0,,123.0,5011017260,"ОБЩЕСТВО С ОГРАНИЧЕННОЙ ОТВЕТСТВЕННОСТЬЮ ""СТРОИТЕЛЬ"""
2023,29666.0,2320.0,,2320.0,5011017260,"ОБЩЕСТВО С ОГРАНИЧЕННОЙ ОТВЕТСТВЕННОСТЬЮ ""СТРОИТЕЛЬ"""
2022,44709.0,-2201.0,,-2201.0,5011017260,"ОБЩЕСТВО С ОГРАНИЧЕННОЙ ОТВЕТСТВЕННОСТЬЮ ""СТРОИТЕЛЬ"""
2021,54402.0,72.0,,72.0,5011017260,"ОБЩЕСТВО С ОГРАНИЧЕННОЙ ОТВЕТСТВЕННОСТЬЮ ""СТРОИТЕЛЬ"""
2025,27593.0,-257.0,,-257.0,6714011707,"ЗАКРЫТОЕ АКЦИОНЕРНОЕ ОБЩЕСТВО ""СМОЛИНЖСТРОЙ"""
2024,33867.0,387.0,,387.0,6714011707,"ЗАКРЫТОЕ АКЦИОНЕРНОЕ ОБЩЕСТВО ""СМОЛИНЖСТРОЙ"""
2023,31309.0,1697.0,,1697.0,6714011707,"ЗАКРЫТОЕ АКЦИОНЕРНОЕ ОБЩЕСТВО ""СМОЛИНЖСТРОЙ"""
2022,37289.0,-3344.0,,-3344.0,6714011707,"ЗАКРЫТОЕ АКЦИОНЕРНОЕ ОБЩЕСТВО ""СМОЛИНЖСТРОЙ"""
2021,58859.0,-14565.0,,-14565.0,6714011707,"ЗАКРЫТОЕ АКЦИОНЕРНОЕ ОБЩЕСТВО ""СМОЛИНЖСТРОЙ"""
2025,268061.0,5707.0,,5707.0,5024121317,"ОБЩЕСТВО С ОГРАНИЧЕННОЙ ОТВЕТСТВЕННОСТЬЮ ""ГЕНЭНЕРГОСТРОЙ"""
2024,302003.0,6406.0,,6406.0,5024121317,"ОБЩЕСТВО С ОГРАНИЧЕННОЙ ОТВЕТСТВЕННОСТЬЮ ""ГЕНЭНЕРГОСТРОЙ"""
2023,291993.0,4515.0,,4515.0,5024121317,"ОБЩЕСТВО С ОГРАНИЧЕННОЙ ОТВЕТСТВЕННОСТЬЮ ""ГЕНЭНЕРГОСТРОЙ"""
2022,279411.0,-6142.0,,-6142.0,5024121317,"ОБЩЕСТВО С ОГРАНИЧЕННОЙ ОТВЕТСТВЕННОСТЬЮ ""ГЕНЭНЕРГОСТРОЙ"""
2021,125022.0,3066.0,,3066.0,5024121317,"ОБЩЕСТВО С ОГРАНИЧЕННОЙ ОТВЕТСТВЕННОСТЬЮ ""ГЕНЭНЕРГОСТРОЙ"""
2025,35753.0,16112.0,,16112.0,3812080453,"ОБЩЕСТВО С ОГРАНИЧЕННОЙ ОТВЕТСТВЕННОСТЬЮ  ""ВЫСОТРЕМСЕРВИС"""
2024,77224.0,42373.0,,42373.0,3812080453,"ОБЩЕСТВО С ОГРАНИЧЕННОЙ ОТВЕТСТВЕННОСТЬЮ  ""ВЫСОТРЕМСЕРВИС"""
2023,37927.0,8063.0,,8063.0,3812080453,"ОБЩЕСТВО С ОГРАНИЧЕННОЙ ОТВЕТСТВЕННОСТЬЮ  ""ВЫСОТРЕМСЕРВИС"""
2022,43683.0,1903.0,,1903.0,3812080453,"ОБЩЕСТВО С ОГРАНИЧЕННОЙ ОТВЕТСТВЕННОСТЬЮ  ""ВЫСОТРЕМСЕРВИС"""
2021,26686.0,4415.0,,4415.0,3812080453,"ОБЩЕСТВО С ОГРАНИЧЕННОЙ ОТВЕТСТВЕННОСТЬЮ  ""ВЫСОТРЕМСЕРВИС"""
2025,62462.0,541.0,0.0,541.0,1657056812,"ОБЩЕСТВО С ОГРАНИЧЕННОЙ ОТВЕТСТВЕННОСТЬЮ ""СК КОРУНД"""
2024,49255.0,-482.0,139.0,-343.0,1657056812,"ОБЩЕСТВО С ОГРАНИЧЕННОЙ ОТВЕТСТВЕННОСТЬЮ ""СК КОРУНД"""
2023,21800.0,262.0,26.0,288.0,1657056812,"ОБЩЕСТВО С ОГРАНИЧЕННОЙ ОТВЕТСТВЕННОСТЬЮ ""СК КОРУНД"""
2022,28797.0,70.0,,70.0,1657056812,"ОБЩЕСТВО С ОГРАНИЧЕННОЙ ОТВЕТСТВЕННОСТЬЮ ""СК КОРУНД"""
2021,62570.0,105.0,0.0,105.0,1657056812,"ОБЩЕСТВО С ОГРАНИЧЕННОЙ ОТВЕТСТВЕННОСТЬЮ ""СК КОРУНД"""
2025,1136670.0,86151.0,0.0,86151.0,5406989257,"ОБЩЕСТВО С ОГРАНИЧЕННОЙ ОТВЕТСТВЕННОСТЬЮ ""РАЙДЕКС"""
2024,1262823.0,83729.0,,83729.0,5406989257,"ОБЩЕСТВО С ОГРАНИЧЕННОЙ ОТВЕТСТВЕННОСТЬЮ ""РАЙДЕКС"""
2023,1721288.0,108630.0,,108630.0,5406989257,"ОБЩЕСТВО С ОГРАНИЧЕННОЙ ОТВЕТСТВЕННОСТЬЮ ""РАЙДЕКС"""
2022,613385.0,28337.0,,28337.0,5406989257,"ОБЩЕСТВО С ОГРАНИЧЕННОЙ ОТВЕТСТВЕННОСТЬЮ ""РАЙДЕКС"""
2021,219062.0,15677.0,,15677.0,5406989257,"ОБЩЕСТВО С ОГРАНИЧЕННОЙ ОТВЕТСТВЕННОСТЬЮ ""РАЙДЕКС"""
2023,101986.0,-30217.0,12385.0,-17832.0,3808052326,"ОБЩЕСТВО С ОГРАНИЧЕННОЙ ОТВЕТСТВЕННОСТЬЮ ""БАЙКАЛРЕГИОНСТРОЙ"""
2022,255482.0,1549.0,339.0,1888.0,3808052326,"ОБЩЕСТВО С ОГРАНИЧЕННОЙ ОТВЕТСТВЕННОСТЬЮ ""БАЙКАЛРЕГИОНСТРОЙ"""
2021,18382.0,-4006.0,339.0,-3667.0,3808052326,"ОБЩЕСТВО С ОГРАНИЧЕННОЙ ОТВЕТСТВЕННОСТЬЮ ""БАЙКАЛРЕГИОНСТРОЙ"""
2025,217763.0,26009.0,0.0,26009.0,6658353750,"ОБЩЕСТВО С ОГРАНИЧЕННОЙ ОТВЕТСТВЕННОСТЬЮ ""СМП-210"""
2024,102252.0,6156.0,,6156.0,6658353750,"ОБЩЕСТВО С ОГРАНИЧЕННОЙ ОТВЕТСТВЕННОСТЬЮ ""СМП-210"""
2023,108941.0,7511.0,,7511.0,6658353750,"ОБЩЕСТВО С ОГРАНИЧЕННОЙ ОТВЕТСТВЕННОСТЬЮ ""СМП-210"""
2022,75215.0,5665.0,,5665.0,6658353750,"ОБЩЕСТВО С ОГРАНИЧЕННОЙ ОТВЕТСТВЕННОСТЬЮ ""СМП-210"""
2021,94778.0,4797.0,,4797.0,6658353750,"ОБЩЕСТВО С ОГРАНИЧЕННОЙ ОТВЕТСТВЕННОСТЬЮ ""СМП-210"""
2025,462671.0,17279.0,0.0,17279.0,9702029409,"ОБЩЕСТВО С ОГРАНИЧЕННОЙ ОТВЕТСТВЕННОСТЬЮ ""ГАРАНТ"""
2024,462671.0,17279.0,,17279.0,9702029409,"ОБЩЕСТВО С ОГРАНИЧЕННОЙ ОТВЕТСТВЕННОСТЬЮ ""ГАРАНТ"""
2023,8878.0,3153.0,,3153.0,9702029409,"ОБЩЕСТВО С ОГРАНИЧЕННОЙ ОТВЕТСТВЕННОСТЬЮ ""ГАРАНТ"""
2022,26223.0,509.0,,509.0,9702029409,"ОБЩЕСТВО С ОГРАНИЧЕННОЙ ОТВЕТСТВЕННОСТЬЮ ""ГАРАНТ"""
2021,38164.0,656.0,,656.0,9702029409,"ОБЩЕСТВО С ОГРАНИЧЕННОЙ ОТВЕТСТВЕННОСТЬЮ ""ГАРАНТ"""
2025,1364160.0,10738.0,953.0,11691.0,3528184270,"ОБЩЕСТВО С ОГРАНИЧЕННОЙ ОТВЕТСТВЕННОСТЬЮ ""МК-СЕРВИС"""
2024,445235.0,69909.0,1294.0,71203.0,3528184270,"ОБЩЕСТВО С ОГРАНИЧЕННОЙ ОТВЕТСТВЕННОСТЬЮ ""МК-СЕРВИС"""
2023,238450.0,4693.0,,4693.0,3528184270,"ОБЩЕСТВО С ОГРАНИЧЕННОЙ ОТВЕТСТВЕННОСТЬЮ ""МК-СЕРВИС"""
2022,586861.0,11435.0,,11435.0,3528184270,"ОБЩЕСТВО С ОГРАНИЧЕННОЙ ОТВЕТСТВЕННОСТЬЮ ""МК-СЕРВИС"""
2021,399040.0,31695.0,,31695.0,3528184270,"ОБЩЕСТВО С ОГРАНИЧЕННОЙ ОТВЕТСТВЕННОСТЬЮ ""МК-СЕРВИС"""
2025,28835.0,-11072.0,,-11072.0,1513044220,"ОБЩЕСТВО С ОГРАНИЧЕННОЙ ОТВЕТСТВЕННОСТЬЮ ""РОСТТРАНССИГНАЛ"""
2024,103860.0,8602.0,,8602.0,1513044220,"ОБЩЕСТВО С ОГРАНИЧЕННОЙ ОТВЕТСТВЕННОСТЬЮ ""РОСТТРАНССИГНАЛ"""
2023,60084.0,-34871.0,,-34871.0,1513044220,"ОБЩЕСТВО С ОГРАНИЧЕННОЙ ОТВЕТСТВЕННОСТЬЮ ""РОСТТРАНССИГНАЛ"""
2022,226005.0,15765.0,,15765.0,1513044220,"ОБЩЕСТВО С ОГРАНИЧЕННОЙ ОТВЕТСТВЕННОСТЬЮ ""РОСТТРАНССИГНАЛ"""
2021,39260.0,-10344.0,,-10344.0,1513044220,"ОБЩЕСТВО С ОГРАНИЧЕННОЙ ОТВЕТСТВЕННОСТЬЮ ""РОСТТРАНССИГНАЛ"""
2025,253786.0,36155.0,,36155.0,3808192080,"ОБЩЕСТВО С ОГРАНИЧЕННОЙ ОТВЕТСТВЕННОСТЬЮ ""ИРКТЕХ"""
2024,169460.0,49523.0,,49523.0,3808192080,"ОБЩЕСТВО С ОГРАНИЧЕННОЙ ОТВЕТСТВЕННОСТЬЮ ""ИРКТЕХ"""
2023,101878.0,4864.0,,4864.0,3808192080,"ОБЩЕСТВО С ОГРАНИЧЕННОЙ ОТВЕТСТВЕННОСТЬЮ ""ИРКТЕХ"""
2022,196449.0,35918.0,,35918.0,3808192080,"ОБЩЕСТВО С ОГРАНИЧЕННОЙ ОТВЕТСТВЕННОСТЬЮ ""ИРКТЕХ"""
2021,91120.0,8064.0,,8064.0,3808192080,"ОБЩЕСТВО С ОГРАНИЧЕННОЙ ОТВЕТСТВЕННОСТЬЮ ""ИРКТЕХ"""
2025,309043.0,2340.0,0.0,2340.0,6215013900,"ОБЩЕСТВО С ОГРАНИЧЕННОЙ ОТВЕТСТВЕННОСТЬЮ ""СТРОИТЕЛЬНЫЕ ТЕХНОЛОГИИ"""
2024,228154.0,2792.0,,2792.0,6215013900,"ОБЩЕСТВО С ОГРАНИЧЕННОЙ ОТВЕТСТВЕННОСТЬЮ ""СТРОИТЕЛЬНЫЕ ТЕХНОЛОГИИ"""
2023,241561.0,40271.0,,40271.0,6215013900,"ОБЩЕСТВО С ОГРАНИЧЕННОЙ ОТВЕТСТВЕННОСТЬЮ ""СТРОИТЕЛЬНЫЕ ТЕХНОЛОГИИ"""
2022,188319.0,3445.0,,3445.0,6215013900,"ОБЩЕСТВО С ОГРАНИЧЕННОЙ ОТВЕТСТВЕННОСТЬЮ ""СТРОИТЕЛЬНЫЕ ТЕХНОЛОГИИ"""
2021,160855.0,1807.0,,1807.0,6215013900,"ОБЩЕСТВО С ОГРАНИЧЕННОЙ ОТВЕТСТВЕННОСТЬЮ ""СТРОИТЕЛЬНЫЕ ТЕХНОЛОГИИ"""
2025,,,,,9721082310,"ОБЩЕСТВО С ОГРАНИЧЕННОЙ ОТВЕТСТВЕННОСТЬЮ ТД ""СТРОЙМИКС"""
2024,2199.0,3.0,,3.0,9721082310,"ОБЩЕСТВО С ОГРАНИЧЕННОЙ ОТВЕТСТВЕННОСТЬЮ ТД ""СТРОЙМИКС"""
2023,151743.0,-2185.0,,-2185.0,9721082310,"ОБЩЕСТВО С ОГРАНИЧЕННОЙ ОТВЕТСТВЕННОСТЬЮ ТД ""СТРОЙМИКС"""
2022,139182.0,1245.0,,1245.0,9721082310,"ОБЩЕСТВО С ОГРАНИЧЕННОЙ ОТВЕТСТВЕННОСТЬЮ ТД ""СТРОЙМИКС"""
2021,161223.0,2148.0,,2148.0,9721082310,"ОБЩЕСТВО С ОГРАНИЧЕННОЙ ОТВЕТСТВЕННОСТЬЮ ТД ""СТРОЙМИКС"""
2025,207.0,-290181.0,0.0,-290181.0,7714956556,"ОБЩЕСТВО С ОГРАНИЧЕННОЙ ОТВЕТСТВЕННОСТЬЮ ""ОРИОН"""
2024,138064.0,-72545.0,,-72545.0,7714956556,"ОБЩЕСТВО С ОГРАНИЧЕННОЙ ОТВЕТСТВЕННОСТЬЮ ""ОРИОН"""
2023,467069.0,-118770.0,,-118770.0,7714956556,"ОБЩЕСТВО С ОГРАНИЧЕННОЙ ОТВЕТСТВЕННОСТЬЮ ""ОРИОН"""
2022,645999.0,-167974.0,,-167974.0,7714956556,"ОБЩЕСТВО С ОГРАНИЧЕННОЙ ОТВЕТСТВЕННОСТЬЮ ""ОРИОН"""
2021,7800060.0,5740162.0,0.0,5740162.0,7714956556,"ОБЩЕСТВО С ОГРАНИЧЕННОЙ ОТВЕТСТВЕННОСТЬЮ ""ОРИОН"""
2025,340802.0,19924.0,929.0,20853.0,9718082670,"ОБЩЕСТВО С ОГРАНИЧЕННОЙ ОТВЕТСТВЕННОСТЬЮ ""НОВОПРОМ"""
2024,291463.0,23327.0,394.0,23721.0,9718082670,"ОБЩЕСТВО С ОГРАНИЧЕННОЙ ОТВЕТСТВЕННОСТЬЮ ""НОВОПРОМ"""
2023,226992.0,17342.0,79.0,17421.0,9718082670,"ОБЩЕСТВО С ОГРАНИЧЕННОЙ ОТВЕТСТВЕННОСТЬЮ ""НОВОПРОМ"""
2022,320444.0,33296.0,,33296.0,9718082670,"ОБЩЕСТВО С ОГРАНИЧЕННОЙ ОТВЕТСТВЕННОСТЬЮ ""НОВОПРОМ"""
2021,148844.0,2887.0,,2887.0,9718082670,"ОБЩЕСТВО С ОГРАНИЧЕННОЙ ОТВЕТСТВЕННОСТЬЮ ""НОВОПРОМ"""
2025,6449.0,122.0,0.0,122.0,2801197232,"ОБЩЕСТВО С ОГРАНИЧЕННОЙ ОТВЕТСТВЕННОСТЬЮ ""ХОТЕЙ-СТРОЙИНВЕСТ"""
2024,4225.0,89.0,0.0,89.0,2801197232,"ОБЩЕСТВО С ОГРАНИЧЕННОЙ ОТВЕТСТВЕННОСТЬЮ ""ХОТЕЙ-СТРОЙИНВЕСТ"""
2023,3949.0,238.0,0.0,238.0,2801197232,"ОБЩЕСТВО С ОГРАНИЧЕННОЙ ОТВЕТСТВЕННОСТЬЮ ""ХОТЕЙ-СТРОЙИНВЕСТ"""
2022,158959.0,16329.0,7034.0,23363.0,2801197232,"ОБЩЕСТВО С ОГРАНИЧЕННОЙ ОТВЕТСТВЕННОСТЬЮ ""ХОТЕЙ-СТРОЙИНВЕСТ"""
2021,164021.0,8952.0,35342.0,44294.0,2801197232,"ОБЩЕСТВО С ОГРАНИЧЕННОЙ ОТВЕТСТВЕННОСТЬЮ ""ХОТЕЙ-СТРОЙИНВЕСТ"""
2025,0.0,-4477.0,0.0,-4477.0,7715972180,"ОБЩЕСТВО С ОГРАНИЧЕННОЙ ОТВЕТСТВЕННОСТЬЮ ""НПК МОНОЛИТ"""
2024,49542.0,-589.0,,-589.0,7715972180,"ОБЩЕСТВО С ОГРАНИЧЕННОЙ ОТВЕТСТВЕННОСТЬЮ ""НПК МОНОЛИТ"""
2023,204498.0,1470.0,,1470.0,7715972180,"ОБЩЕСТВО С ОГРАНИЧЕННОЙ ОТВЕТСТВЕННОСТЬЮ ""НПК МОНОЛИТ"""
2022,193879.0,74.0,,74.0,7715972180,"ОБЩЕСТВО С ОГРАНИЧЕННОЙ ОТВЕТСТВЕННОСТЬЮ ""НПК МОНОЛИТ"""
2021,65089.0,163.0,,163.0,7715972180,"ОБЩЕСТВО С ОГРАНИЧЕННОЙ ОТВЕТСТВЕННОСТЬЮ ""НПК МОНОЛИТ"""
2025,58184.0,4136.0,23095.0,27231.0,6674200102,"ОБЩЕСТВО С ОГРАНИЧЕННОЙ ОТВЕТСТВЕННОСТЬЮ ""ЛЮМАКС"""
2024,52646.0,-14184.0,30905.0,16721.0,6674200102,"ОБЩЕСТВО С ОГРАНИЧЕННОЙ ОТВЕТСТВЕННОСТЬЮ ""ЛЮМАКС"""
2023,50751.0,-14302.0,20798.0,6496.0,6674200102,"ОБЩЕСТВО С ОГРАНИЧЕННОЙ ОТВЕТСТВЕННОСТЬЮ ""ЛЮМАКС"""
2022,73486.0,-40846.0,21614.0,-19232.0,6674200102,"ОБЩЕСТВО С ОГРАНИЧЕННОЙ ОТВЕТСТВЕННОСТЬЮ ""ЛЮМАКС"""
2021,102083.0,343.0,23485.0,23828.0,6674200102,"ОБЩЕСТВО С ОГРАНИЧЕННОЙ ОТВЕТСТВЕННОСТЬЮ ""ЛЮМАКС"""
2025,63587.0,3914.0,475.0,4389.0,7453260698,"ОБЩЕСТВО С ОГРАНИЧЕННОЙ ОТВЕТСТВЕННОСТЬЮ ПСК ""РЕГИОНПРОЕКТ"""
2024,190150.0,7025.0,487.0,7512.0,7453260698,"ОБЩЕСТВО С ОГРАНИЧЕННОЙ ОТВЕТСТВЕННОСТЬЮ ПСК ""РЕГИОНПРОЕКТ"""
2023,140493.0,4943.0,338.0,5281.0,7453260698,"ОБЩЕСТВО С ОГРАНИЧЕННОЙ ОТВЕТСТВЕННОСТЬЮ ПСК ""РЕГИОНПРОЕКТ"""
2022,226190.0,14044.0,2.0,14046.0,7453260698,"ОБЩЕСТВО С ОГРАНИЧЕННОЙ ОТВЕТСТВЕННОСТЬЮ ПСК ""РЕГИОНПРОЕКТ"""
2021,70425.0,7023.0,3.0,7026.0,7453260698,"ОБЩЕСТВО С ОГРАНИЧЕННОЙ ОТВЕТСТВЕННОСТЬЮ ПСК ""РЕГИОНПРОЕКТ"""
2025,5664.0,4324.0,,4324.0,4823017575,"ОБЩЕСТВО С ОГРАНИЧЕННОЙ ОТВЕТСТВЕННОСТЬЮ "" СУ - 1 "" ТРЕСТ ЦЕНТРМЕТАЛЛУРГРЕМОНТ """
2024,5664.0,-1982.0,,-1982.0,4823017575,"ОБЩЕСТВО С ОГРАНИЧЕННОЙ ОТВЕТСТВЕННОСТЬЮ "" СУ - 1 "" ТРЕСТ ЦЕНТРМЕТАЛЛУРГРЕМОНТ """
2023,6504.0,-16235.0,,-16235.0,4823017575,"ОБЩЕСТВО С ОГРАНИЧЕННОЙ ОТВЕТСТВЕННОСТЬЮ "" СУ - 1 "" ТРЕСТ ЦЕНТРМЕТАЛЛУРГРЕМОНТ """
2022,6504.0,-12275.0,,-12275.0,4823017575,"ОБЩЕСТВО С ОГРАНИЧЕННОЙ ОТВЕТСТВЕННОСТЬЮ "" СУ - 1 "" ТРЕСТ ЦЕНТРМЕТАЛЛУРГРЕМОНТ """
2021,17784.0,10599.0,,10599.0,4823017575,"ОБЩЕСТВО С ОГРАНИЧЕННОЙ ОТВЕТСТВЕННОСТЬЮ "" СУ - 1 "" ТРЕСТ ЦЕНТРМЕТАЛЛУРГРЕМОНТ """
2023,,87669.0,,87669.0,7842141848,"ОБЩЕСТВО С ОГРАНИЧЕННОЙ ОТВЕТСТВЕННОСТЬЮ ""СТРОЙПРОМИНВЕСТ"""
2022,,-170919.0,,-170919.0,7842141848,"ОБЩЕСТВО С ОГРАНИЧЕННОЙ ОТВЕТСТВЕННОСТЬЮ ""СТРОЙПРОМИНВЕСТ"""
2021,,21671.0,,21671.0,7842141848,"ОБЩЕСТВО С ОГРАНИЧЕННОЙ ОТВЕТСТВЕННОСТЬЮ ""СТРОЙПРОМИНВЕСТ"""
2025,2634676.0,12739.0,7499.0,20238.0,6671077940,"ОБЩЕСТВО С ОГРАНИЧЕННОЙ ОТВЕТСТВЕННОСТЬЮ ""ЕКАТЕРИНБУРГСКАЯ СТРОИТЕЛЬНАЯ КОМПАНИЯ"""
2024,869154.0,13771.0,,13771.0,6671077940,"ОБЩЕСТВО С ОГРАНИЧЕННОЙ ОТВЕТСТВЕННОСТЬЮ ""ЕКАТЕРИНБУРГСКАЯ СТРОИТЕЛЬНАЯ КОМПАНИЯ"""
2023,788818.0,4884.0,,4884.0,6671077940,"ОБЩЕСТВО С ОГРАНИЧЕННОЙ ОТВЕТСТВЕННОСТЬЮ ""ЕКАТЕРИНБУРГСКАЯ СТРОИТЕЛЬНАЯ КОМПАНИЯ"""
2022,456835.0,3681.0,0.0,3681.0,6671077940,"ОБЩЕСТВО С ОГРАНИЧЕННОЙ ОТВЕТСТВЕННОСТЬЮ ""ЕКАТЕРИНБУРГСКАЯ СТРОИТЕЛЬНАЯ КОМПАНИЯ"""
2021,338713.0,4933.0,0.0,4933.0,6671077940,"ОБЩЕСТВО С ОГРАНИЧЕННОЙ ОТВЕТСТВЕННОСТЬЮ ""ЕКАТЕРИНБУРГСКАЯ СТРОИТЕЛЬНАЯ КОМПАНИЯ"""
2025,31000.0,-756.0,0.0,-756.0,5507228690,"ОБЩЕСТВО С ОГРАНИЧЕННОЙ ОТВЕТСТВЕННОСТЬЮ ""СИБТРЕЙДКОМПЛЕКТ"""
2024,26615.0,3413.0,0.0,3413.0,5507228690,"ОБЩЕСТВО С ОГРАНИЧЕННОЙ ОТВЕТСТВЕННОСТЬЮ ""СИБТРЕЙДКОМПЛЕКТ"""
2023,26006.0,2693.0,0.0,2693.0,5507228690,"ОБЩЕСТВО С ОГРАНИЧЕННОЙ ОТВЕТСТВЕННОСТЬЮ ""СИБТРЕЙДКОМПЛЕКТ"""
2022,33475.0,-2251.0,8.0,-2243.0,5507228690,"ОБЩЕСТВО С ОГРАНИЧЕННОЙ ОТВЕТСТВЕННОСТЬЮ ""СИБТРЕЙДКОМПЛЕКТ"""
2021,32858.0,1410.0,,1410.0,5507228690,"ОБЩЕСТВО С ОГРАНИЧЕННОЙ ОТВЕТСТВЕННОСТЬЮ ""СИБТРЕЙДКОМПЛЕКТ"""
2025,1359181.0,1019.0,5615.0,6634.0,9718001751,"ОБЩЕСТВО С ОГРАНИЧЕННОЙ ОТВЕТСТВЕННОСТЬЮ ""ДИАКОН"""
2024,1324424.0,11911.0,3029.0,14940.0,9718001751,"ОБЩЕСТВО С ОГРАНИЧЕННОЙ ОТВЕТСТВЕННОСТЬЮ ""ДИАКОН"""
2023,428905.0,8960.0,1091.0,10051.0,9718001751,"ОБЩЕСТВО С ОГРАНИЧЕННОЙ ОТВЕТСТВЕННОСТЬЮ ""ДИАКОН"""
2022,177188.0,5428.0,44.0,5472.0,9718001751,"ОБЩЕСТВО С ОГРАНИЧЕННОЙ ОТВЕТСТВЕННОСТЬЮ ""ДИАКОН"""
2021,138278.0,2954.0,47.0,3001.0,9718001751,"ОБЩЕСТВО С ОГРАНИЧЕННОЙ ОТВЕТСТВЕННОСТЬЮ ""ДИАКОН"""
2025,13946.0,75.0,0.0,75.0,6230086490,"ОБЩЕСТВО С ОГРАНИЧЕННОЙ ОТВЕТСТВЕННОСТЬЮ ""СПЕЦСТРОЙМОНТАЖ"""
2024,16030.0,454.0,,454.0,6230086490,"ОБЩЕСТВО С ОГРАНИЧЕННОЙ ОТВЕТСТВЕННОСТЬЮ ""СПЕЦСТРОЙМОНТАЖ"""
2023,21212.0,560.0,,560.0,6230086490,"ОБЩЕСТВО С ОГРАНИЧЕННОЙ ОТВЕТСТВЕННОСТЬЮ ""СПЕЦСТРОЙМОНТАЖ"""
2022,60565.0,531.0,,531.0,6230086490,"ОБЩЕСТВО С ОГРАНИЧЕННОЙ ОТВЕТСТВЕННОСТЬЮ ""СПЕЦСТРОЙМОНТАЖ"""
2021,15377.0,362.0,,362.0,6230086490,"ОБЩЕСТВО С ОГРАНИЧЕННОЙ ОТВЕТСТВЕННОСТЬЮ ""СПЕЦСТРОЙМОНТАЖ"""
2025,106631.0,873.0,0.0,873.0,6671090130,"ОБЩЕСТВО С ОГРАНИЧЕННОЙ ОТВЕТСТВЕННОСТЬЮ ""АСГСПЕЦСТРОЙ"""
2024,216864.0,4481.0,78.0,4559.0,6671090130,"ОБЩЕСТВО С ОГРАНИЧЕННОЙ ОТВЕТСТВЕННОСТЬЮ ""АСГСПЕЦСТРОЙ"""
2023,181027.0,9668.0,,9668.0,6671090130,"ОБЩЕСТВО С ОГРАНИЧЕННОЙ ОТВЕТСТВЕННОСТЬЮ ""АСГСПЕЦСТРОЙ"""
2022,127289.0,-797.0,,-797.0,6671090130,"ОБЩЕСТВО С ОГРАНИЧЕННОЙ ОТВЕТСТВЕННОСТЬЮ ""АСГСПЕЦСТРОЙ"""
2021,99088.0,6283.0,,6283.0,6671090130,"ОБЩЕСТВО С ОГРАНИЧЕННОЙ ОТВЕТСТВЕННОСТЬЮ ""АСГСПЕЦСТРОЙ"""
2025,53462.0,4277.0,,4277.0,2314016132,"ОБЩЕСТВО С ОГРАНИЧЕННОЙ ОТВЕТСТВЕННОСТЬЮ ""СИМ-СТРОЙ"""
2024,58806.0,3582.0,0.0,3582.0,2314016132,"ОБЩЕСТВО С ОГРАНИЧЕННОЙ ОТВЕТСТВЕННОСТЬЮ ""СИМ-СТРОЙ"""
2023,25451.0,145.0,192.0,337.0,2314016132,"ОБЩЕСТВО С ОГРАНИЧЕННОЙ ОТВЕТСТВЕННОСТЬЮ ""СИМ-СТРОЙ"""
2022,91820.0,11524.0,486.0,12010.0,2314016132,"ОБЩЕСТВО С ОГРАНИЧЕННОЙ ОТВЕТСТВЕННОСТЬЮ ""СИМ-СТРОЙ"""
2021,28325.0,106.0,187.0,293.0,2314016132,"ОБЩЕСТВО С ОГРАНИЧЕННОЙ ОТВЕТСТВЕННОСТЬЮ ""СИМ-СТРОЙ"""
2025,238821.0,4366.0,841.0,5207.0,5260367031,"ОБЩЕСТВО С ОГРАНИЧЕННОЙ ОТВЕТСТВЕННОСТЬЮ ""ФРИЗ-СК"""
2024,90127.0,3328.0,861.0,4189.0,5260367031,"ОБЩЕСТВО С ОГРАНИЧЕННОЙ ОТВЕТСТВЕННОСТЬЮ ""ФРИЗ-СК"""
2023,68415.0,2497.0,639.0,3136.0,5260367031,"ОБЩЕСТВО С ОГРАНИЧЕННОЙ ОТВЕТСТВЕННОСТЬЮ ""ФРИЗ-СК"""
2022,56835.0,1630.0,935.0,2565.0,5260367031,"ОБЩЕСТВО С ОГРАНИЧЕННОЙ ОТВЕТСТВЕННОСТЬЮ ""ФРИЗ-СК"""
2021,49248.0,1065.0,249.0,1314.0,5260367031,"ОБЩЕСТВО С ОГРАНИЧЕННОЙ ОТВЕТСТВЕННОСТЬЮ ""ФРИЗ-СК"""
2025,19822.0,-3042.0,,-3042.0,6901027577,"ОБЩЕСТВО С ОГРАНИЧЕННОЙ ОТВЕТСТВЕННОСТЬЮ ""НОВИНТЭК"""
2024,31781.0,280.0,,280.0,6901027577,"ОБЩЕСТВО С ОГРАНИЧЕННОЙ ОТВЕТСТВЕННОСТЬЮ ""НОВИНТЭК"""
2023,50451.0,107.0,,107.0,6901027577,"ОБЩЕСТВО С ОГРАНИЧЕННОЙ ОТВЕТСТВЕННОСТЬЮ ""НОВИНТЭК"""
2022,38685.0,-121.0,,-121.0,6901027577,"ОБЩЕСТВО С ОГРАНИЧЕННОЙ ОТВЕТСТВЕННОСТЬЮ ""НОВИНТЭК"""
2021,27042.0,-1521.0,,-1521.0,6901027577,"ОБЩЕСТВО С ОГРАНИЧЕННОЙ ОТВЕТСТВЕННОСТЬЮ ""НОВИНТЭК"""
2025,,7509.0,,7509.0,7726723637,"ОБЩЕСТВО С ОГРАНИЧЕННОЙ ОТВЕТСТВЕННОСТЬЮ ""ВЕКТОР-Ф"""
2024,,,,,7726723637,"ОБЩЕСТВО С ОГРАНИЧЕННОЙ ОТВЕТСТВЕННОСТЬЮ ""ВЕКТОР-Ф"""
2022,347894.0,-196078.0,,-196078.0,7726723637,"ОБЩЕСТВО С ОГРАНИЧЕННОЙ ОТВЕТСТВЕННОСТЬЮ ""ВЕКТОР-Ф"""
2021,1297192.0,3753.0,,3753.0,7726723637,"ОБЩЕСТВО С ОГРАНИЧЕННОЙ ОТВЕТСТВЕННОСТЬЮ ""ВЕКТОР-Ф"""
2025,28610.0,-6401.0,,-6401.0,3123090930,"ОБЩЕСТВО С ОГРАНИЧЕННОЙ ОТВЕТСТВЕННОСТЬЮ ""ТЕКТОНИКА"""
2024,47337.0,-5441.0,,-5441.0,3123090930,"ОБЩЕСТВО С ОГРАНИЧЕННОЙ ОТВЕТСТВЕННОСТЬЮ ""ТЕКТОНИКА"""
2023,75930.0,4132.0,,4132.0,3123090930,"ОБЩЕСТВО С ОГРАНИЧЕННОЙ ОТВЕТСТВЕННОСТЬЮ ""ТЕКТОНИКА"""
2022,25518.0,58.0,0.0,58.0,3123090930,"ОБЩЕСТВО С ОГРАНИЧЕННОЙ ОТВЕТСТВЕННОСТЬЮ ""ТЕКТОНИКА"""
2021,37264.0,433.0,,433.0,3123090930,"ОБЩЕСТВО С ОГРАНИЧЕННОЙ ОТВЕТСТВЕННОСТЬЮ ""ТЕКТОНИКА"""
2025,13237.0,-69650.0,,-69650.0,3234026289,"ОБЩЕСТВО С ОГРАНИЧЕННОЙ ОТВЕТСТВЕННОСТЬЮ ""ТВОРЕЦ"""
2024,11406.0,14290.0,,14290.0,3234026289,"ОБЩЕСТВО С ОГРАНИЧЕННОЙ ОТВЕТСТВЕННОСТЬЮ ""ТВОРЕЦ"""
2023,9395.0,8915.0,,8915.0,3234026289,"ОБЩЕСТВО С ОГРАНИЧЕННОЙ ОТВЕТСТВЕННОСТЬЮ ""ТВОРЕЦ"""
2022,9769.0,12873.0,,12873.0,3234026289,"ОБЩЕСТВО С ОГРАНИЧЕННОЙ ОТВЕТСТВЕННОСТЬЮ ""ТВОРЕЦ"""
2021,9537.0,42378.0,,42378.0,3234026289,"ОБЩЕСТВО С ОГРАНИЧЕННОЙ ОТВЕТСТВЕННОСТЬЮ ""ТВОРЕЦ"""
2024,0.0,-27285.0,6600.0,-20685.0,6163099660,"ОБЩЕСТВО С ОГРАНИЧЕННОЙ ОТВЕТСТВЕННОСТЬЮ "" ДОНСКАЯ СТРОИТЕЛЬНАЯ КОМПАНИЯ"""
2023,13735.0,-20526.0,5660.0,-14866.0,6163099660,"ОБЩЕСТВО С ОГРАНИЧЕННОЙ ОТВЕТСТВЕННОСТЬЮ "" ДОНСКАЯ СТРОИТЕЛЬНАЯ КОМПАНИЯ"""
2022,653305.0,-143206.0,36242.0,-106964.0,6163099660,"ОБЩЕСТВО С ОГРАНИЧЕННОЙ ОТВЕТСТВЕННОСТЬЮ "" ДОНСКАЯ СТРОИТЕЛЬНАЯ КОМПАНИЯ"""
2021,923314.0,3849.0,35811.0,39660.0,6163099660,"ОБЩЕСТВО С ОГРАНИЧЕННОЙ ОТВЕТСТВЕННОСТЬЮ "" ДОНСКАЯ СТРОИТЕЛЬНАЯ КОМПАНИЯ"""
2022,9782.0,1682.0,-148.0,1534.0,7452074410,"ОБЩЕСТВО С ОГРАНИЧЕННОЙ ОТВЕТСТВЕННОСТЬЮ ""ПРОИЗВОДСТВЕННО-КОММЕРЧЕСКАЯ ФИРМА ""АСТРА"""
2021,13337.0,142.0,35.0,177.0,7452074410,"ОБЩЕСТВО С ОГРАНИЧЕННОЙ ОТВЕТСТВЕННОСТЬЮ ""ПРОИЗВОДСТВЕННО-КОММЕРЧЕСКАЯ ФИРМА ""АСТРА"""
2025,37939.0,-15030.0,0.0,-15030.0,1655417140,"ОБЩЕСТВО С ОГРАНИЧЕННОЙ ОТВЕТСТВЕННОСТЬЮ ""БОГАТЫРЬ"""
2024,115633.0,903.0,641.0,1544.0,1655417140,"ОБЩЕСТВО С ОГРАНИЧЕННОЙ ОТВЕТСТВЕННОСТЬЮ ""БОГАТЫРЬ"""
2023,64017.0,498.0,902.0,1400.0,1655417140,"ОБЩЕСТВО С ОГРАНИЧЕННОЙ ОТВЕТСТВЕННОСТЬЮ ""БОГАТЫРЬ"""
2022,50750.0,345.0,296.0,641.0,1655417140,"ОБЩЕСТВО С ОГРАНИЧЕННОЙ ОТВЕТСТВЕННОСТЬЮ ""БОГАТЫРЬ"""
2021,38093.0,5615.0,,5615.0,1655417140,"ОБЩЕСТВО С ОГРАНИЧЕННОЙ ОТВЕТСТВЕННОСТЬЮ ""БОГАТЫРЬ"""
2025,1326505.0,212596.0,16114.0,228710.0,7720698889,"ОБЩЕСТВО С ОГРАНИЧЕННОЙ ОТВЕТСТВЕННОСТЬЮ ""ЭНЕРГОЭФФЕКТИВНАЯ КОМПАНИЯ ОБЪЕДИНЕННЫХ ТЕПЛОВЫХ ЭНЕРГЕТИЧЕСКИХ СИСТЕМ"""
2024,1021052.0,20342.0,,20342.0,7720698889,"ОБЩЕСТВО С ОГРАНИЧЕННОЙ ОТВЕТСТВЕННОСТЬЮ ""ЭНЕРГОЭФФЕКТИВНАЯ КОМПАНИЯ ОБЪЕДИНЕННЫХ ТЕПЛОВЫХ ЭНЕРГЕТИЧЕСКИХ СИСТЕМ"""
2023,1050918.0,101052.0,,101052.0,7720698889,"ОБЩЕСТВО С ОГРАНИЧЕННОЙ ОТВЕТСТВЕННОСТЬЮ ""ЭНЕРГОЭФФЕКТИВНАЯ КОМПАНИЯ ОБЪЕДИНЕННЫХ ТЕПЛОВЫХ ЭНЕРГЕТИЧЕСКИХ СИСТЕМ"""
2022,589282.0,125936.0,,125936.0,7720698889,"ОБЩЕСТВО С ОГРАНИЧЕННОЙ ОТВЕТСТВЕННОСТЬЮ ""ЭНЕРГОЭФФЕКТИВНАЯ КОМПАНИЯ ОБЪЕДИНЕННЫХ ТЕПЛОВЫХ ЭНЕРГЕТИЧЕСКИХ СИСТЕМ"""
2021,209037.0,19904.0,,19904.0,7720698889,"ОБЩЕСТВО С ОГРАНИЧЕННОЙ ОТВЕТСТВЕННОСТЬЮ ""ЭНЕРГОЭФФЕКТИВНАЯ КОМПАНИЯ ОБЪЕДИНЕННЫХ ТЕПЛОВЫХ ЭНЕРГЕТИЧЕСКИХ СИСТЕМ"""
2025,297441.0,19560.0,,19560.0,7813574910,"ОБЩЕСТВО С ОГРАНИЧЕННОЙ ОТВЕТСТВЕННОСТЬЮ ""АЛЮР-РЕКОНСТРУКЦИЯ"""
2024,161925.0,3653.0,,3653.0,7813574910,"ОБЩЕСТВО С ОГРАНИЧЕННОЙ ОТВЕТСТВЕННОСТЬЮ ""АЛЮР-РЕКОНСТРУКЦИЯ"""
2023,117437.0,-5423.0,,-5423.0,7813574910,"ОБЩЕСТВО С ОГРАНИЧЕННОЙ ОТВЕТСТВЕННОСТЬЮ ""АЛЮР-РЕКОНСТРУКЦИЯ"""
2022,441473.0,7878.0,,7878.0,7813574910,"ОБЩЕСТВО С ОГРАНИЧЕННОЙ ОТВЕТСТВЕННОСТЬЮ ""АЛЮР-РЕКОНСТРУКЦИЯ"""
2021,300058.0,8240.0,,8240.0,7813574910,"ОБЩЕСТВО С ОГРАНИЧЕННОЙ ОТВЕТСТВЕННОСТЬЮ ""АЛЮР-РЕКОНСТРУКЦИЯ"""
2024,389227.0,-1911.0,,-1911.0,5211759861,"ОБЩЕСТВО С ОГРАНИЧЕННОЙ ОТВЕТСТВЕННОСТЬЮ ""МОРИОН-СТРОЙ"""
2023,779264.0,3051.0,,3051.0,5211759861,"ОБЩЕСТВО С ОГРАНИЧЕННОЙ ОТВЕТСТВЕННОСТЬЮ ""МОРИОН-СТРОЙ"""
2022,311547.0,1093.0,,1093.0,5211759861,"ОБЩЕСТВО С ОГРАНИЧЕННОЙ ОТВЕТСТВЕННОСТЬЮ ""МОРИОН-СТРОЙ"""
2021,9981.0,-4467.0,,-4467.0,5211759861,"ОБЩЕСТВО С ОГРАНИЧЕННОЙ ОТВЕТСТВЕННОСТЬЮ ""МОРИОН-СТРОЙ"""
2025,44113.0,2063.0,260.0,2323.0,3906265570,"ОБЩЕСТВО С ОГРАНИЧЕННОЙ ОТВЕТСТВЕННОСТЬЮ ""СТРОИТЕЛЬНО-МОНТАЖНОЕ УПРАВЛЕНИЕ-9"""
2024,15499.0,-5423.0,193.0,-5230.0,3906265570,"ОБЩЕСТВО С ОГРАНИЧЕННОЙ ОТВЕТСТВЕННОСТЬЮ ""СТРОИТЕЛЬНО-МОНТАЖНОЕ УПРАВЛЕНИЕ-9"""
2023,61075.0,372.0,1.0,373.0,3906265570,"ОБЩЕСТВО С ОГРАНИЧЕННОЙ ОТВЕТСТВЕННОСТЬЮ ""СТРОИТЕЛЬНО-МОНТАЖНОЕ УПРАВЛЕНИЕ-9"""
2022,59878.0,1677.0,,1677.0,3906265570,"ОБЩЕСТВО С ОГРАНИЧЕННОЙ ОТВЕТСТВЕННОСТЬЮ ""СТРОИТЕЛЬНО-МОНТАЖНОЕ УПРАВЛЕНИЕ-9"""
2021,49500.0,-1025.0,,-1025.0,3906265570,"ОБЩЕСТВО С ОГРАНИЧЕННОЙ ОТВЕТСТВЕННОСТЬЮ ""СТРОИТЕЛЬНО-МОНТАЖНОЕ УПРАВЛЕНИЕ-9"""
2022,7666.0,-30617.0,0.0,-30617.0,7719885852,"ОБЩЕСТВО С ОГРАНИЧЕННОЙ ОТВЕТСТВЕННОСТЬЮ ""ТСК ГРУПП"""
2021,96923.0,-1655.0,9.0,-1646.0,7719885852,"ОБЩЕСТВО С ОГРАНИЧЕННОЙ ОТВЕТСТВЕННОСТЬЮ ""ТСК ГРУПП"""
2025,180615.0,-37117.0,15063.0,-22054.0,2308230642,"ОБЩЕСТВО С ОГРАНИЧЕННОЙ ОТВЕТСТВЕННОСТЬЮ ""ГИС-АГРО"""
2024,559063.0,7111.0,19355.0,26466.0,2308230642,"ОБЩЕСТВО С ОГРАНИЧЕННОЙ ОТВЕТСТВЕННОСТЬЮ ""ГИС-АГРО"""
2023,1157704.0,47415.0,18740.0,66155.0,2308230642,"ОБЩЕСТВО С ОГРАНИЧЕННОЙ ОТВЕТСТВЕННОСТЬЮ ""ГИС-АГРО"""
2022,1354877.0,17939.0,18313.0,36252.0,2308230642,"ОБЩЕСТВО С ОГРАНИЧЕННОЙ ОТВЕТСТВЕННОСТЬЮ ""ГИС-АГРО"""
2021,2877138.0,24785.0,6357.0,31142.0,2308230642,"ОБЩЕСТВО С ОГРАНИЧЕННОЙ ОТВЕТСТВЕННОСТЬЮ ""ГИС-АГРО"""
2022,240108.0,-12400.0,,-12400.0,7811479098,"ОБЩЕСТВО С ОГРАНИЧЕННОЙ ОТВЕТСТВЕННОСТЬЮ ""ЛЕГИОН"""
2021,637262.0,-366.0,,-366.0,7811479098,"ОБЩЕСТВО С ОГРАНИЧЕННОЙ ОТВЕТСТВЕННОСТЬЮ ""ЛЕГИОН"""
2025,158853.0,33873.0,,33873.0,7731448753,"ОБЩЕСТВО С ОГРАНИЧЕННОЙ ОТВЕТСТВЕННОСТЬЮ ""ДИ-СИ-ЭМ СОЛЮШНС"""
2024,171255.0,24057.0,,24057.0,7731448753,"ОБЩЕСТВО С ОГРАНИЧЕННОЙ ОТВЕТСТВЕННОСТЬЮ ""ДИ-СИ-ЭМ СОЛЮШНС"""
2023,25874.0,2118.0,,2118.0,7731448753,"ОБЩЕСТВО С ОГРАНИЧЕННОЙ ОТВЕТСТВЕННОСТЬЮ ""ДИ-СИ-ЭМ СОЛЮШНС"""
2022,113645.0,2965.0,,2965.0,7731448753,"ОБЩЕСТВО С ОГРАНИЧЕННОЙ ОТВЕТСТВЕННОСТЬЮ ""ДИ-СИ-ЭМ СОЛЮШНС"""
2021,169900.0,1517.0,,1517.0,7731448753,"ОБЩЕСТВО С ОГРАНИЧЕННОЙ ОТВЕТСТВЕННОСТЬЮ ""ДИ-СИ-ЭМ СОЛЮШНС"""
2025,,-29.0,,-29.0,1435360650,"ОБЩЕСТВО С ОГРАНИЧЕННОЙ ОТВЕТСТВЕННОСТЬЮ ""ЖИЛСТРОЙ"""
2024,0.0,-334.0,,-334.0,1435360650,"ОБЩЕСТВО С ОГРАНИЧЕННОЙ ОТВЕТСТВЕННОСТЬЮ ""ЖИЛСТРОЙ"""
2023,90330.0,9311.0,,9311.0,1435360650,"ОБЩЕСТВО С ОГРАНИЧЕННОЙ ОТВЕТСТВЕННОСТЬЮ ""ЖИЛСТРОЙ"""
2022,250897.0,33840.0,,33840.0,1435360650,"ОБЩЕСТВО С ОГРАНИЧЕННОЙ ОТВЕТСТВЕННОСТЬЮ ""ЖИЛСТРОЙ"""
2021,56011.0,890.0,,890.0,1435360650,"ОБЩЕСТВО С ОГРАНИЧЕННОЙ ОТВЕТСТВЕННОСТЬЮ ""ЖИЛСТРОЙ"""
